x_m,y_m
16.440737,-4.065980
16.440681,-4.066104
16.440565,-4.066142
16.440411,-4.066060
16.440376,-4.065995
16.440626,-4.065949
16.440556,-4.065975
16.440304,-4.065947
16.440619,-4.065979
16.440453,-4.066031
16.440445,-4.065915
16.440498,-4.065850
16.440536,-4.066025
16.440594,-4.066102
16.440407,-4.065994
16.440472,-4.065984
16.440611,-4.066032
16.440531,-4.066042
16.440599,-4.065871
16.440662,-4.065786
16.440569,-4.065958
16.440540,-4.065938
16.440607,-4.065816
16.440552,-4.065899
16.440502,-4.065898
16.440334,-4.065939
16.440243,-4.065691
16.440203,-4.065825
16.439999,-4.065894
16.439930,-4.065619
16.439861,-4.065605
16.439692,-4.065948
16.439802,-4.066013
16.439913,-4.065903
16.439455,-4.068045
16.439013,-4.072735
16.438524,-4.076277
16.437933,-4.087336
16.437214,-4.095178
16.436575,-4.101502
16.436144,-4.108893
16.435663,-4.115913
16.435268,-4.123069
16.434750,-4.129945
16.434296,-4.135881
16.433983,-4.145482
16.433649,-4.153069
16.433374,-4.159042
16.433260,-4.166216
16.433035,-4.173561
16.432833,-4.180727
16.432817,-4.189643
16.432795,-4.193849
16.432608,-4.204048
16.432743,-4.211255
16.432819,-4.216947
16.432909,-4.224278
16.433025,-4.231778
16.433119,-4.238724
16.433479,-4.247304
16.433626,-4.251860
16.434214,-4.261165
16.434486,-4.268413
16.434822,-4.274115
16.435108,-4.281303
16.435476,-4.288926
16.435896,-4.296255
16.436399,-4.303160
16.436626,-4.308202
16.437000,-4.313184
16.437023,-4.314928
16.436909,-4.314820
16.437136,-4.313846
16.436939,-4.313963
16.437002,-4.314102
16.437225,-4.314415
16.437124,-4.314724
16.437017,-4.314357
16.437014,-4.314499
16.437256,-4.314566
16.437136,-4.314841
16.436979,-4.314972
16.437044,-4.314861
16.437115,-4.314654
16.437088,-4.314812
16.436779,-4.314683
16.436790,-4.314822
16.436838,-4.315012
16.436640,-4.315047
16.436571,-4.315098
16.436657,-4.315128
16.436546,-4.315136
16.436441,-4.315289
16.436440,-4.315513
16.436390,-4.315265
16.436594,-4.315240
16.436474,-4.315440
16.436535,-4.315481
16.436562,-4.315456
16.436190,-4.315374
16.436178,-4.315372
16.436213,-4.315681
16.436319,-4.315452
16.436275,-4.315415
16.436216,-4.315637
16.436184,-4.315505
16.436287,-4.315601
16.436007,-4.315347
16.435940,-4.315441
16.436008,-4.315558
16.435946,-4.315309
16.435814,-4.315562
16.435722,-4.315539
16.436108,-4.315733
16.435942,-4.315515
16.436087,-4.315540
16.435846,-4.315572
16.436388,-4.315603
16.438292,-4.316059
16.441692,-4.317046
16.447277,-4.318681
16.454367,-4.320297
16.462133,-4.322137
16.469017,-4.323820
16.478230,-4.325886
16.485323,-4.327541
16.491728,-4.328986
16.498320,-4.330361
16.505213,-4.331890
16.512344,-4.333489
16.519619,-4.335070
16.528294,-4.336783
16.535379,-4.338270
16.540573,-4.339318
16.543669,-4.339931
16.544853,-4.339938
16.544926,-4.340489
16.544701,-4.339993
16.546257,-4.339652
16.550335,-4.340646
16.555990,-4.340671
16.565176,-4.341490
16.573132,-4.341891
16.580814,-4.342314
16.588428,-4.342675
16.594517,-4.342970
16.601761,-4.343426
16.611776,-4.343575
16.618336,-4.343885
16.625364,-4.344110
16.633543,-4.344203
16.639534,-4.344353
16.646963,-4.344491
16.654068,-4.344647
16.661842,-4.344737
16.669094,-4.344721
16.675428,-4.344713
16.685730,-4.344664
16.692450,-4.344535
16.698076,-4.344488
16.705702,-4.344184
16.712788,-4.343897
16.720127,-4.343726
16.729361,-4.343221
16.733786,-4.342989
16.744322,-4.342542
16.751511,-4.342081
16.756699,-4.341826
16.764320,-4.341325
16.771765,-4.340681
16.779133,-4.340283
16.788023,-4.339474
16.792042,-4.339139
16.802156,-4.338357
16.809753,-4.337496
16.815351,-4.337021
16.822861,-4.336092
16.830271,-4.335429
16.837551,-4.334681
16.844902,-4.333760
16.850988,-4.333111
16.861176,-4.331645
16.868567,-4.330829
16.874474,-4.330088
16.881712,-4.328942
16.889008,-4.327918
16.895571,-4.326946
16.904545,-4.325552
16.911720,-4.324382
16.919319,-4.323190
16.926105,-4.321930
16.932186,-4.321032
16.939342,-4.319610
16.946768,-4.318177
16.954166,-4.316833
16.961103,-4.315392
16.966770,-4.314117
16.977295,-4.312032
16.984140,-4.310434
16.990185,-4.309190
16.996931,-4.307478
17.004461,-4.305762
17.011898,-4.304078
17.018354,-4.302319
17.024143,-4.301018
17.034103,-4.298431
17.040756,-4.296766
17.046852,-4.295039
17.053978,-4.293308
17.061316,-4.291227
17.067194,-4.289416
17.074728,-4.287478
17.083458,-4.284789
17.090219,-4.282823
17.097279,-4.280774
17.103268,-4.278923
17.110096,-4.276820
17.117172,-4.274626
17.123816,-4.272472
17.130966,-4.270120
17.136869,-4.268161
17.146315,-4.265076
17.152767,-4.262683
17.158829,-4.260749
17.166065,-4.258334
17.173023,-4.255679
17.179705,-4.253309
17.187868,-4.250318
17.191570,-4.248818
17.201744,-4.245141
17.208141,-4.242552
17.213821,-4.240290
17.220200,-4.237844
17.227545,-4.234869
17.234207,-4.232282
17.242033,-4.228935
17.248852,-4.226123
17.255556,-4.223128
17.261810,-4.220610
17.267828,-4.217773
17.274839,-4.214676
17.281557,-4.211580
17.287811,-4.208758
17.293600,-4.206144
17.299568,-4.203218
17.309381,-4.198932
17.315449,-4.195909
17.321144,-4.192968
17.327435,-4.190130
17.334238,-4.186618
17.341133,-4.183299
17.347281,-4.180129
17.353298,-4.177011
17.362642,-4.172482
17.369411,-4.168939
17.374107,-4.166215
17.381052,-4.162681
17.387503,-4.158958
17.393778,-4.155647
17.400106,-4.152086
17.405045,-4.149176
17.413879,-4.144322
17.420420,-4.140558
17.425312,-4.137539
17.431629,-4.133955
17.437851,-4.129969
17.444189,-4.126297
17.450380,-4.122571
17.455511,-4.119468
17.464142,-4.114029
17.470348,-4.110073
17.475094,-4.106995
17.481474,-4.102926
17.487982,-4.098712
17.493776,-4.094941
17.500105,-4.090897
17.505138,-4.087396
17.513546,-4.081894
17.519598,-4.077757
17.524275,-4.074649
17.530399,-4.070304
17.536108,-4.066301
17.542334,-4.062168
17.548298,-4.057723
17.553080,-4.054173
17.561201,-4.048135
17.567072,-4.043894
17.571533,-4.040578
17.577911,-4.035777
17.583691,-4.031326
17.589214,-4.027123
17.595036,-4.022471
17.599718,-4.018685
17.607410,-4.012757
17.613039,-4.008096
17.617689,-4.004196
17.623465,-3.999603
17.628653,-3.995083
17.634357,-3.990299
17.640430,-3.985084
17.644831,-3.981438
17.652561,-3.974682
17.658089,-3.970689
17.663048,-3.966540
17.668783,-3.961641
17.674492,-3.957041
17.679655,-3.952867
17.685240,-3.948201
17.689896,-3.944562
17.697853,-3.938024
17.703222,-3.933459
17.707834,-3.930184
17.713316,-3.925343
17.719202,-3.920528
17.724821,-3.915930
17.730263,-3.911523
17.735182,-3.907508
17.743156,-3.900753
17.748659,-3.896193
17.753138,-3.892672
17.759048,-3.887748
17.764376,-3.883362
17.770254,-3.878640
17.775665,-3.874270
17.782551,-3.868666
17.787943,-3.864214
17.793495,-3.859938
17.798105,-3.856190
17.804043,-3.851275
17.809589,-3.846770
17.814966,-3.842438
17.820770,-3.837785
17.826164,-3.833750
17.834154,-3.827520
17.840202,-3.823551
17.845116,-3.820251
17.851347,-3.816556
17.858080,-3.812982
17.864155,-3.809503
17.871897,-3.805940
17.875994,-3.804064
17.885389,-3.799968
17.892107,-3.797217
17.897726,-3.794991
17.904846,-3.792378
17.911867,-3.789720
17.918669,-3.787497
17.925547,-3.785531
17.931541,-3.783832
17.941505,-3.781731
17.948399,-3.780397
17.954538,-3.779361
17.962023,-3.778689
17.969273,-3.777427
17.976149,-3.776932
17.983519,-3.776123
17.992716,-3.775590
18.000015,-3.775280
18.007429,-3.775206
18.013903,-3.775445
18.021183,-3.775508
18.028818,-3.776258
18.036272,-3.776708
18.042879,-3.777459
18.052113,-3.779063
18.059158,-3.780152
18.066347,-3.781726
18.072353,-3.782926
18.079548,-3.784832
18.086765,-3.786813
18.093836,-3.788960
18.100218,-3.791241
18.106480,-3.793315
18.116161,-3.797134
18.122330,-3.799594
18.128580,-3.802136
18.135256,-3.805036
18.141790,-3.807537
18.148436,-3.810491
18.155037,-3.813112
18.160467,-3.815380
18.170366,-3.819227
18.177011,-3.821882
18.182295,-3.824042
18.189281,-3.826802
18.195936,-3.829490
18.203064,-3.832365
18.211405,-3.835938
18.215561,-3.837511
18.225164,-3.841451
18.231693,-3.844315
18.236809,-3.846476
18.243633,-3.849075
18.249411,-3.851393
18.256283,-3.854127
18.263037,-3.857012
18.269058,-3.859427
18.277651,-3.862793
18.284544,-3.865540
18.291252,-3.868265
18.297947,-3.871014
18.304363,-3.873688
18.310873,-3.875999
18.317907,-3.878758
18.324469,-3.881156
18.332878,-3.884230
18.340033,-3.886826
18.345749,-3.888900
18.352610,-3.891239
18.359316,-3.893710
18.366220,-3.896098
18.373272,-3.898403
18.378628,-3.900238
18.388453,-3.903251
18.395636,-3.905446
18.401617,-3.907343
18.408386,-3.909419
18.415545,-3.911620
18.422089,-3.913496
18.427990,-3.915078
18.431168,-3.916001
18.433250,-3.916817
18.432648,-3.916415
18.432465,-3.916091
18.432659,-3.916168
18.432737,-3.916275
18.432650,-3.916194
18.432964,-3.916218
18.433186,-3.916297
18.435019,-3.916117
18.439312,-3.916466
18.444271,-3.916861
18.452053,-3.916972
18.459633,-3.917152
18.467682,-3.916955
18.475586,-3.917179
18.481359,-3.917241
18.491348,-3.917158
18.498402,-3.917284
18.504625,-3.917150
18.511723,-3.916894
18.519075,-3.916946
18.527021,-3.916764
18.534224,-3.916416
18.542959,-3.916196
18.550205,-3.915929
18.557529,-3.915467
18.563414,-3.915300
18.571032,-3.915040
18.578262,-3.914617
18.585779,-3.914401
18.593140,-3.913695
18.599123,-3.913294
18.609201,-3.912519
18.617294,-3.911891
18.623184,-3.911455
18.630140,-3.910781
18.637352,-3.910284
18.644386,-3.909458
18.651773,-3.908783
18.658129,-3.908046
18.667782,-3.907005
18.674913,-3.906309
18.681368,-3.905482
18.688715,-3.904902
18.696150,-3.903752
18.703516,-3.902813
18.710354,-3.901818
18.716961,-3.900901
18.726685,-3.899327
18.733767,-3.898217
18.739740,-3.897300
18.747244,-3.895946
18.754026,-3.894744
18.760889,-3.893479
18.769657,-3.891970
18.774422,-3.891068
18.783991,-3.889015
18.791107,-3.887515
18.797184,-3.886340
18.804413,-3.884761
18.811373,-3.883195
18.818748,-3.881631
18.825596,-3.880114
18.831642,-3.878671
18.841831,-3.876375
18.848436,-3.874850
18.854786,-3.873329
18.861876,-3.871523
18.868841,-3.869905
18.875887,-3.868067
18.884819,-3.865830
18.888586,-3.864746
18.898668,-3.861985
18.905226,-3.860220
18.911358,-3.858358
18.918419,-3.856367
18.925566,-3.854335
18.932467,-3.852234
18.939034,-3.850197
18.944933,-3.848198
18.954832,-3.845235
18.961060,-3.843097
18.967602,-3.841049
18.974335,-3.838596
18.981400,-3.836316
18.988407,-3.833718
18.995258,-3.831352
19.000898,-3.829337
19.010687,-3.825632
19.017429,-3.823254
19.022968,-3.821196
19.030050,-3.818537
19.036898,-3.816032
19.043833,-3.813443
19.051764,-3.810230
19.055882,-3.808598
19.064636,-3.805064
19.071424,-3.802297
19.077848,-3.799419
19.084866,-3.796476
19.090168,-3.794063
19.097029,-3.791217
19.103687,-3.788349
19.110130,-3.785373
19.118378,-3.781547
19.125097,-3.778412
19.131271,-3.775586
19.138195,-3.772469
19.143818,-3.769893
19.151171,-3.766314
19.157801,-3.763089
19.162884,-3.760439
19.172054,-3.755896
19.178377,-3.752336
19.183548,-3.749621
19.189795,-3.746270
19.196312,-3.742768
19.202883,-3.739411
19.209347,-3.735887
19.214523,-3.733022
19.223524,-3.727925
19.229637,-3.724451
19.234615,-3.721544
19.241222,-3.717688
19.248037,-3.713758
19.254551,-3.709992
19.262205,-3.705391
19.266273,-3.702928
19.275244,-3.697928
19.281792,-3.693958
19.286856,-3.690990
19.293699,-3.686738
19.299431,-3.682884
19.306404,-3.678685
19.313858,-3.673536
19.317793,-3.671225
19.325209,-3.666449
19.327730,-3.664869
19.328827,-3.664028
19.328804,-3.663931
19.328209,-3.664043
19.328253,-3.664222
19.328304,-3.664210
19.328165,-3.664089
19.328230,-3.663931
19.328114,-3.664077
19.327921,-3.664231
19.327887,-3.664187
19.327730,-3.664058
19.327757,-3.664075
19.327642,-3.664111
19.327761,-3.664094
19.327274,-3.664227
19.327269,-3.664292
19.327288,-3.664226
19.327181,-3.664138
19.327007,-3.664273
19.326996,-3.664295
19.326876,-3.664201
19.326862,-3.664069
19.326778,-3.664319
19.326485,-3.664658
19.326611,-3.664443
19.326723,-3.664266
19.326715,-3.663954
19.327055,-3.662636
19.327923,-3.659044
19.329468,-3.654079
19.331522,-3.646774
19.333916,-3.636201
19.335833,-3.629449
19.337666,-3.622125
19.339310,-3.614810
19.340752,-3.607966
19.342457,-3.600983
19.343960,-3.594785
19.346491,-3.584241
19.348234,-3.576887
19.349480,-3.570886
19.351171,-3.563405
19.352699,-3.556438
19.353874,-3.550760
19.354458,-3.547229
19.354946,-3.545170
19.355286,-3.545256
19.354307,-3.546367
19.354233,-3.546543
19.354752,-3.545747
19.354126,-3.543712
19.354691,-3.539724
19.355108,-3.532109
19.354906,-3.527335
19.355541,-3.516329
19.355324,-3.508486
19.355379,-3.501526
19.355572,-3.494545
19.355385,-3.488644
19.355650,-3.485293
19.355408,-3.483833
19.355410,-3.483630
19.355148,-3.484495
19.355093,-3.484394
19.355240,-3.484606
19.354933,-3.484737
19.355028,-3.484281
19.354765,-3.484238
19.354788,-3.484129
19.354948,-3.484095
19.354937,-3.484405
19.355003,-3.484926
19.354782,-3.485341
19.355072,-3.484853
19.354954,-3.485037
19.354780,-3.485324
19.355011,-3.485054
19.354841,-3.484989
19.354601,-3.485428
19.354576,-3.485155
19.354618,-3.485170
19.354559,-3.484992
19.354589,-3.485156
19.354549,-3.485486
19.354736,-3.485432
19.354767,-3.485403
19.354452,-3.485653
19.354498,-3.485484
19.354612,-3.485515
19.354660,-3.485785
19.354437,-3.485896
19.354559,-3.485872
19.354599,-3.485728
19.354548,-3.485678
19.354496,-3.486332
19.354605,-3.486267
19.354525,-3.485838
19.354492,-3.485864
19.354572,-3.485936
19.354456,-3.486094
19.354624,-3.486212
19.354441,-3.486236
19.354555,-3.486372
19.354490,-3.486468
19.354248,-3.486292
19.354248,-3.486340
19.354582,-3.486762
19.354607,-3.486611
19.354324,-3.486424
19.354216,-3.486480
19.354397,-3.486652
19.354521,-3.486796
19.354366,-3.486593
19.354383,-3.486777
19.354498,-3.486892
19.354191,-3.486784
19.351143,-3.486255
19.348742,-3.486026
19.340370,-3.485060
19.332487,-3.483967
19.325743,-3.483299
19.317835,-3.482525
19.310093,-3.481595
19.302223,-3.481069
19.294716,-3.480191
19.288422,-3.479842
19.281303,-3.479292
19.270887,-3.478429
19.264832,-3.478060
19.257381,-3.477429
19.249752,-3.476843
19.241962,-3.476550
19.234430,-3.476042
19.228170,-3.475652
19.217398,-3.475281
19.210028,-3.474885
19.203463,-3.474760
19.195807,-3.474583
19.188141,-3.474475
19.180710,-3.474376
19.173452,-3.474273
19.167105,-3.474279
19.156807,-3.474465
19.148977,-3.474342
19.142975,-3.474504
19.135118,-3.474689
19.127584,-3.474912
19.120153,-3.475224
19.112452,-3.475435
19.106316,-3.475594
19.095625,-3.475967
19.088520,-3.476132
19.081854,-3.476439
19.074215,-3.476721
19.066774,-3.477004
19.059795,-3.477491
19.051945,-3.478197
19.045708,-3.478641
19.035370,-3.479529
19.027777,-3.480179
19.021742,-3.480730
19.013765,-3.481523
19.006100,-3.482318
18.999205,-3.483019
18.989578,-3.483975
18.984970,-3.484526
18.974827,-3.485941
18.966507,-3.486785
18.960012,-3.487658
18.952703,-3.488708
18.945606,-3.489797
18.938570,-3.490758
18.930857,-3.491948
18.924314,-3.492769
18.916794,-3.493964
18.907173,-3.495633
18.900827,-3.496848
18.893152,-3.498123
18.885635,-3.499403
18.878176,-3.500926
18.870985,-3.502133
18.864437,-3.503409
18.854162,-3.505335
18.847149,-3.506673
18.840704,-3.508268
18.833437,-3.509825
18.826300,-3.511477
18.818665,-3.513129
18.811934,-3.514714
18.805342,-3.516191
18.794937,-3.518712
18.788115,-3.520358
18.781912,-3.521876
18.774376,-3.523793
18.766916,-3.525654
18.759489,-3.527719
18.752441,-3.529477
18.746155,-3.531188
18.735817,-3.534070
18.728392,-3.536336
18.722422,-3.538054
18.715502,-3.540184
18.708170,-3.542315
18.700468,-3.544650
18.693192,-3.546943
18.687407,-3.548615
18.677195,-3.551730
18.670147,-3.554015
18.664364,-3.555991
18.657118,-3.558604
18.650887,-3.560619
18.647381,-3.561891
18.645145,-3.562147
18.643608,-3.562672
18.640757,-3.563233
18.638613,-3.563813
18.636028,-3.564368
18.633423,-3.564830
18.631781,-3.565121
18.629566,-3.565403
18.627325,-3.565493
18.624693,-3.566077
18.621819,-3.566143
18.619726,-3.566339
18.617743,-3.566414
18.615271,-3.566445
18.613047,-3.566484
18.610617,-3.566472
18.608553,-3.566445
18.606600,-3.566204
18.603266,-3.566011
18.600719,-3.565741
18.598906,-3.565455
18.594753,-3.565084
18.588598,-3.564310
18.581327,-3.563216
18.573767,-3.562706
18.566582,-3.561879
18.555637,-3.560520
18.548607,-3.560067
18.542927,-3.559146
18.535358,-3.558567
18.527533,-3.557722
18.520117,-3.557317
18.512642,-3.556839
18.506672,-3.556184
18.495750,-3.555339
18.489782,-3.554958
18.487471,-3.554573
18.485281,-3.554183
18.483723,-3.553673
18.481539,-3.553306
18.478411,-3.552980
18.476431,-3.552372
18.473312,-3.551795
18.471321,-3.551200
18.469576,-3.550668
18.467308,-3.549975
18.464649,-3.549062
18.462345,-3.548436
18.460718,-3.547637
18.458977,-3.547011
18.455462,-3.545451
18.451536,-3.543955
18.447023,-3.542223
18.439514,-3.539028
18.432186,-3.535820
18.424801,-3.532654
18.417503,-3.529609
18.412178,-3.527201
18.405603,-3.524321
18.395847,-3.520229
18.390453,-3.517913
18.383621,-3.514978
18.376751,-3.512100
18.369699,-3.508890
18.362814,-3.505921
18.354910,-3.502563
18.349207,-3.500073
18.346039,-3.498691
18.344988,-3.497769
18.343073,-3.496905
18.340919,-3.496103
18.339228,-3.494432
18.336752,-3.493330
18.335085,-3.492257
18.332560,-3.490783
18.330750,-3.489421
18.329044,-3.488275
18.327038,-3.486962
18.325354,-3.485679
18.323608,-3.484342
18.321775,-3.482811
18.320263,-3.481502
18.317558,-3.479162
18.310999,-3.473873
18.305609,-3.468896
18.299849,-3.463507
18.293903,-3.458127
18.288567,-3.453442
18.283022,-3.448612
18.278431,-3.444718
18.272486,-3.439526
18.264582,-3.432841
18.259836,-3.428465
18.254232,-3.423431
18.248407,-3.418489
18.242607,-3.413280
18.237137,-3.408462
18.231892,-3.403648
18.226114,-3.398253
18.219395,-3.392066
18.216143,-3.388579
18.214256,-3.386513
18.213209,-3.385180
18.212128,-3.384051
18.211012,-3.382390
18.209227,-3.379895
18.208273,-3.378776
18.206257,-3.375818
18.204109,-3.372549
18.200012,-3.366197
18.195293,-3.358466
18.191063,-3.351086
18.187386,-3.345007
18.184740,-3.339617
18.180225,-3.330341
18.177023,-3.323102
18.174480,-3.317491
18.171482,-3.310553
18.168444,-3.303524
18.165583,-3.296063
18.162895,-3.288939
18.160654,-3.282941
18.157455,-3.272871
18.155348,-3.265938
18.154028,-3.260096
18.152241,-3.252501
18.150703,-3.245311
18.149342,-3.238280
18.148096,-3.230999
18.147285,-3.224655
18.146063,-3.214196
18.145681,-3.206910
18.145458,-3.200821
18.145279,-3.193140
18.145327,-3.185352
18.145502,-3.177542
18.145884,-3.169825
18.146271,-3.163973
18.147131,-3.153870
18.148262,-3.146219
18.148962,-3.140301
18.150406,-3.133021
18.152075,-3.125610
18.153721,-3.117867
18.155674,-3.110426
18.156885,-3.104638
18.159845,-3.094380
18.161390,-3.087220
18.162998,-3.081329
18.165037,-3.074122
18.166861,-3.066644
18.168850,-3.059344
18.170685,-3.052007
18.172150,-3.046347
18.175188,-3.035799
18.176962,-3.028752
18.178762,-3.022777
18.180502,-3.016141
18.182571,-3.007987
18.184387,-3.000463
18.186169,-2.993746
18.187725,-2.987957
18.190451,-2.977298
18.192400,-2.970547
18.193947,-2.964247
18.195749,-2.956783
18.197643,-2.949815
18.199663,-2.942453
18.201576,-2.934989
18.203148,-2.929568
18.205784,-2.919058
18.207724,-2.911744
18.209459,-2.905449
18.211130,-2.898468
18.213093,-2.891026
18.214788,-2.883798
18.216850,-2.876358
18.218418,-2.870335
18.221178,-2.859729
18.223227,-2.852836
18.224827,-2.846834
18.226606,-2.839744
18.228764,-2.832002
18.230618,-2.824939
18.232950,-2.816878
18.234465,-2.811090
18.236895,-2.803967
18.240215,-2.793821
18.242361,-2.788315
18.245344,-2.781300
18.248327,-2.774336
18.251518,-2.767710
18.254866,-2.760999
18.257845,-2.755599
18.262800,-2.746744
18.266550,-2.740594
18.270050,-2.735035
18.274590,-2.728504
18.278688,-2.722608
18.282961,-2.717118
18.288017,-2.710843
18.294119,-2.703502
18.298800,-2.698301
18.303930,-2.692482
18.308466,-2.688030
18.313866,-2.682807
18.319555,-2.677370
18.324747,-2.672675
18.330233,-2.667949
18.334528,-2.663801
18.342031,-2.657434
18.347923,-2.652032
18.352734,-2.647685
18.358665,-2.642446
18.363802,-2.637475
18.369202,-2.632486
18.374750,-2.627252
18.380272,-2.622427
18.386267,-2.617394
18.394110,-2.610969
18.399101,-2.607142
18.405205,-2.602630
18.411430,-2.598434
18.417412,-2.594379
18.423220,-2.590875
18.429157,-2.587731
18.435467,-2.583965
18.444523,-2.579448
18.450842,-2.576471
18.457602,-2.573200
18.464449,-2.570393
18.471767,-2.567493
18.478146,-2.565161
18.484934,-2.562896
18.494757,-2.559566
18.501278,-2.557915
18.507872,-2.556108
18.515602,-2.554354
18.522995,-2.552788
18.530367,-2.551750
18.537807,-2.550702
18.544052,-2.549981
18.551804,-2.549272
18.562376,-2.548451
18.568399,-2.548294
18.575903,-2.548049
18.582853,-2.548045
18.590769,-2.548362
18.598509,-2.548891
18.604662,-2.549438
18.615103,-2.550574
18.622671,-2.551625
18.628239,-2.552610
18.635946,-2.553845
18.643549,-2.555376
18.651058,-2.557367
18.658340,-2.558981
18.664011,-2.560805
18.673826,-2.563870
18.681427,-2.566680
18.686686,-2.568904
18.693848,-2.571637
18.700022,-2.574379
18.707676,-2.577620
18.713989,-2.580511
18.720343,-2.583126
18.728445,-2.586852
18.736607,-2.590089
18.742300,-2.592698
18.749203,-2.595870
18.756199,-2.598869
18.762749,-2.601858
18.769299,-2.604891
18.775354,-2.607640
18.784853,-2.612025
18.791832,-2.614932
18.797224,-2.617470
18.804052,-2.620404
18.810780,-2.623287
18.817671,-2.626574
18.824734,-2.629534
18.830666,-2.632210
18.840324,-2.636365
18.847235,-2.639579
18.852804,-2.642009
18.859894,-2.645282
18.866812,-2.648464
18.873402,-2.651223
18.880428,-2.654300
18.886202,-2.656577
18.895853,-2.660616
18.902592,-2.663212
18.908197,-2.665441
18.915518,-2.668389
18.922113,-2.670879
18.929331,-2.673506
18.937000,-2.676025
18.942722,-2.678240
18.952757,-2.681702
18.960159,-2.684343
18.965511,-2.686160
18.971556,-2.688205
18.974901,-2.689528
18.976656,-2.689837
18.977043,-2.690206
18.976393,-2.689792
18.975578,-2.689147
18.975662,-2.689398
18.975969,-2.689389
18.976177,-2.689303
18.975803,-2.688991
18.975935,-2.689206
18.977825,-2.689410
18.980745,-2.689412
18.989182,-2.690183
18.997190,-2.690654
19.003969,-2.690933
19.012157,-2.691358
19.019932,-2.691554
19.027153,-2.691742
19.035021,-2.691789
19.041355,-2.691974
19.051022,-2.691955
19.058363,-2.692033
19.064934,-2.692136
19.070919,-2.692156
19.074495,-2.692142
19.075829,-2.692076
19.075436,-2.692053
19.074749,-2.691578
19.075167,-2.691708
19.075075,-2.691556
19.075106,-2.691433
19.075241,-2.691516
19.075203,-2.691607
19.075081,-2.691575
19.075224,-2.691478
19.075195,-2.691513
19.075516,-2.691650
19.075027,-2.691689
19.075069,-2.691716
19.075054,-2.691747
19.074968,-2.691752
19.075081,-2.691574
19.075079,-2.691464
19.074917,-2.691519
19.074980,-2.691463
19.074781,-2.691346
19.074549,-2.691391
19.074816,-2.691388
19.074772,-2.691347
19.074535,-2.691407
19.074272,-2.691473
19.074505,-2.691532
19.074383,-2.691502
19.074089,-2.691503
19.074205,-2.691398
19.074148,-2.691403
19.074238,-2.691320
19.073952,-2.691280
19.074183,-2.691237
19.074009,-2.691494
19.073656,-2.691605
19.073751,-2.691581
19.073694,-2.691616
19.073809,-2.691531
19.073353,-2.691832
19.073307,-2.691911
19.073442,-2.691810
19.073532,-2.691612
19.073305,-2.691548
19.073397,-2.691488
19.073122,-2.691602
19.074142,-2.689702
19.075809,-2.685776
19.077698,-2.680497
19.080816,-2.673201
19.083586,-2.666109
19.086399,-2.658322
19.089817,-2.648654
19.091839,-2.643008
19.094503,-2.636175
19.097141,-2.629043
19.099453,-2.622311
19.102247,-2.614368
19.103966,-2.608985
19.106455,-2.601777
19.109646,-2.591840
19.111647,-2.585804
19.113808,-2.579642
19.115570,-2.573691
19.116774,-2.569962
19.117096,-2.568189
19.117237,-2.567878
19.116739,-2.568566
19.116812,-2.568934
19.116537,-2.569224
19.116642,-2.569058
19.116600,-2.568675
19.116566,-2.568481
19.116493,-2.568396
19.116762,-2.566947
19.116663,-2.561205
19.117025,-2.554418
19.117308,-2.548217
19.117111,-2.539913
19.117355,-2.531972
19.117367,-2.524016
19.117393,-2.516775
19.117352,-2.510956
19.117229,-2.503500
19.117207,-2.493279
19.117218,-2.486911
19.116943,-2.478727
19.116943,-2.470746
19.116716,-2.464190
19.116470,-2.456070
19.116245,-2.450120
19.115622,-2.439347
19.115217,-2.432081
19.114908,-2.425913
19.114386,-2.418397
19.113869,-2.410582
19.113426,-2.403439
19.112787,-2.395557
19.112343,-2.389419
19.111769,-2.381749
19.111031,-2.371373
19.110403,-2.365624
19.109682,-2.357995
19.108784,-2.350130
19.107979,-2.342356
19.107122,-2.335203
19.106392,-2.328776
19.105110,-2.318626
19.104063,-2.310897
19.103231,-2.304668
19.102133,-2.297149
19.101248,-2.290048
19.100151,-2.283214
19.098944,-2.274919
19.097984,-2.268415
19.096470,-2.258340
19.095360,-2.251764
19.094364,-2.245399
19.092981,-2.238130
19.091764,-2.230167
19.090319,-2.223172
19.089035,-2.215861
19.087765,-2.209306
19.085577,-2.198796
19.084038,-2.191318
19.082735,-2.185279
19.081085,-2.178049
19.079407,-2.170678
19.077797,-2.163401
19.075914,-2.155670
19.074547,-2.149736
19.072598,-2.141965
19.070246,-2.132258
19.068647,-2.126035
19.066450,-2.118433
19.064548,-2.111121
19.062683,-2.104408
19.060560,-2.096979
19.058905,-2.090708
19.056782,-2.083530
19.053789,-2.073332
19.052010,-2.067421
19.049673,-2.060102
19.047445,-2.052854
19.045225,-2.045782
19.043001,-2.038914
19.041012,-2.032555
19.038736,-2.025486
19.035345,-2.015874
19.033360,-2.009626
19.030561,-2.001876
19.027996,-1.994552
19.025675,-1.987734
19.023252,-1.981460
19.021090,-1.975256
19.018347,-1.968097
19.014679,-1.958390
19.012506,-1.952696
19.010269,-1.946894
19.008837,-1.943494
19.008095,-1.941469
19.007925,-1.941381
19.008118,-1.942389
19.007929,-1.942636
19.007990,-1.942158
19.008013,-1.942704
19.007921,-1.942908
19.007990,-1.942661
19.007793,-1.942672
19.007915,-1.942662
19.007959,-1.943080
19.007874,-1.943115
19.007923,-1.942909
19.007929,-1.943230
19.007801,-1.942993
19.007935,-1.943257
19.007965,-1.943511
19.007828,-1.943187
19.007696,-1.943241
19.007746,-1.943417
19.007784,-1.943488
19.007933,-1.943618
19.007692,-1.943513
19.007868,-1.943718
19.007933,-1.943812
19.007902,-1.943747
19.007977,-1.943853
19.008213,-1.944133
19.008150,-1.944067
19.008081,-1.944091
19.008236,-1.944204
19.008501,-1.944302
19.008556,-1.944343
19.008345,-1.944253
19.008350,-1.944327
19.008362,-1.944363
19.008516,-1.944563
19.008497,-1.944412
19.008589,-1.944696
19.006321,-1.944157
19.002241,-1.943453
18.996346,-1.941940
18.990047,-1.940985
18.978914,-1.939230
18.971083,-1.937853
18.964918,-1.936905
18.957563,-1.935778
18.949942,-1.934686
18.942625,-1.933649
18.934486,-1.932608
18.928236,-1.931777
18.920795,-1.930943
18.910734,-1.929843
18.904810,-1.929163
18.897190,-1.928243
18.889545,-1.927426
18.881945,-1.926582
18.874147,-1.925775
18.868332,-1.925243
18.860968,-1.924643
18.850281,-1.923624
18.843817,-1.923246
18.836395,-1.922554
18.828465,-1.922050
18.820986,-1.921538
18.813955,-1.920986
18.807854,-1.920793
18.800678,-1.920437
18.789701,-1.920022
18.783506,-1.919794
18.776180,-1.919626
18.768446,-1.919441
18.760834,-1.919091
18.752789,-1.919072
18.747477,-1.918887
18.736628,-1.918910
18.729063,-1.918795
18.722378,-1.918645
18.716396,-1.918642
18.713625,-1.918704
18.711649,-1.918813
18.711298,-1.918181
18.712376,-1.918420
18.712946,-1.919249
18.712536,-1.918565
18.712444,-1.919031
18.712633,-1.918912
18.712879,-1.918949
18.713036,-1.919010
18.713104,-1.918934
18.712839,-1.919148
18.712875,-1.918995
18.713284,-1.919004
18.713179,-1.919027
18.713251,-1.919063
18.713465,-1.919117
18.713537,-1.919057
18.713589,-1.919230
18.713398,-1.919281
18.713707,-1.919298
18.713621,-1.919374
18.713669,-1.919457
18.713842,-1.919484
18.713816,-1.919500
18.713554,-1.919312
18.714184,-1.919344
18.714024,-1.919459
18.713833,-1.919401
18.714050,-1.919266
18.714184,-1.919317
18.714418,-1.919378
18.714417,-1.919151
18.714397,-1.919211
18.714157,-1.919482
18.714264,-1.919487
18.714617,-1.919305
18.714224,-1.919536
18.714445,-1.919507
18.714611,-1.919551
18.714283,-1.919571
18.714466,-1.919584
18.714628,-1.919593
18.714523,-1.919596
18.714457,-1.919531
18.714542,-1.919543
18.714794,-1.919333
18.714937,-1.919296
18.714722,-1.919182
18.714540,-1.919847
18.714207,-1.921612
18.712667,-1.926255
18.711399,-1.929829
18.709463,-1.937227
18.706608,-1.946985
18.704350,-1.955002
18.702232,-1.962480
18.700232,-1.969421
18.698528,-1.976771
18.696899,-1.982446
18.694857,-1.989991
18.692221,-2.000411
18.690878,-2.006279
18.689159,-2.013839
18.687433,-2.021430
18.685717,-2.028893
18.684141,-2.036497
18.682869,-2.041884
18.681372,-2.049352
18.678823,-2.060045
18.677746,-2.066030
18.676153,-2.073477
18.674694,-2.080663
18.673246,-2.088541
18.671516,-2.095988
18.670401,-2.101357
18.668938,-2.109575
18.667332,-2.119249
18.666065,-2.126792
18.665087,-2.133429
18.664007,-2.139982
18.662800,-2.147118
18.661552,-2.156077
18.660767,-2.162228
18.659573,-2.172256
18.658403,-2.179597
18.657637,-2.185752
18.656761,-2.193324
18.655733,-2.201150
18.654846,-2.208817
18.654257,-2.216246
18.653646,-2.222391
18.653032,-2.230001
18.652035,-2.240433
18.651453,-2.246581
18.650864,-2.254355
18.650471,-2.261973
18.649845,-2.269513
18.649506,-2.276996
18.649073,-2.282925
18.648806,-2.290727
18.648201,-2.300897
18.647955,-2.306916
18.647612,-2.314632
18.647295,-2.322218
18.647057,-2.330109
18.646923,-2.337995
18.646627,-2.343899
18.646408,-2.354382
18.646379,-2.358884
18.646343,-2.368067
18.646158,-2.375588
18.646397,-2.383016
18.646503,-2.391019
18.646605,-2.398525
18.646843,-2.404309
18.647068,-2.411822
18.647381,-2.420893
18.647360,-2.423787
18.647181,-2.426442
18.647131,-2.428248
18.646679,-2.430472
18.646732,-2.433131
18.646471,-2.434887
18.645941,-2.438802
18.645178,-2.444194
18.644098,-2.449985
18.642576,-2.459058
18.641190,-2.466686
18.639463,-2.473777
18.638300,-2.480948
18.636360,-2.487439
18.634714,-2.494472
18.632622,-2.504310
18.631245,-2.510351
18.629890,-2.517332
18.628420,-2.525015
18.627237,-2.531818
18.625889,-2.539581
18.624783,-2.545827
18.622952,-2.555919
18.621698,-2.563649
18.620285,-2.569803
18.618782,-2.577171
18.617579,-2.585087
18.615696,-2.592416
18.613781,-2.599154
18.612343,-2.605348
18.610165,-2.612583
18.607916,-2.619568
18.604542,-2.628494
18.601940,-2.635436
18.599087,-2.642085
18.595924,-2.649102
18.592661,-2.655694
18.589584,-2.661623
18.586227,-2.667972
18.581055,-2.676666
18.577827,-2.681922
18.573702,-2.688443
18.569292,-2.694644
18.565042,-2.700701
18.560717,-2.706310
18.556692,-2.711390
18.551672,-2.717409
18.546326,-2.723467
18.540199,-2.730240
18.535093,-2.735543
18.529978,-2.741045
18.524946,-2.746213
18.520164,-2.751141
18.515982,-2.755931
18.508455,-2.763540
18.503826,-2.768654
18.499466,-2.773263
18.493912,-2.779165
18.488701,-2.784905
18.483435,-2.790485
18.477816,-2.796355
18.473408,-2.800394
18.467737,-2.805407
18.460135,-2.812467
18.455738,-2.815847
18.449625,-2.820587
18.443916,-2.825065
18.437502,-2.829380
18.431499,-2.833668
18.426476,-2.836856
18.419340,-2.840859
18.413738,-2.844147
18.404182,-2.849113
18.397324,-2.852622
18.391783,-2.855137
18.384888,-2.858264
18.378523,-2.860994
18.370874,-2.863731
18.364496,-2.866226
18.355364,-2.869171
18.348263,-2.871387
18.341105,-2.873277
18.334570,-2.874868
18.326921,-2.876640
18.318504,-2.878151
18.312637,-2.879415
18.305462,-2.880416
18.295040,-2.881830
18.288910,-2.882379
18.281458,-2.882736
18.274181,-2.883260
18.266485,-2.883251
18.258690,-2.883270
18.252775,-2.883219
18.245052,-2.882876
18.234646,-2.881824
18.228512,-2.881015
18.220858,-2.880282
18.213566,-2.879171
18.206356,-2.877771
18.198732,-2.876123
18.193058,-2.874649
18.185850,-2.872721
18.175478,-2.869540
18.169865,-2.867641
18.162594,-2.865196
18.155615,-2.862386
18.148436,-2.859658
18.141634,-2.856805
18.136118,-2.854135
18.129189,-2.851079
18.119610,-2.846307
18.114531,-2.843844
18.107710,-2.840602
18.101194,-2.837521
18.094204,-2.834245
18.087589,-2.831051
18.081968,-2.828301
18.072359,-2.823857
18.065754,-2.820387
18.060141,-2.818115
18.053291,-2.814729
18.046211,-2.811387
18.039660,-2.808212
18.032791,-2.804886
18.027298,-2.802261
18.020336,-2.799030
18.013691,-2.795621
18.005699,-2.791953
17.998968,-2.788599
17.991995,-2.785275
17.985365,-2.782186
17.978249,-2.778654
17.972483,-2.776072
17.963150,-2.771470
17.956064,-2.768478
17.950449,-2.765744
17.943380,-2.762786
17.936441,-2.759694
17.929947,-2.756760
17.923346,-2.754066
17.916939,-2.751482
17.909683,-2.748597
17.900301,-2.744698
17.894808,-2.742587
17.887403,-2.739700
17.879929,-2.736763
17.873142,-2.734320
17.866348,-2.731841
17.860527,-2.729803
17.850283,-2.726198
17.843107,-2.723541
17.837154,-2.721459
17.829971,-2.719164
17.822786,-2.716863
17.815998,-2.714640
17.808428,-2.712254
17.802479,-2.710243
17.795319,-2.707960
17.785921,-2.704825
17.779598,-2.702946
17.772188,-2.700682
17.765329,-2.698559
17.757746,-2.696200
17.752361,-2.694608
17.749321,-2.693658
17.747101,-2.693240
17.747019,-2.692942
17.747934,-2.693495
17.748013,-2.693593
17.747900,-2.693731
17.747896,-2.693661
17.747643,-2.693530
17.746384,-2.693582
17.742702,-2.693341
17.734739,-2.692599
17.727646,-2.692164
17.719521,-2.691797
17.711651,-2.691353
17.703773,-2.691192
17.696001,-2.691011
17.690161,-2.690786
17.682508,-2.690793
17.675091,-2.690454
17.666624,-2.690429
17.657696,-2.690118
17.650042,-2.690247
17.642481,-2.690301
17.635519,-2.690212
17.629522,-2.690337
17.621655,-2.690577
17.614082,-2.690652
17.605085,-2.690876
17.597490,-2.691097
17.590124,-2.691453
17.582535,-2.691520
17.575193,-2.691838
17.569189,-2.692260
17.561253,-2.692460
17.550949,-2.693125
17.545242,-2.693567
17.537422,-2.694014
17.529644,-2.694622
17.521957,-2.695254
17.514355,-2.695920
17.508160,-2.696467
17.500874,-2.697252
17.489920,-2.698073
17.483747,-2.698675
17.476349,-2.699462
17.469009,-2.700548
17.461521,-2.701422
17.453861,-2.702274
17.447952,-2.703010
17.440496,-2.704014
17.430166,-2.705372
17.424042,-2.706204
17.416491,-2.707363
17.408960,-2.708666
17.401243,-2.709740
17.393883,-2.711061
17.387880,-2.712024
17.380056,-2.713449
17.369997,-2.715076
17.363791,-2.716199
17.356295,-2.717621
17.348885,-2.719000
17.341599,-2.720321
17.334679,-2.721729
17.328447,-2.723133
17.321270,-2.724604
17.310736,-2.726780
17.305054,-2.728100
17.297321,-2.729931
17.289888,-2.731661
17.282457,-2.733506
17.275238,-2.735220
17.269342,-2.736768
17.261738,-2.738441
17.251251,-2.741303
17.245331,-2.742884
17.238005,-2.744913
17.231281,-2.746819
17.223967,-2.748918
17.216553,-2.751170
17.210476,-2.753049
17.203266,-2.755107
17.196276,-2.757358
17.187729,-2.759898
17.181009,-2.762153
17.173334,-2.764557
17.166147,-2.766915
17.158461,-2.769496
17.152758,-2.771268
17.145620,-2.773606
17.135878,-2.776882
17.130388,-2.778834
17.123411,-2.781435
17.115637,-2.784175
17.108404,-2.786885
17.101433,-2.789533
17.095779,-2.791570
17.086241,-2.795335
17.082623,-2.796855
17.077394,-2.798766
17.075525,-2.799399
17.073885,-2.799586
17.071676,-2.800047
17.069098,-2.800723
17.066986,-2.801291
17.064676,-2.801825
17.062344,-2.802238
17.059500,-2.802936
17.057150,-2.803153
17.054688,-2.803618
17.052473,-2.803720
17.050083,-2.803936
17.047794,-2.804132
17.044617,-2.804256
17.043295,-2.804429
17.040522,-2.804313
17.038061,-2.804483
17.035713,-2.804307
17.033358,-2.804261
17.031179,-2.804079
17.029211,-2.803797
17.026863,-2.803660
17.023611,-2.803020
17.020563,-2.802816
17.014551,-2.802063
17.007252,-2.801207
16.999290,-2.800332
16.991472,-2.799389
16.984640,-2.798813
16.974155,-2.797592
16.967970,-2.797072
16.960932,-2.796273
16.953835,-2.795700
16.946173,-2.795088
16.938614,-2.794653
16.931664,-2.794145
16.924860,-2.793705
16.917439,-2.793078
16.910898,-2.792559
16.906450,-2.792191
16.904215,-2.791318
16.902378,-2.791199
16.900047,-2.790829
16.897573,-2.790133
16.895596,-2.789799
16.893284,-2.789519
16.891562,-2.788495
16.888699,-2.788137
16.886545,-2.787234
16.884119,-2.786580
16.881983,-2.785968
16.879559,-2.785023
16.876715,-2.784238
16.868313,-2.781169
16.864067,-2.779341
16.854704,-2.775749
16.847141,-2.772892
16.840519,-2.770436
16.833557,-2.768161
16.826431,-2.765210
16.820660,-2.763010
16.812798,-2.760237
16.807159,-2.758142
16.798323,-2.754717
16.791033,-2.751905
16.785316,-2.749707
16.777893,-2.746955
16.771770,-2.744678
16.768518,-2.743354
16.766878,-2.742369
16.765207,-2.741806
16.762993,-2.740397
16.760235,-2.739207
16.758602,-2.738412
16.756496,-2.737126
16.754560,-2.736207
16.752787,-2.734961
16.750757,-2.733614
16.748812,-2.732386
16.746180,-2.730821
16.744467,-2.729238
16.742723,-2.728117
16.740850,-2.726656
16.738001,-2.724333
16.732882,-2.720852
16.727118,-2.715987
16.721769,-2.711344
16.712849,-2.704159
16.707968,-2.700350
16.701897,-2.695667
16.695747,-2.690774
16.689707,-2.686055
16.685373,-2.682316
16.678942,-2.677400
16.670565,-2.670608
16.666204,-2.667211
16.660545,-2.662470
16.654556,-2.657984
16.648705,-2.653075
16.643959,-2.649408
16.641182,-2.647377
16.639685,-2.645699
16.638336,-2.644191
16.636667,-2.642705
16.634993,-2.640730
16.632923,-2.638975
16.631306,-2.637165
16.630001,-2.635794
16.628593,-2.634367
16.627291,-2.632454
16.625103,-2.629760
16.624138,-2.628280
16.622599,-2.626340
16.621393,-2.624490
16.619867,-2.622134
16.617554,-2.618436
16.614473,-2.613654
16.609894,-2.606398
16.604713,-2.596629
16.601696,-2.591134
16.598455,-2.584599
16.595335,-2.578294
16.592264,-2.571012
16.589207,-2.564332
16.587158,-2.558211
16.583105,-2.549822
16.581076,-2.544757
16.577784,-2.536317
16.574608,-2.529841
16.571810,-2.522611
16.569071,-2.516358
16.566109,-2.509437
16.563351,-2.503105
16.559088,-2.492898
16.556347,-2.485710
16.554838,-2.481453
16.551910,-2.472837
16.549706,-2.465575
16.548029,-2.458371
16.545919,-2.451347
16.544598,-2.445103
16.542866,-2.435386
16.541910,-2.430251
16.540701,-2.421001
16.539671,-2.413605
16.538992,-2.405886
16.538618,-2.398612
16.538149,-2.391352
16.538225,-2.384521
16.538260,-2.376962
16.538277,-2.369492
16.538803,-2.360497
16.539349,-2.353203
16.540276,-2.345785
16.541206,-2.338209
16.542286,-2.331449
16.543808,-2.324656
16.545233,-2.317124
16.547070,-2.309654
16.549259,-2.300941
16.551531,-2.293630
16.553810,-2.286712
16.556259,-2.279107
16.558743,-2.272719
16.560999,-2.266438
16.563864,-2.259611
16.567482,-2.250620
16.569897,-2.244314
16.572834,-2.237070
16.575710,-2.230102
16.578232,-2.222985
16.581320,-2.215651
16.583269,-2.210688
16.586313,-2.202919
16.589016,-2.195975
16.592392,-2.187618
16.594992,-2.180593
16.597519,-2.174235
16.600447,-2.166650
16.603218,-2.159740
16.605452,-2.153969
16.609095,-2.144243
16.610313,-2.140749
16.614115,-2.130642
16.616810,-2.123875
16.619055,-2.118017
16.621687,-2.111288
16.624815,-2.103491
16.627380,-2.096950
16.630093,-2.089914
16.632444,-2.084258
16.635933,-2.075063
16.638840,-2.067822
16.641449,-2.061489
16.644218,-2.054089
16.646877,-2.047222
16.649092,-2.041498
16.651831,-2.034339
16.655909,-2.024248
16.657673,-2.019932
16.660944,-2.011472
16.664303,-2.003608
16.667246,-1.996249
16.670547,-1.989510
16.672846,-1.984380
16.676153,-1.977616
16.679943,-1.971341
16.684410,-1.963043
16.688648,-1.956960
16.693024,-1.950233
16.697557,-1.943840
16.701942,-1.938104
16.705496,-1.933079
16.710453,-1.927311
16.717550,-1.918910
16.721405,-1.914785
16.726765,-1.909285
16.732407,-1.903671
16.737797,-1.898801
16.743376,-1.893705
16.748201,-1.889645
16.754137,-1.885041
16.762403,-1.878462
16.767313,-1.874967
16.773607,-1.870474
16.780355,-1.866292
16.786467,-1.862286
16.792805,-1.858587
16.798244,-1.855548
16.804964,-1.851829
16.814358,-1.847394
16.819912,-1.844877
16.826397,-1.842030
16.833752,-1.839327
16.841011,-1.836436
16.848312,-1.834287
16.853958,-1.832359
16.861326,-1.830302
16.871819,-1.827624
16.877623,-1.826248
16.884932,-1.825041
16.892859,-1.823474
16.900059,-1.822393
16.907728,-1.821506
16.913549,-1.820903
16.923784,-1.820310
16.928577,-1.820005
16.938066,-1.819755
16.945406,-1.819641
16.953402,-1.819796
16.960516,-1.820241
16.968239,-1.820674
16.974598,-1.821336
16.982796,-1.822485
16.992798,-1.823972
16.998388,-1.824453
17.006186,-1.825906
17.013376,-1.826820
17.020552,-1.828080
17.027687,-1.829351
17.033867,-1.830160
17.041445,-1.831369
17.052137,-1.833175
17.056726,-1.833933
17.065845,-1.835257
17.073761,-1.836485
17.080715,-1.837656
17.088243,-1.838867
17.094521,-1.839765
17.104763,-1.841556
17.109898,-1.842317
17.118738,-1.843715
17.125952,-1.844885
17.133701,-1.846045
17.141203,-1.847378
17.147770,-1.848330
17.154146,-1.849584
17.161461,-1.850624
17.169079,-1.851661
17.177946,-1.853226
17.185629,-1.854537
17.192465,-1.855560
17.201408,-1.856989
17.208441,-1.858109
17.215023,-1.859289
17.222202,-1.860283
17.230927,-1.861939
17.238251,-1.862974
17.245728,-1.864058
17.253042,-1.865271
17.260571,-1.866332
17.267258,-1.867205
17.273685,-1.868076
17.281237,-1.869160
17.288618,-1.870250
17.297997,-1.871265
17.305384,-1.872283
17.312971,-1.873097
17.320505,-1.874055
17.328066,-1.874894
17.334299,-1.875569
17.341625,-1.876115
17.349535,-1.876878
17.358524,-1.877529
17.365999,-1.878175
17.373549,-1.878653
17.381031,-1.879151
17.388523,-1.879616
17.394354,-1.879892
17.402163,-1.880266
17.409771,-1.880710
17.419142,-1.881056
17.426506,-1.881223
17.433788,-1.881668
17.442099,-1.881833
17.449804,-1.881758
17.455801,-1.881974
17.463223,-1.881939
17.470884,-1.881837
17.480061,-1.881937
17.487511,-1.881716
17.495384,-1.881828
17.502794,-1.881562
17.510180,-1.881373
17.516506,-1.881393
17.524015,-1.881035
17.531523,-1.880933
17.539295,-1.880544
17.548656,-1.880281
17.555876,-1.879940
17.563904,-1.879549
17.571569,-1.879019
17.577686,-1.878655
17.584955,-1.878097
17.592861,-1.877641
17.602278,-1.876909
17.609648,-1.876187
17.617151,-1.875748
17.624918,-1.874857
17.632154,-1.874316
17.638250,-1.873575
17.645672,-1.872787
17.656454,-1.871559
17.662546,-1.870780
17.670218,-1.869987
17.677755,-1.868817
17.685440,-1.868045
17.692760,-1.867069
17.698967,-1.866048
17.706564,-1.864947
17.713659,-1.863820
17.723011,-1.862221
17.730223,-1.861044
17.737858,-1.859877
17.745359,-1.858585
17.752453,-1.857261
17.757410,-1.856467
17.761295,-1.855729
17.763462,-1.855198
17.763691,-1.855487
17.762674,-1.855420
17.762409,-1.854971
17.762831,-1.855232
17.762587,-1.854984
17.762783,-1.855001
17.762999,-1.855205
17.763000,-1.854823
17.762596,-1.855057
17.762672,-1.855041
17.762869,-1.854973
17.762644,-1.854915
17.762674,-1.855086
17.762630,-1.855149
17.762352,-1.855113
17.762617,-1.855106
17.762299,-1.855262
17.762344,-1.855266
17.762350,-1.855125
17.762201,-1.855084
17.762312,-1.855157
17.762180,-1.855064
17.761995,-1.855048
17.762156,-1.855002
17.761763,-1.855197
17.761841,-1.855062
17.762117,-1.854934
17.761539,-1.855021
17.761658,-1.855229
17.761860,-1.855165
17.761488,-1.855139
17.761337,-1.855097
17.761364,-1.855162
17.761330,-1.855113
17.761272,-1.855096
17.761194,-1.855190
17.761198,-1.855287
17.761009,-1.855214
17.761009,-1.855185
17.760952,-1.855126
17.761030,-1.855033
17.761591,-1.853280
17.762846,-1.849101
17.764956,-1.843284
17.766914,-1.836356
17.768740,-1.829511
17.771069,-1.821617
17.773006,-1.813719
17.775539,-1.805404
17.777330,-1.798103
17.779629,-1.790835
17.781479,-1.783454
17.783033,-1.776845
17.784771,-1.770521
17.786617,-1.763044
17.789082,-1.753019
17.790258,-1.747965
17.792292,-1.739129
17.793921,-1.731742
17.795597,-1.724070
17.796926,-1.717475
17.798307,-1.710712
17.800518,-1.700006
17.801336,-1.695585
17.803152,-1.686951
17.804525,-1.679802
17.805943,-1.671861
17.807245,-1.664348
17.808651,-1.656710
17.809658,-1.650765
17.810770,-1.643384
17.811911,-1.636111
17.813292,-1.627018
17.814434,-1.619374
17.815527,-1.611988
17.816568,-1.604492
17.817545,-1.596865
17.818455,-1.590846
17.819279,-1.583469
17.820240,-1.575855
17.821304,-1.566935
17.822042,-1.559035
17.822834,-1.551752
17.823723,-1.544105
17.824348,-1.536487
17.824949,-1.530750
17.825533,-1.523131
17.826174,-1.515320
17.826981,-1.506341
17.827415,-1.498391
17.828018,-1.490962
17.828482,-1.483360
17.828896,-1.476320
17.829378,-1.469041
17.829515,-1.461651
17.829800,-1.455057
17.830114,-1.447649
17.830538,-1.437011
17.830702,-1.430691
17.830919,-1.423346
17.830996,-1.415756
17.831266,-1.407964
17.831451,-1.400452
17.831629,-1.390391
17.831964,-1.382532
17.832561,-1.375767
17.832998,-1.368222
17.833765,-1.360986
17.834856,-1.353360
17.835798,-1.347531
17.837296,-1.340162
17.839390,-1.329773
17.840933,-1.324001
17.843067,-1.316423
17.845304,-1.308945
17.847490,-1.302322
17.850285,-1.294342
17.852549,-1.288729
17.855009,-1.282024
17.859524,-1.272115
17.862169,-1.266865
17.865610,-1.259791
17.869196,-1.253004
17.872900,-1.246144
17.876368,-1.239901
17.879112,-1.234814
17.884174,-1.225553
17.886404,-1.221496
17.890923,-1.213289
17.894642,-1.206645
17.898264,-1.199929
17.901663,-1.193710
17.905767,-1.186466
17.909006,-1.180366
17.912859,-1.173816
17.918583,-1.164987
17.921455,-1.160156
17.925917,-1.154103
17.930725,-1.148074
17.934933,-1.142013
17.939991,-1.136367
17.944109,-1.131614
17.948835,-1.126062
17.954578,-1.120387
17.960892,-1.113736
17.966469,-1.108940
17.972195,-1.103604
17.977743,-1.098885
17.983761,-1.094162
17.988419,-1.090350
17.997059,-1.084357
18.000975,-1.081425
18.008627,-1.076584
18.014965,-1.072737
18.021610,-1.068619
18.028194,-1.065108
18.035192,-1.061243
18.040565,-1.058293
18.047224,-1.054849
18.056158,-1.050138
18.061375,-1.047102
18.068453,-1.043282
18.075232,-1.039610
18.081394,-1.036386
18.088570,-1.032691
18.094347,-1.029592
18.101175,-1.026540
18.108212,-1.023535
18.116426,-1.019885
18.124071,-1.017284
18.131199,-1.014613
18.138288,-1.012386
18.145069,-1.010514
18.151129,-1.008621
18.158436,-1.007028
18.168406,-1.004915
18.175087,-1.003797
18.182652,-1.002604
18.190367,-1.001419
18.198116,-1.000667
18.205185,-1.000193
18.211496,-0.999636
18.219439,-0.999567
18.226957,-0.999313
18.236006,-0.999581
18.243731,-0.999812
18.251427,-1.000406
18.258869,-1.001179
18.265560,-1.001722
18.272114,-1.002676
18.279713,-1.003906
18.287470,-1.005555
18.296562,-1.007510
18.303596,-1.009286
18.311409,-1.011562
18.318356,-1.013591
18.325794,-1.016219
18.331314,-1.017679
18.338278,-1.019957
18.345358,-1.022249
18.353899,-1.024916
18.361876,-1.027406
18.367771,-1.029292
18.375507,-1.031809
18.382875,-1.034037
18.388880,-1.035937
18.395721,-1.038188
18.402285,-1.040276
18.412220,-1.043378
18.419012,-1.045640
18.425938,-1.047751
18.433548,-1.050206
18.440737,-1.052481
18.446434,-1.054506
18.456745,-1.057648
18.460991,-1.058944
18.468626,-1.061282
18.476839,-1.063905
18.484259,-1.066241
18.491577,-1.068685
18.498682,-1.070963
18.504580,-1.072872
18.511669,-1.075222
18.519156,-1.077397
18.527754,-1.080105
18.535318,-1.082335
18.542257,-1.084543
18.549482,-1.086555
18.556742,-1.088799
18.562777,-1.090485
18.569880,-1.092458
18.577152,-1.094364
18.586107,-1.096803
18.593298,-1.098673
18.600771,-1.100647
18.607817,-1.102318
18.615805,-1.104334
18.621439,-1.105596
18.628908,-1.107168
18.636370,-1.109171
18.645033,-1.110931
18.652868,-1.112663
18.660416,-1.114227
18.667978,-1.115686
18.675430,-1.117236
18.681383,-1.118360
18.688763,-1.119809
18.696636,-1.121209
18.705372,-1.122860
18.712574,-1.124105
18.720200,-1.125328
18.727953,-1.126734
18.735582,-1.127915
18.741009,-1.128843
18.751408,-1.130240
18.755939,-1.130889
18.764910,-1.132106
18.772676,-1.133236
18.778292,-1.134073
18.780983,-1.134209
18.782272,-1.134497
18.781958,-1.134315
18.781582,-1.133981
18.781601,-1.134022
18.781744,-1.133878
18.781809,-1.133835
18.781858,-1.133861
18.781616,-1.133816
18.782091,-1.133732
18.782021,-1.133659
18.781929,-1.133644
18.782064,-1.133881
18.781717,-1.133506
18.781612,-1.133635
18.781506,-1.133691
18.781458,-1.133572
18.781366,-1.133513
18.781260,-1.133497
18.781441,-1.133555
18.781610,-1.133530
18.781347,-1.133348
18.781382,-1.133503
18.781012,-1.133604
18.780937,-1.133627
18.781122,-1.133607
18.780989,-1.133709
18.781092,-1.133682
18.780958,-1.133589
18.780947,-1.133604
18.780945,-1.133751
18.781002,-1.133750
18.780624,-1.133533
18.780655,-1.133520
18.781044,-1.133309
18.781343,-1.133231
18.780712,-1.133613
18.780577,-1.133683
18.780682,-1.133655
18.780746,-1.133633
18.780827,-1.133725
18.780090,-1.133978
18.780262,-1.134093
18.780252,-1.134240
18.780125,-1.134079
18.780451,-1.133880
18.780199,-1.133893
18.780188,-1.133719
18.780231,-1.133679
18.780018,-1.133925
18.779989,-1.133983
18.780186,-1.133745
18.779741,-1.133890
18.779865,-1.133861
18.780075,-1.133852
18.779760,-1.133818
18.779846,-1.133802
18.780041,-1.133865
18.779768,-1.134028
18.779884,-1.133632
18.779669,-1.133974
18.779808,-1.134037
18.779781,-1.134042
18.779600,-1.133953
18.779661,-1.133703
18.779850,-1.131929
18.780003,-1.129233
18.780155,-1.123477
18.780628,-1.115708
18.780581,-1.105437
18.780865,-1.097380
18.780993,-1.089661
18.780960,-1.082085
18.780987,-1.074755
18.781139,-1.069093
18.781200,-1.061163
18.781187,-1.053533
18.780928,-1.044145
18.780994,-1.036553
18.780970,-1.028891
18.780718,-1.021313
18.780514,-1.013686
18.780369,-1.007268
18.779921,-1.000138
18.779705,-0.992213
18.779526,-0.984738
18.779057,-0.975591
18.778765,-0.968225
18.778229,-0.960383
18.777540,-0.953289
18.777285,-0.946656
18.776600,-0.939299
18.776117,-0.931488
18.775440,-0.922576
18.774542,-0.914980
18.774004,-0.907053
18.773138,-0.899807
18.772408,-0.892362
18.771696,-0.886143
18.770689,-0.879056
18.770063,-0.871277
18.768827,-0.862291
18.767618,-0.854639
18.766823,-0.847490
18.765930,-0.841732
18.765423,-0.838146
18.765175,-0.836749
18.765137,-0.836312
18.765425,-0.837517
18.765015,-0.837542
18.765226,-0.837488
18.764786,-0.837611
18.764977,-0.837602
18.764874,-0.837508
18.764809,-0.837431
18.764866,-0.837425
18.764986,-0.837716
18.765097,-0.837978
18.764919,-0.837500
18.764956,-0.837513
18.765059,-0.837654
18.765141,-0.837625
18.765106,-0.837742
18.765133,-0.837947
18.765194,-0.838214
18.765226,-0.838360
18.765003,-0.838172
18.765081,-0.838165
18.765162,-0.838358
18.765137,-0.838345
18.765196,-0.838363
18.765398,-0.838537
18.765444,-0.838523
18.765209,-0.838504
18.765354,-0.838562
18.765440,-0.838473
18.765516,-0.838755
18.765591,-0.838787
18.765593,-0.838802
18.765560,-0.838746
18.765512,-0.838767
18.765474,-0.838872
18.765558,-0.838856
18.765745,-0.838973
18.765516,-0.839039
18.765369,-0.839094
18.765593,-0.839226
18.765562,-0.839145
18.763874,-0.838474
18.759182,-0.836873
18.753405,-0.834775
18.745655,-0.831892
18.737814,-0.829533
18.730356,-0.827152
18.724297,-0.825444
18.717402,-0.823134
18.707344,-0.820050
18.700956,-0.818151
18.693804,-0.816037
18.686701,-0.813879
18.679117,-0.811599
18.672268,-0.809766
18.665955,-0.807957
18.658924,-0.806206
18.651064,-0.803945
18.642145,-0.801824
18.635162,-0.799939
18.627638,-0.798209
18.620548,-0.796576
18.613266,-0.794797
18.606493,-0.793213
18.599279,-0.791553
18.592279,-0.790085
18.583218,-0.788133
18.575583,-0.786607
18.568014,-0.784899
18.560856,-0.783506
18.555658,-0.782482
18.552341,-0.781780
18.550253,-0.781455
18.550318,-0.781439
18.551310,-0.781854
18.551350,-0.781872
18.550951,-0.781911
18.550394,-0.781582
18.548252,-0.781666
18.545364,-0.781804
18.539135,-0.781542
18.531366,-0.781500
18.523342,-0.781764
18.513447,-0.781884
18.505705,-0.782061
18.497919,-0.782504
18.490290,-0.782542
18.484514,-0.782930
18.477257,-0.783256
18.469591,-0.783490
18.460232,-0.783816
18.452639,-0.784256
18.444754,-0.784759
18.436977,-0.785232
18.429693,-0.785811
18.423458,-0.786375
18.415815,-0.786937
18.408678,-0.787394
18.398312,-0.788411
18.390974,-0.789152
18.384850,-0.789786
18.377487,-0.790363
18.369513,-0.791314
18.363276,-0.792072
18.353363,-0.792964
18.348972,-0.793587
18.339174,-0.794807
18.331612,-0.795920
18.323978,-0.796866
18.316690,-0.798002
18.308870,-0.799273
18.302721,-0.800028
18.292175,-0.801704
18.287714,-0.802419
18.279991,-0.803760
18.271219,-0.805385
18.263666,-0.806758
18.256184,-0.808052
18.248522,-0.809518
18.242712,-0.810668
18.235186,-0.812235
18.227825,-0.813678
18.218559,-0.815591
18.211243,-0.817160
18.203848,-0.818867
18.196686,-0.820471
18.189283,-0.822257
18.182909,-0.823780
18.175655,-0.825480
18.168215,-0.827327
18.159445,-0.829501
18.152390,-0.831431
18.145033,-0.833375
18.137688,-0.835412
18.129684,-0.837589
18.123985,-0.839205
18.117132,-0.841131
18.109566,-0.843180
18.100840,-0.845798
18.093546,-0.847941
18.085960,-0.850346
18.078997,-0.852447
18.071321,-0.854871
18.065598,-0.856774
18.058510,-0.859054
18.051418,-0.861425
18.042419,-0.864545
18.035210,-0.867069
18.028011,-0.869564
18.020987,-0.872050
18.013683,-0.874772
18.008055,-0.876816
18.000977,-0.879400
17.993383,-0.882231
17.984783,-0.885601
17.978132,-0.888160
17.970907,-0.891055
17.964258,-0.893675
17.957369,-0.896558
17.951675,-0.898942
17.944469,-0.901957
17.937378,-0.904972
17.929131,-0.908466
17.922396,-0.911356
17.915163,-0.914481
17.908319,-0.917646
17.901529,-0.920649
17.895750,-0.923414
17.888536,-0.926878
17.881620,-0.930121
17.874866,-0.933354
17.866072,-0.937565
17.858568,-0.941069
17.851990,-0.943973
17.844889,-0.946732
17.839102,-0.949137
17.832109,-0.951679
17.824938,-0.954025
17.816311,-0.956662
17.808863,-0.958483
17.801310,-0.960454
17.794228,-0.961829
17.786846,-0.963132
17.780252,-0.964268
17.773115,-0.965097
17.765142,-0.966013
17.756128,-0.966642
17.748856,-0.967254
17.741272,-0.967285
17.733438,-0.967419
17.726351,-0.967366
17.721416,-0.967197
17.718472,-0.967193
17.717291,-0.966866
17.714996,-0.966838
17.712608,-0.966399
17.710251,-0.965991
17.707624,-0.965719
17.704321,-0.964997
17.698822,-0.964099
17.691242,-0.962810
17.683033,-0.960802
17.673807,-0.959336
17.666504,-0.957815
17.659092,-0.956579
17.651968,-0.955285
17.644423,-0.953984
17.638180,-0.953027
17.630892,-0.951660
17.623472,-0.950360
17.614626,-0.948827
17.606438,-0.947484
17.598513,-0.945886
17.591633,-0.944443
17.586632,-0.943190
17.584332,-0.942599
17.582899,-0.942303
17.581726,-0.942161
17.578812,-0.940757
17.576504,-0.939934
17.574354,-0.939169
17.572388,-0.938331
17.570366,-0.937577
17.568178,-0.936685
17.565735,-0.935399
17.562786,-0.933839
17.553375,-0.929134
17.545818,-0.924811
17.540314,-0.921637
17.533066,-0.917824
17.526602,-0.914116
17.521381,-0.911101
17.515104,-0.907512
17.508034,-0.903692
17.501438,-0.899751
17.493889,-0.895635
17.486959,-0.891697
17.480354,-0.887803
17.473841,-0.884165
17.468536,-0.881070
17.461393,-0.876745
17.454762,-0.872644
17.447102,-0.867752
17.440979,-0.863594
17.435310,-0.859457
17.429251,-0.854827
17.423340,-0.850094
17.418724,-0.846106
17.412928,-0.840971
17.407522,-0.835708
17.401077,-0.829504
17.395962,-0.823816
17.390820,-0.818218
17.385895,-0.812425
17.381172,-0.806604
17.377285,-0.802056
17.372717,-0.795755
17.368412,-0.789618
17.363262,-0.782032
17.359224,-0.775552
17.355371,-0.769092
17.351778,-0.762164
17.348104,-0.755667
17.345444,-0.750327
17.342167,-0.743368
17.338839,-0.736744
17.334925,-0.728288
17.331810,-0.722170
17.328251,-0.715317
17.324953,-0.708371
17.321651,-0.701609
17.318851,-0.695872
17.315434,-0.688260
17.312252,-0.681060
17.309526,-0.674533
17.306131,-0.666675
17.303886,-0.659581
17.301291,-0.651830
17.299208,-0.644357
17.297644,-0.638526
17.295250,-0.628339
17.294201,-0.623921
17.292454,-0.614833
17.291307,-0.607201
17.290165,-0.599620
17.289619,-0.592396
17.288980,-0.585096
17.288662,-0.578358
17.288481,-0.570744
17.288298,-0.563327
17.288509,-0.554499
17.288750,-0.546653
17.289175,-0.539181
17.290094,-0.531991
17.290794,-0.524384
17.291653,-0.517879
17.293011,-0.510484
17.294464,-0.502784
17.296503,-0.494066
17.298136,-0.487041
17.300314,-0.479682
17.302361,-0.472660
17.304880,-0.465236
17.307003,-0.459466
17.309607,-0.451989
17.312670,-0.444965
17.315550,-0.438088
17.319590,-0.429600
17.322952,-0.423138
17.326183,-0.416516
17.329540,-0.410297
17.332586,-0.404438
17.335932,-0.397991
17.339512,-0.391503
17.343309,-0.383165
17.346752,-0.376577
17.350365,-0.369308
17.353645,-0.362631
17.356857,-0.356584
17.360046,-0.350315
17.363354,-0.344001
17.367031,-0.337022
17.371222,-0.328747
17.374634,-0.322253
17.377853,-0.316095
17.381557,-0.308773
17.385082,-0.302307
17.387697,-0.297079
17.391258,-0.290279
17.394758,-0.283611
17.398289,-0.276824
17.402475,-0.268701
17.405989,-0.261900
17.409536,-0.255136
17.413197,-0.248334
17.416035,-0.242735
17.419327,-0.236308
17.423191,-0.228892
17.427326,-0.221183
17.430832,-0.214585
17.434259,-0.207467
17.437889,-0.200710
17.441011,-0.194269
17.443758,-0.188472
17.446930,-0.181891
17.450239,-0.174681
17.454029,-0.166322
17.457058,-0.159717
17.460270,-0.152509
17.463459,-0.145424
17.466631,-0.137983
17.468868,-0.132684
17.471609,-0.126034
17.474911,-0.118979
17.477734,-0.112057
17.481562,-0.103520
17.484642,-0.096591
17.487831,-0.089343
17.491137,-0.082064
17.493605,-0.076946
17.497360,-0.070119
17.500772,-0.063678
17.504360,-0.057254
17.509388,-0.049511
17.513420,-0.043075
17.517818,-0.036876
17.522297,-0.030587
17.526154,-0.025604
17.530846,-0.020145
17.535744,-0.014335
17.541143,-0.008491
17.547401,-0.001859
17.552509,0.003378
17.558163,0.008602
17.563261,0.013974
17.568163,0.018200
17.573355,0.022872
17.580757,0.029900
17.585358,0.034189
17.590799,0.039487
17.596390,0.044679
17.601929,0.050021
17.607258,0.055108
17.611923,0.059299
17.617990,0.065191
17.623787,0.070187
17.629400,0.075002
17.636385,0.080542
17.642427,0.085000
17.649065,0.089693
17.654751,0.093635
17.660053,0.097006
17.666100,0.100850
17.672398,0.104360
17.680975,0.108596
17.687704,0.112128
17.694447,0.115231
17.701744,0.118465
17.708574,0.121160
17.714111,0.123400
17.721220,0.125916
17.728571,0.128230
17.737289,0.130851
17.744377,0.132640
17.751650,0.134447
17.759228,0.136003
17.766508,0.137542
17.772608,0.138614
17.780094,0.139462
17.787561,0.140489
17.796400,0.141084
17.803768,0.141586
17.811842,0.141698
17.818928,0.141818
17.826185,0.142026
17.832506,0.141618
17.840260,0.141177
17.847836,0.140632
17.855385,0.139561
17.864517,0.138422
17.872118,0.136902
17.879456,0.135567
17.886232,0.134255
17.892422,0.132718
17.900024,0.130822
17.907173,0.128609
17.915689,0.125987
17.922897,0.123210
17.930168,0.120477
17.936663,0.117920
17.943947,0.114589
17.949654,0.112185
17.956602,0.108652
17.963444,0.105657
17.971252,0.102048
17.978086,0.098631
17.985184,0.095306
17.992058,0.092010
17.998363,0.089049
18.004206,0.086223
18.011255,0.083010
18.018085,0.079732
18.025297,0.076382
18.033197,0.072616
18.040159,0.069299
18.047241,0.065825
18.053438,0.063016
18.059231,0.060024
18.066031,0.056897
18.072989,0.053425
18.079779,0.050265
18.088043,0.046182
18.094549,0.042990
18.101181,0.039898
18.108236,0.036584
18.113724,0.034008
18.120867,0.030670
18.127869,0.027528
18.136511,0.023504
18.143677,0.020174
18.150566,0.017099
18.157124,0.014270
18.164469,0.011062
18.169861,0.008749
18.176823,0.005905
18.183739,0.003003
18.190884,0.000079
18.199482,-0.003365
18.206696,-0.006209
18.213535,-0.009032
18.220427,-0.011639
18.225979,-0.013594
18.233454,-0.016452
18.240509,-0.019069
18.247496,-0.021596
18.256098,-0.024790
18.263523,-0.027297
18.270880,-0.029816
18.277613,-0.032222
18.283457,-0.034014
18.291147,-0.036505
18.297436,-0.038560
18.304073,-0.040721
18.313950,-0.043859
18.319712,-0.045744
18.322800,-0.046656
18.324289,-0.047130
18.324287,-0.047134
18.323864,-0.046598
18.323923,-0.046514
18.324173,-0.046679
18.324127,-0.046496
18.324381,-0.046686
18.326632,-0.046646
18.330776,-0.047056
18.335663,-0.047519
18.343372,-0.047859
18.351845,-0.048451
18.359818,-0.048964
18.368769,-0.049420
18.376503,-0.049779
18.383795,-0.049957
18.391142,-0.050510
18.397066,-0.050666
18.404976,-0.051171
18.412573,-0.051254
18.422224,-0.051540
18.429537,-0.051713
18.437687,-0.051730
18.445114,-0.051781
18.452623,-0.051716
18.458712,-0.051725
18.466051,-0.051783
18.473806,-0.051652
18.482643,-0.051531
18.490442,-0.051331
18.498228,-0.051134
18.505665,-0.050902
18.513174,-0.050540
18.518845,-0.050220
18.526876,-0.049963
18.534632,-0.049501
18.542141,-0.048991
18.551292,-0.048376
18.558825,-0.047823
18.565956,-0.047272
18.574419,-0.046762
18.579967,-0.046311
18.588001,-0.045746
18.594963,-0.045037
18.602285,-0.044329
18.611464,-0.043367
18.619207,-0.042558
18.626343,-0.041957
18.634220,-0.040869
18.640625,-0.040184
18.648148,-0.039179
18.655781,-0.038138
18.664824,-0.036964
18.672241,-0.035832
18.679882,-0.034736
18.687185,-0.033497
18.694626,-0.032348
18.701145,-0.031344
18.708578,-0.030094
18.716284,-0.028994
18.724663,-0.027386
18.732740,-0.025845
18.740215,-0.024361
18.747370,-0.022949
18.754345,-0.021606
18.761034,-0.020189
18.768932,-0.018632
18.776121,-0.017055
18.782959,-0.015545
18.791782,-0.013632
18.799421,-0.011821
18.806824,-0.009891
18.813772,-0.008283
18.819748,-0.006813
18.826927,-0.005036
18.834581,-0.003119
18.842052,-0.001040
18.850935,0.001182
18.858278,0.003140
18.865637,0.005063
18.872089,0.006912
18.879025,0.008867
18.886242,0.011025
18.893478,0.013261
18.900621,0.015332
18.907446,0.017506
18.916700,0.020256
18.923964,0.022818
18.930470,0.024881
18.936934,0.026979
18.944033,0.029444
18.951292,0.031813
18.959881,0.034725
18.967379,0.037041
18.974131,0.039731
18.981735,0.042363
18.988997,0.044905
18.994253,0.047147
19.001486,0.049553
19.008274,0.052255
19.017447,0.055894
19.024513,0.058896
19.031750,0.061528
19.038315,0.064300
19.045454,0.067025
19.050575,0.069390
19.058500,0.072605
19.064060,0.074788
19.074219,0.079339
19.081562,0.082431
19.086952,0.084850
19.093966,0.088303
19.100674,0.091241
19.107613,0.094612
19.114567,0.097935
19.119989,0.100656
19.127674,0.104189
19.131105,0.105835
19.133190,0.106412
19.135033,0.107393
19.137236,0.108290
19.139074,0.108846
19.141245,0.109604
19.143736,0.110397
19.145813,0.110899
19.148634,0.111856
19.151016,0.112304
19.153458,0.113058
19.155735,0.113329
19.157433,0.113883
19.159460,0.114108
19.162016,0.114541
19.164360,0.114865
19.167410,0.115135
19.169668,0.115372
19.172300,0.115475
19.174623,0.115654
19.176439,0.115728
19.178621,0.115625
19.181133,0.115589
19.183550,0.115565
19.186428,0.115343
19.190384,0.115270
19.196678,0.114905
19.204208,0.114601
19.210613,0.113988
19.218653,0.113636
19.226822,0.112944
19.235737,0.112870
19.241524,0.112597
19.250484,0.112241
19.258097,0.112202
19.266891,0.111689
19.272987,0.111229
19.280577,0.110569
19.288055,0.109814
19.296677,0.108769
19.303995,0.107638
19.311550,0.106100
19.318750,0.104576
19.326126,0.102690
19.332327,0.101222
19.339334,0.099230
19.346495,0.097597
19.354874,0.095048
19.362642,0.093218
19.370167,0.091238
19.377041,0.089405
19.384472,0.087469
19.390270,0.085956
19.397560,0.084094
19.407810,0.081472
19.412424,0.080182
19.422005,0.077569
19.429613,0.075368
19.436167,0.073146
19.443325,0.070915
19.449284,0.068607
19.456194,0.065730
19.463202,0.062943
19.469843,0.059729
19.478298,0.055489
19.484835,0.051878
19.490955,0.048438
19.497494,0.044410
19.502687,0.040991
19.509005,0.036908
19.515020,0.032646
19.520927,0.028305
19.528435,0.022482
19.534346,0.017603
19.539911,0.012730
19.545349,0.007500
19.550142,0.003009
19.555443,-0.002258
19.560736,-0.007987
19.565966,-0.013392
19.572056,-0.019616
19.577011,-0.024927
19.582439,-0.030497
19.587612,-0.035792
19.591829,-0.040482
19.597158,-0.045872
19.602367,-0.051429
19.608959,-0.058314
19.614685,-0.064467
19.619333,-0.070133
19.624342,-0.076051
19.628757,-0.081518
19.632729,-0.086636
19.637047,-0.092441
19.641333,-0.098701
19.646320,-0.106201
19.650198,-0.112848
19.654097,-0.119472
19.657530,-0.126028
19.660749,-0.132228
19.663771,-0.138393
19.666773,-0.145415
19.669794,-0.152370
19.672512,-0.159634
19.675970,-0.168487
19.678307,-0.175725
19.680655,-0.182986
19.682749,-0.190079
19.684126,-0.195958
19.685938,-0.203502
19.687513,-0.210879
19.688940,-0.218709
19.690321,-0.227529
19.691114,-0.235003
19.692017,-0.242957
19.692574,-0.250031
19.692825,-0.255734
19.693100,-0.263313
19.693275,-0.270056
19.693468,-0.279962
19.692999,-0.288445
19.691822,-0.295499
19.691463,-0.302835
19.690573,-0.310009
19.689314,-0.317074
19.688194,-0.324027
19.686714,-0.331546
19.684929,-0.339117
19.682455,-0.348296
19.680372,-0.356095
19.678337,-0.362552
19.675995,-0.369834
19.674253,-0.375266
19.671358,-0.382474
19.669243,-0.389696
19.666336,-0.396682
19.663416,-0.405315
19.660746,-0.412372
19.658390,-0.419662
19.655823,-0.426901
19.653893,-0.432443
19.651524,-0.439695
19.649010,-0.446927
19.645868,-0.455596
19.643404,-0.462581
19.640682,-0.470399
19.638031,-0.477368
19.635742,-0.484102
19.633736,-0.489918
19.631414,-0.496907
19.628710,-0.504159
19.626045,-0.511595
19.623177,-0.520052
19.620663,-0.527360
19.618023,-0.534485
19.615530,-0.541423
19.613365,-0.547442
19.610834,-0.554789
19.608259,-0.561807
19.605719,-0.568810
19.602537,-0.577495
19.600069,-0.584763
19.597462,-0.592221
19.595139,-0.599282
19.593224,-0.605177
19.590836,-0.612427
19.588797,-0.619066
19.586538,-0.626527
19.583845,-0.635154
19.581926,-0.642262
19.579592,-0.649701
19.577677,-0.656838
19.575926,-0.662895
19.573910,-0.670452
19.571846,-0.677710
19.570013,-0.684886
19.567659,-0.693782
19.565855,-0.701099
19.564028,-0.708468
19.562422,-0.715817
19.561037,-0.721881
19.559317,-0.729262
19.557632,-0.736442
19.555655,-0.745484
19.554111,-0.752931
19.552734,-0.759981
19.551128,-0.767438
19.549692,-0.775195
19.548410,-0.781273
19.546907,-0.788642
19.545546,-0.795761
19.544193,-0.803750
19.542587,-0.811054
19.542385,-0.813891
19.541985,-0.815243
19.541851,-0.814722
19.542526,-0.814127
19.542166,-0.814333
19.542274,-0.814340
19.542299,-0.815112
19.542410,-0.817142
19.542772,-0.821690
19.542433,-0.827870
19.542555,-0.835692
19.542969,-0.843534
19.543341,-0.851618
19.543623,-0.858922
19.544024,-0.868301
19.544449,-0.875712
19.545130,-0.883366
19.545536,-0.890995
19.545912,-0.897590
19.546507,-0.904498
19.547031,-0.911621
19.547689,-0.919452
19.548574,-0.928427
19.549232,-0.936223
19.549961,-0.943958
19.550648,-0.951521
19.551424,-0.958486
19.552223,-0.965004
19.553083,-0.973206
19.553978,-0.980386
19.554863,-0.987930
19.556042,-0.996682
19.557095,-1.004410
19.558187,-1.012025
19.559160,-1.018615
19.560194,-1.025370
19.561420,-1.033095
19.562546,-1.040420
19.563936,-1.048094
19.565432,-1.056772
19.566908,-1.064810
19.568169,-1.071971
19.569321,-1.079203
19.570686,-1.085523
19.572172,-1.092896
19.573793,-1.100580
19.575203,-1.108190
19.577066,-1.116576
19.578527,-1.123885
19.580332,-1.131998
19.581930,-1.138969
19.583382,-1.145184
19.585119,-1.152464
19.586699,-1.159372
19.588478,-1.166623
19.590879,-1.175905
19.592722,-1.183072
19.594631,-1.190303
19.596460,-1.197622
19.598295,-1.204287
19.600307,-1.211853
19.602221,-1.218187
19.604174,-1.225204
19.607071,-1.234945
19.608974,-1.241439
19.611261,-1.248843
19.613798,-1.256384
19.615568,-1.262155
19.617825,-1.269345
19.620365,-1.276986
19.622816,-1.284006
19.625063,-1.291105
19.628197,-1.299744
19.630659,-1.306634
19.633240,-1.314036
19.635241,-1.319505
19.638157,-1.327114
19.640808,-1.334438
19.644003,-1.342869
19.646584,-1.349676
19.649437,-1.357357
19.652117,-1.364079
19.654905,-1.371143
19.657347,-1.377270
19.660051,-1.383596
19.662989,-1.390753
19.666218,-1.397928
19.669716,-1.406031
19.672831,-1.413099
19.675827,-1.419908
19.679020,-1.427009
19.681473,-1.432523
19.684673,-1.439685
19.687584,-1.445879
19.691233,-1.453791
19.695471,-1.462222
19.698479,-1.468714
19.701622,-1.475379
19.704967,-1.481755
19.707882,-1.487638
19.711493,-1.494685
19.714954,-1.501688
19.718119,-1.507910
19.722406,-1.515861
19.726042,-1.522673
19.729475,-1.529016
19.733385,-1.536032
19.735985,-1.540979
19.739870,-1.547817
19.743689,-1.554752
19.747662,-1.561836
19.751343,-1.568355
19.755827,-1.576250
19.759510,-1.582721
19.763493,-1.589155
19.766806,-1.594839
19.770826,-1.601163
19.774714,-1.608070
19.778212,-1.613557
19.783430,-1.621567
19.787342,-1.628170
19.791542,-1.634108
19.795441,-1.640566
19.798820,-1.645618
19.803263,-1.652163
19.807392,-1.658393
19.811457,-1.664451
19.816967,-1.672302
19.821205,-1.678396
19.825397,-1.684534
19.829716,-1.690605
19.833681,-1.695964
19.838039,-1.701846
19.842335,-1.707690
19.846794,-1.713838
19.852369,-1.721653
19.857014,-1.727583
19.861481,-1.733494
19.865892,-1.739237
19.869677,-1.744442
19.874741,-1.750658
19.879217,-1.756525
19.883947,-1.762514
19.889696,-1.769780
19.894531,-1.775516
19.899517,-1.781683
19.904018,-1.787065
19.908173,-1.792036
19.913263,-1.798065
19.918114,-1.803718
19.922834,-1.809167
19.929178,-1.816186
19.934111,-1.821880
19.939186,-1.827568
19.943871,-1.832764
19.948332,-1.837846
19.953392,-1.843613
19.958366,-1.849466
19.964062,-1.856061
19.969000,-1.861811
19.973953,-1.867676
19.978899,-1.873473
19.983456,-1.878829
19.987833,-1.883825
19.992825,-1.889578
19.997757,-1.895258
20.002605,-1.900890
20.007835,-1.906952
20.013405,-1.913721
20.018372,-1.919376
20.023275,-1.925272
20.027191,-1.929522
20.032341,-1.935625
20.037098,-1.941253
20.043669,-1.948807
20.049135,-1.955330
20.053026,-1.960055
20.057245,-1.965760
20.061676,-1.971811
20.065804,-1.977862
20.068987,-1.983351
20.068884,-1.984195
20.068975,-1.983007
20.069832,-1.986890
20.070251,-1.990265
20.070583,-1.995611
20.071507,-2.001953
20.072235,-2.007834
20.073338,-2.012698
20.074911,-2.016191
20.076376,-2.018664
20.076828,-2.018809
20.076832,-2.018548
20.076828,-2.018561
20.076818,-2.018544
20.076828,-2.018561
20.076828,-2.018561
20.076828,-2.018561
20.076828,-2.018561
20.076828,-2.018561
20.076828,-2.018561
20.076828,-2.018561
20.076828,-2.018561
20.076828,-2.018561
20.076828,-2.018561
20.076813,-2.018600
20.076813,-2.018600
20.076813,-2.018600
20.076813,-2.018600
20.076813,-2.018600
20.076792,-2.018654
20.076792,-2.018654
20.076792,-2.018654
20.076792,-2.018654
20.076792,-2.018654
20.076792,-2.018655
20.076792,-2.018655
20.076792,-2.018655
20.076792,-2.018655
20.076792,-2.018655
20.076792,-2.018655
20.076782,-2.018678
20.076782,-2.018678
20.076782,-2.018680
20.076782,-2.018680
20.076782,-2.018680
20.076782,-2.018680
20.076782,-2.018680
20.076782,-2.018680
20.076782,-2.018680
20.076782,-2.018680
20.076782,-2.018680
20.076782,-2.018680
20.076782,-2.018680
20.076782,-2.018680
20.076782,-2.018680
20.076782,-2.018680
20.076782,-2.018680
20.076782,-2.018680
20.076782,-2.018680
20.076782,-2.018680
20.076782,-2.018680
20.076782,-2.018680
20.076782,-2.018680
20.076782,-2.018680
20.076782,-2.018680
20.076782,-2.018680
20.076782,-2.018680
20.076782,-2.018680
20.076782,-2.018680
20.076782,-2.018680
20.076782,-2.018680
20.076782,-2.018680
20.076782,-2.018680
20.076782,-2.018680
20.076782,-2.018680
20.076782,-2.018680
20.076782,-2.018680
20.076782,-2.018680
20.076782,-2.018680
20.076782,-2.018680
20.076782,-2.018680
20.076782,-2.018680
20.076782,-2.018680
20.076782,-2.018680
20.076782,-2.018680
20.076782,-2.018680
20.076782,-2.018680
20.076782,-2.018680
20.076782,-2.018680
20.076782,-2.018680
20.076782,-2.018680
20.076782,-2.018680
20.076782,-2.018680
20.076782,-2.018680
20.076782,-2.018680
20.076782,-2.018680
20.076782,-2.018680
20.076782,-2.018680
20.076782,-2.018680
20.076782,-2.018680
20.076782,-2.018680
20.076782,-2.018680
20.076782,-2.018680
20.076782,-2.018680
20.076782,-2.018680
20.076782,-2.018680
20.076782,-2.018680
20.076782,-2.018680
20.076782,-2.018680
20.076782,-2.018680
20.076782,-2.018680
20.076782,-2.018680
20.076782,-2.018680
20.076782,-2.018680
20.076782,-2.018680
20.076782,-2.018680
20.076782,-2.018680
20.076782,-2.018680
20.076782,-2.018680
20.076782,-2.018680
20.076782,-2.018680
20.076782,-2.018680
20.076782,-2.018680
20.076782,-2.018680
20.076782,-2.018680
20.076782,-2.018680
20.076782,-2.018680
20.076782,-2.018680
20.076782,-2.018680
20.076782,-2.018680
20.076782,-2.018680
20.076782,-2.018680
20.076782,-2.018680
20.076782,-2.018680
20.076782,-2.018680
20.076782,-2.018680
20.076782,-2.018680
20.076782,-2.018680
20.076782,-2.018680
20.076782,-2.018680
20.076782,-2.018680
20.076782,-2.018680
20.076782,-2.018680
20.076782,-2.018680
20.076782,-2.018680
20.076782,-2.018680
20.076782,-2.018680
20.076782,-2.018680
20.076782,-2.018680
20.076782,-2.018680
20.076782,-2.018680
20.076782,-2.018680
20.076782,-2.018680
20.076782,-2.018680
20.076782,-2.018680
20.076782,-2.018680
20.076782,-2.018680
20.076782,-2.018680
20.076782,-2.018680
20.076782,-2.018680
20.076782,-2.018680
20.076782,-2.018680
20.076782,-2.018680
20.076782,-2.018680
20.076782,-2.018680
20.076782,-2.018680
20.076782,-2.018680
20.076782,-2.018680
20.076782,-2.018680
20.076782,-2.018680
20.076782,-2.018680
20.076782,-2.018680
20.076782,-2.018680
20.076782,-2.018680
20.076782,-2.018680
20.076782,-2.018680
20.076782,-2.018680
20.076782,-2.018680
20.076782,-2.018680
20.076782,-2.018680
20.076782,-2.018680
20.076782,-2.018680
20.076782,-2.018680
20.076782,-2.018680
20.076782,-2.018680
20.076782,-2.018680
20.076782,-2.018680
20.076782,-2.018680
20.076782,-2.018680
20.076782,-2.018680
20.076782,-2.018680
20.076782,-2.018680
20.076782,-2.018680
20.076782,-2.018680
20.076782,-2.018680
20.076782,-2.018680
20.076782,-2.018680
20.076782,-2.018680
20.076782,-2.018680
20.076782,-2.018680
20.076782,-2.018680
20.076782,-2.018680
20.076782,-2.018680
20.076782,-2.018680
20.076782,-2.018680
20.076782,-2.018680
20.076782,-2.018680
20.076782,-2.018680
20.076782,-2.018680
20.076782,-2.018680
20.076782,-2.018680
20.076782,-2.018680
20.076782,-2.018680
20.076782,-2.018680
20.076782,-2.018680
20.076782,-2.018680
20.076782,-2.018680
20.076782,-2.018680
20.076782,-2.018680
20.076782,-2.018680
20.076782,-2.018680
20.076782,-2.018680
20.076782,-2.018680
20.076782,-2.018680
20.076782,-2.018680
20.076782,-2.018680
20.076782,-2.018680
20.076782,-2.018680
20.076782,-2.018680
20.076782,-2.018680
20.076782,-2.018680
20.076782,-2.018680
20.076782,-2.018680
20.076782,-2.018680
20.076782,-2.018680
20.076782,-2.018680
20.076782,-2.018680
20.076786,-2.018666
20.076786,-2.018666
20.076786,-2.018666
20.076786,-2.018666
20.076786,-2.018666
20.076786,-2.018666
20.076786,-2.018666
20.076786,-2.018666
20.076786,-2.018666
20.076786,-2.018666
20.076786,-2.018666
20.076786,-2.018666
20.076786,-2.018666
20.076786,-2.018666
20.076786,-2.018666
20.076786,-2.018666
20.076786,-2.018666
20.076786,-2.018666
20.076786,-2.018666
20.076786,-2.018666
20.076786,-2.018666
20.076786,-2.018666
20.076786,-2.018666
20.076786,-2.018666
20.076786,-2.018666
20.076786,-2.018666
20.076786,-2.018666
20.076786,-2.018666
20.076786,-2.018666
20.076786,-2.018666
20.076786,-2.018666
20.076786,-2.018666
20.076786,-2.018666
20.076786,-2.018666
20.076786,-2.018666
20.076786,-2.018666
20.076786,-2.018666
20.076786,-2.018666
20.076786,-2.018666
20.076786,-2.018666
20.076786,-2.018666
20.076786,-2.018666
20.076786,-2.018666
20.076786,-2.018666
20.076786,-2.018666
20.076786,-2.018666
20.076786,-2.018666
20.076786,-2.018666
20.076786,-2.018666
20.076786,-2.018666
20.076786,-2.018666
20.076786,-2.018666
20.076786,-2.018666
20.076786,-2.018666
20.076786,-2.018666
20.076786,-2.018666
20.076786,-2.018666
20.076786,-2.018666
20.076786,-2.018666
20.076786,-2.018666
20.076786,-2.018666
20.076786,-2.018666
20.076786,-2.018666
20.076786,-2.018666
20.076786,-2.018666
20.076786,-2.018666
20.076786,-2.018666
20.076786,-2.018666
20.076786,-2.018666
20.076786,-2.018666
20.076786,-2.018666
20.076786,-2.018666
20.076786,-2.018666
20.076786,-2.018666
20.076786,-2.018666
20.076786,-2.018666
20.076786,-2.018666
20.076786,-2.018666
20.076786,-2.018666
20.076786,-2.018666
20.076786,-2.018666
20.076786,-2.018666
20.076786,-2.018666
20.076786,-2.018666
20.076786,-2.018666
20.076786,-2.018666
20.076786,-2.018666
20.076786,-2.018666
20.076786,-2.018666
20.076786,-2.018666
20.076786,-2.018666
20.076786,-2.018666
20.076786,-2.018666
20.076786,-2.018666
20.076786,-2.018666
20.076786,-2.018666
20.076786,-2.018666
20.076786,-2.018666
20.076786,-2.018666
20.076786,-2.018666
20.076786,-2.018666
20.076786,-2.018666
20.076786,-2.018666
20.076786,-2.018666
20.076786,-2.018666
20.076786,-2.018666
20.076786,-2.018666
20.076786,-2.018666
20.076786,-2.018666
20.076786,-2.018666
20.076786,-2.018666
20.076786,-2.018666
20.076786,-2.018666
20.076786,-2.018666
20.076786,-2.018666
20.076786,-2.018666
20.076786,-2.018666
20.076786,-2.018666
20.076786,-2.018666
20.076786,-2.018666
20.076786,-2.018666
20.076786,-2.018666
20.076786,-2.018666
20.076786,-2.018666
20.076786,-2.018666
20.076786,-2.018666
20.076786,-2.018666
20.076786,-2.018666
20.076786,-2.018666
20.076786,-2.018666
20.076786,-2.018666
20.076786,-2.018666
20.076786,-2.018666
20.076786,-2.018666
20.076786,-2.018666
20.076786,-2.018666
20.076786,-2.018666
20.076786,-2.018666
20.076786,-2.018666
20.076786,-2.018666
20.076786,-2.018666
20.076786,-2.018666
20.076786,-2.018666
20.076786,-2.018666
20.076786,-2.018666
20.076786,-2.018666
20.076786,-2.018666
20.076786,-2.018666
20.076786,-2.018666
20.076786,-2.018666
20.076786,-2.018666
20.076786,-2.018666
20.076786,-2.018666
20.076786,-2.018666
20.076786,-2.018666
20.076786,-2.018666
20.076786,-2.018666
20.076786,-2.018666
20.076786,-2.018666
20.076786,-2.018666
20.076786,-2.018666
20.076786,-2.018666
20.076786,-2.018666
20.076786,-2.018666
20.076786,-2.018666
20.076786,-2.018666
20.076786,-2.018666
20.076786,-2.018666
20.076786,-2.018666
20.076786,-2.018666
20.076786,-2.018666
20.076786,-2.018666
20.076786,-2.018666
20.076786,-2.018666
20.076786,-2.018666
20.076786,-2.018666
20.076786,-2.018666
20.076786,-2.018666
20.076786,-2.018666
20.076786,-2.018666
20.076786,-2.018666
20.076786,-2.018666
20.076786,-2.018666
20.076786,-2.018666
20.076786,-2.018666
20.076786,-2.018666
20.076786,-2.018666
20.076786,-2.018666
20.076786,-2.018666
20.076786,-2.018666
20.076786,-2.018666
20.076786,-2.018666
20.076786,-2.018666
20.076786,-2.018666
20.076786,-2.018666
20.076786,-2.018666
20.076786,-2.018666
20.076786,-2.018666
20.076786,-2.018666
20.076786,-2.018666
20.076786,-2.018666
20.076786,-2.018666
20.076786,-2.018666
20.076786,-2.018666
20.076786,-2.018666
20.076786,-2.018666
20.076786,-2.018666
20.076786,-2.018666
20.076786,-2.018666
20.076786,-2.018666
20.076786,-2.018666
20.076786,-2.018666
20.076786,-2.018666
20.076786,-2.018666
20.076786,-2.018666
20.076786,-2.018666
20.076786,-2.018666
20.076786,-2.018666
20.076786,-2.018666
20.076786,-2.018666
20.076786,-2.018666
20.076786,-2.018666
20.076786,-2.018666
20.076786,-2.018666
20.076786,-2.018666
20.076786,-2.018666
20.076786,-2.018666
20.076786,-2.018666
20.076786,-2.018666
20.076786,-2.018666
20.076786,-2.018666
20.076786,-2.018666
20.076786,-2.018666
20.076786,-2.018666
20.076786,-2.018666
20.076786,-2.018666
20.076786,-2.018666
20.076786,-2.018666
20.076786,-2.018666
20.076786,-2.018666
20.076786,-2.018666
20.076786,-2.018666
20.076786,-2.018666
20.076786,-2.018666
20.076786,-2.018666
20.076786,-2.018666
20.076786,-2.018666
20.076786,-2.018666
20.076786,-2.018666
20.076786,-2.018666
20.076786,-2.018666
20.076786,-2.018666
20.076786,-2.018666
20.076786,-2.018666
20.076786,-2.018666
20.076786,-2.018666
20.076786,-2.018666
20.076786,-2.018666
20.076786,-2.018666
20.076786,-2.018666
20.076786,-2.018666
20.076786,-2.018666
20.076769,-2.018676
20.076769,-2.018676
20.076782,-2.018680
20.076769,-2.018676
20.076738,-2.018710
20.076380,-2.017709
20.073256,-2.011799
20.071272,-2.007647
20.066788,-1.998725
20.066788,-1.998725
20.066788,-1.998725
20.066788,-1.998725
20.066788,-1.998725
20.066788,-1.998725
20.066788,-1.998725
20.066788,-1.998725
20.066788,-1.998725
20.066788,-1.998725
20.066788,-1.998725
20.066788,-1.998725
20.066788,-1.998725
20.066788,-1.998725
20.066788,-1.998725
20.066788,-1.998725
20.066788,-1.998725
20.066788,-1.998725
20.066788,-1.998725
20.066788,-1.998725
20.066788,-1.998725
20.066788,-1.998725
20.066788,-1.998725
20.066788,-1.998725
20.066788,-1.998725
20.066788,-1.998725
20.066788,-1.998725
20.066788,-1.998725
20.066788,-1.998725
20.066788,-1.998725
20.066788,-1.998725
20.066788,-1.998725
20.066788,-1.998725
20.066788,-1.998725
20.066788,-1.998725
20.066788,-1.998725
20.066788,-1.998725
20.066788,-1.998725
20.066788,-1.998725
20.066788,-1.998725
20.066788,-1.998725
20.066788,-1.998725
20.066788,-1.998725
20.066788,-1.998725
20.066788,-1.998725
20.066788,-1.998725
20.066788,-1.998725
20.066788,-1.998725
20.066788,-1.998725
20.066788,-1.998725
20.066788,-1.998725
20.066788,-1.998725
20.066788,-1.998725
20.066788,-1.998725
20.066788,-1.998725
20.066788,-1.998725
20.066788,-1.998725
20.066788,-1.998725
20.066788,-1.998725
20.066788,-1.998725
20.066788,-1.998725
20.066788,-1.998725
20.066788,-1.998725
20.066788,-1.998725
20.066788,-1.998725
20.066788,-1.998725
20.066788,-1.998725
20.066788,-1.998725
20.066788,-1.998725
20.066788,-1.998725
20.066788,-1.998725
20.066788,-1.998725
20.066788,-1.998725
20.066788,-1.998725
20.066788,-1.998725
20.066788,-1.998725
20.066788,-1.998725
20.066788,-1.998725
20.066788,-1.998725
20.066788,-1.998725
20.066788,-1.998725
20.066788,-1.998725
20.067228,-1.998709
20.067228,-1.998709
20.067228,-1.998709
20.067228,-1.998709
20.067228,-1.998709
20.067228,-1.998709
20.067228,-1.998709
20.067228,-1.998709
20.067228,-1.998709
20.067228,-1.998709
20.067228,-1.998709
20.067228,-1.998709
20.067228,-1.998709
20.067228,-1.998709
20.067228,-1.998709
20.067228,-1.998709
20.067228,-1.998709
20.067228,-1.998709
20.067228,-1.998709
20.067228,-1.998709
20.067228,-1.998709
20.067228,-1.998709
20.067228,-1.998709
20.067228,-1.998709
20.067228,-1.998709
20.067228,-1.998709
20.067228,-1.998709
20.067228,-1.998709
20.067228,-1.998709
20.067228,-1.998709
20.067228,-1.998709
20.067228,-1.998709
20.067228,-1.998709
20.067228,-1.998709
20.067228,-1.998708
20.067228,-1.998708
20.067228,-1.998708
20.067228,-1.998708
20.067228,-1.998707
20.067228,-1.998707
20.067228,-1.998707
20.067228,-1.998707
20.067228,-1.998707
20.067228,-1.998707
20.067228,-1.998707
20.067228,-1.998707
20.067228,-1.998707
20.067228,-1.998706
20.067228,-1.998706
20.067228,-1.998706
20.067228,-1.998706
20.067228,-1.998706
20.067228,-1.998706
20.067228,-1.998706
20.067228,-1.998706
20.067228,-1.998706
20.067228,-1.998706
20.067228,-1.998706
20.067228,-1.998706
20.067228,-1.998706
20.067228,-1.998706
20.067228,-1.998706
20.067228,-1.998706
20.067228,-1.998706
20.067228,-1.998706
20.067228,-1.998706
20.067228,-1.998706
20.067228,-1.998706
20.067228,-1.998706
20.067228,-1.998706
20.067228,-1.998706
20.067228,-1.998706
20.067228,-1.998706
20.067228,-1.998706
20.067228,-1.998706
20.067228,-1.998706
20.067228,-1.998706
20.067146,-1.998651
20.066483,-1.998619
20.066675,-1.998996
20.066912,-1.998984
20.066992,-1.999019
20.066885,-1.998810
20.066908,-1.998868
20.066889,-1.998865
20.066938,-1.998895
20.066938,-1.998895
20.066931,-1.998887
20.066912,-1.998867
20.066912,-1.998867
20.066931,-1.998866
20.066938,-1.998874
20.066931,-1.998865
20.066946,-1.998880
20.066935,-1.998867
20.066948,-1.998882
20.066942,-1.998876
20.066938,-1.998871
20.066952,-1.998885
20.066950,-1.998883
20.066942,-1.998874
20.066942,-1.998874
20.066942,-1.998874
20.066942,-1.998874
20.066942,-1.998874
20.066942,-1.998874
20.066942,-1.998874
20.066942,-1.998874
20.066942,-1.998874
20.066942,-1.998874
20.066942,-1.998874
20.066942,-1.998874
20.066942,-1.998874
20.066942,-1.998874
20.066942,-1.998874
20.066942,-1.998874
20.066942,-1.998874
20.066942,-1.998874
20.066942,-1.998874
20.066942,-1.998874
20.066942,-1.998874
20.066942,-1.998874
20.066942,-1.998874
20.066942,-1.998874
20.066942,-1.998874
20.066942,-1.998874
20.066942,-1.998874
20.066942,-1.998874
20.066942,-1.998874
20.066942,-1.998874
20.066942,-1.998874
20.066942,-1.998874
20.066942,-1.998874
20.066942,-1.998874
20.066942,-1.998874
20.066942,-1.998874
20.066942,-1.998874
20.066942,-1.998874
20.066942,-1.998874
20.066942,-1.998874
20.066942,-1.998874
20.066942,-1.998874
20.066942,-1.998874
20.066942,-1.998874
20.066942,-1.998874
20.066942,-1.998874
20.066942,-1.998874
20.066942,-1.998874
20.066942,-1.998874
20.066942,-1.998874
20.066942,-1.998874
20.066942,-1.998874
20.066942,-1.998874
20.066942,-1.998874
20.066942,-1.998874
20.066942,-1.998874
20.066942,-1.998874
20.066942,-1.998874
20.066942,-1.998874
20.066942,-1.998874
20.066942,-1.998874
20.066942,-1.998874
20.066942,-1.998874
20.066942,-1.998874
20.066942,-1.998874
20.066942,-1.998874
20.066942,-1.998874
20.066942,-1.998874
20.066942,-1.998874
20.066942,-1.998874
20.066942,-1.998874
20.066942,-1.998874
20.066942,-1.998874
20.066942,-1.998874
20.066942,-1.998874
20.066942,-1.998874
20.066942,-1.998874
20.066942,-1.998874
20.066942,-1.998874
20.066942,-1.998874
20.066942,-1.998874
20.066942,-1.998874
20.066942,-1.998874
20.066942,-1.998874
20.066942,-1.998874
20.066942,-1.998874
20.066942,-1.998874
20.066942,-1.998874
20.066942,-1.998874
20.066942,-1.998874
20.066942,-1.998874
20.066942,-1.998874
20.066942,-1.998874
20.066942,-1.998874
20.066942,-1.998874
20.066942,-1.998874
20.066942,-1.998874
20.066942,-1.998874
20.066942,-1.998874
20.066942,-1.998874
20.066942,-1.998874
20.066942,-1.998874
20.066942,-1.998874
20.066942,-1.998874
20.066942,-1.998874
20.066942,-1.998874
20.066927,-1.998857
20.064459,-1.998951
20.058846,-1.999125
20.052664,-1.999161
20.044691,-1.999626
20.036407,-2.000028
20.028656,-2.000747
20.021753,-2.000937
20.013252,-2.001611
20.005972,-2.002228
19.998398,-2.002957
19.992405,-2.003406
19.984844,-2.004107
19.977736,-2.004817
19.968733,-2.005768
19.962643,-2.006480
19.953815,-2.007426
19.946754,-2.008270
19.939293,-2.009104
19.933273,-2.009871
19.926306,-2.010798
19.918909,-2.011831
19.911604,-2.012969
19.904680,-2.013955
19.895554,-2.015344
19.888941,-2.016491
19.881399,-2.017663
19.875301,-2.018808
19.867968,-2.020165
19.860546,-2.021505
19.853788,-2.022663
19.846359,-2.024078
19.837282,-2.025843
19.830418,-2.027157
19.823332,-2.028551
19.817019,-2.029800
19.810026,-2.031471
19.802895,-2.032809
19.796078,-2.034485
19.788870,-2.036222
19.779877,-2.038226
19.773251,-2.039860
19.766178,-2.041418
19.759886,-2.043180
19.752438,-2.044989
19.745443,-2.046754
19.738058,-2.048758
19.731478,-2.050506
19.722610,-2.052968
19.715271,-2.055108
19.708639,-2.057029
19.702394,-2.058888
19.695293,-2.060900
19.688250,-2.063184
19.681332,-2.065282
19.674597,-2.067316
19.665649,-2.070367
19.658951,-2.072484
19.652502,-2.074613
19.646475,-2.076690
19.639278,-2.079138
19.632030,-2.081548
19.625565,-2.083959
19.617136,-2.086873
19.609943,-2.089361
19.602793,-2.092056
19.595350,-2.094640
19.589569,-2.096533
19.582523,-2.098293
19.575274,-2.100323
19.568195,-2.102301
19.561239,-2.103440
19.551968,-2.105274
19.544422,-2.106376
19.536835,-2.107360
19.530827,-2.108226
19.523182,-2.108710
19.515394,-2.109177
19.506269,-2.109461
19.500177,-2.109365
19.491079,-2.109282
19.483454,-2.108826
19.476316,-2.108400
19.469845,-2.107787
19.463057,-2.106868
19.457117,-2.106355
19.449642,-2.105037
19.441599,-2.103340
19.434765,-2.102185
19.432497,-2.101583
19.428503,-2.100594
19.423302,-2.099220
19.415144,-2.096910
19.407421,-2.094685
19.400215,-2.092724
19.391504,-2.090474
19.384153,-2.088491
19.376787,-2.086439
19.369888,-2.084653
19.363741,-2.082864
19.356678,-2.080921
19.349413,-2.079133
19.341578,-2.076891
19.333710,-2.074838
19.324966,-2.072324
19.317938,-2.069778
19.310658,-2.067377
19.305157,-2.065220
19.298239,-2.062257
19.291718,-2.059390
19.284937,-2.056112
19.278051,-2.052654
19.270189,-2.048220
19.263748,-2.044352
19.257244,-2.040668
19.252144,-2.037178
19.245859,-2.032750
19.239824,-2.028459
19.233608,-2.023678
19.227533,-2.018974
19.220772,-2.013033
19.214521,-2.007958
19.208813,-2.003086
19.204454,-1.999486
19.199039,-1.994652
19.193342,-1.989709
19.187437,-1.984629
19.181631,-1.979558
19.174751,-1.973573
19.168766,-1.968390
19.163305,-1.963742
19.158632,-1.959639
19.152235,-1.953900
19.146378,-1.948622
19.141457,-1.943422
19.136202,-1.938334
19.130175,-1.931904
19.125082,-1.925709
19.120234,-1.920171
19.116489,-1.915217
19.112160,-1.909299
19.107859,-1.903444
19.102652,-1.895323
19.099400,-1.890381
19.096119,-1.885196
19.090879,-1.875835
19.087038,-1.869247
19.084278,-1.863483
19.081053,-1.856710
19.077848,-1.849847
19.075123,-1.842711
19.072212,-1.835873
19.069157,-1.827012
19.066780,-1.820158
19.064623,-1.812811
19.063120,-1.806512
19.061056,-1.799617
19.059494,-1.791955
19.057682,-1.782851
19.056797,-1.777268
19.055387,-1.768092
19.054609,-1.760871
19.054083,-1.753222
19.053680,-1.746978
19.053465,-1.738930
19.053089,-1.731585
19.053139,-1.722436
19.053459,-1.716623
19.053776,-1.707111
19.054611,-1.699368
19.055429,-1.692007
19.056164,-1.685743
19.057476,-1.678286
19.058821,-1.670563
19.060299,-1.663595
19.062386,-1.654560
19.064425,-1.647257
19.066442,-1.639911
19.068649,-1.633122
19.070843,-1.626742
19.073572,-1.619332
19.076578,-1.612049
19.080318,-1.603726
19.082346,-1.599028
19.086657,-1.590163
19.089939,-1.583295
19.092804,-1.577136
19.095392,-1.571397
19.098604,-1.564734
19.102093,-1.557448
19.105989,-1.549095
19.109177,-1.542480
19.112593,-1.535050
19.115770,-1.528255
19.119049,-1.521424
19.121796,-1.515926
19.125147,-1.509024
19.128359,-1.502034
19.131521,-1.495643
19.134890,-1.488399
19.138821,-1.480096
19.142080,-1.473348
19.145252,-1.466655
19.147955,-1.461032
19.151121,-1.454485
19.154533,-1.447122
19.158386,-1.438928
19.160810,-1.433566
19.164585,-1.425761
19.167797,-1.418764
19.171370,-1.411554
19.174461,-1.404795
19.177664,-1.397933
19.180201,-1.392136
19.183304,-1.385353
19.186287,-1.378065
19.188848,-1.372037
19.192890,-1.362434
19.195807,-1.355387
19.198143,-1.349756
19.200926,-1.342925
19.203629,-1.336156
19.206264,-1.329003
19.209267,-1.321437
19.212376,-1.312764
19.215349,-1.305530
19.217947,-1.298592
19.220112,-1.292651
19.222519,-1.285551
19.225054,-1.278528
19.227631,-1.271178
19.230049,-1.263949
19.232887,-1.255431
19.235109,-1.248282
19.237486,-1.240987
19.239504,-1.234974
19.241814,-1.228325
19.244167,-1.220755
19.246729,-1.213604
19.249039,-1.206520
19.251837,-1.198088
19.254684,-1.190139
19.257147,-1.182704
19.259245,-1.177027
19.262318,-1.170373
19.264959,-1.163601
19.268002,-1.156853
19.271402,-1.150039
19.275608,-1.141985
19.279478,-1.135357
19.283175,-1.128985
19.286398,-1.124094
19.290739,-1.117555
19.295090,-1.111310
19.300255,-1.104852
19.304592,-1.098939
19.310055,-1.092303
19.315338,-1.086371
19.320156,-1.080904
19.324064,-1.076926
19.329895,-1.070892
19.335527,-1.065650
19.341209,-1.060558
19.346756,-1.055885
19.353796,-1.050179
19.359684,-1.045437
19.365892,-1.041115
19.370834,-1.037644
19.377014,-1.033423
19.383480,-1.029397
19.390366,-1.025444
19.396942,-1.021681
19.404669,-1.017606
19.410982,-1.014302
19.417816,-1.010959
19.423092,-1.008057
19.429749,-1.004949
19.436638,-1.001204
19.442827,-0.998126
19.451494,-0.993782
19.458151,-0.990334
19.464895,-0.986937
19.471512,-0.983360
19.477421,-0.980437
19.485083,-0.976764
19.491749,-0.973778
19.498287,-0.970856
19.504995,-0.968010
19.513874,-0.964809
19.520546,-0.962593
19.527431,-0.960367
19.533974,-0.958595
19.541199,-0.956677
19.548454,-0.955024
19.555885,-0.953632
19.562750,-0.952152
19.572659,-0.950821
19.579840,-0.949788
19.587177,-0.949075
19.593723,-0.948578
19.601303,-0.948098
19.608622,-0.947830
19.615982,-0.947725
19.623768,-0.948046
19.633425,-0.948474
19.640472,-0.949038
19.647560,-0.949840
19.654303,-0.950732
19.661657,-0.951650
19.668955,-0.952909
19.676802,-0.954476
19.683537,-0.956061
19.692860,-0.958310
19.700212,-0.960495
19.706850,-0.962362
19.713104,-0.964473
19.720306,-0.967036
19.727451,-0.969780
19.734503,-0.972897
19.741510,-0.975704
19.749723,-0.979951
19.756689,-0.983205
19.763086,-0.986237
19.768446,-0.989169
19.775503,-0.992493
19.781973,-0.995791
19.789024,-0.999116
19.795818,-1.002340
19.803734,-1.006513
19.810532,-1.009691
19.817711,-1.013011
19.823490,-1.015628
19.830130,-1.018819
19.837217,-1.022426
19.843794,-1.025483
19.850609,-1.028907
19.858259,-1.032582
19.864971,-1.035830
19.871304,-1.039046
19.878490,-1.042530
19.884977,-1.045685
19.890635,-1.048571
19.897736,-1.052049
19.904783,-1.055300
19.910027,-1.058069
19.919893,-1.062866
19.926804,-1.066216
19.932135,-1.068799
19.939013,-1.071931
19.945959,-1.075516
19.952768,-1.078601
19.959963,-1.082023
19.968334,-1.086002
19.975256,-1.089045
19.982044,-1.092122
19.987642,-1.094585
19.994553,-1.097694
20.001348,-1.100594
20.008854,-1.103638
20.015791,-1.106741
20.024073,-1.109822
20.028446,-1.111685
20.038116,-1.115582
20.043894,-1.117631
20.051035,-1.120423
20.058237,-1.123005
20.065348,-1.125689
20.072603,-1.128282
20.081165,-1.131644
20.088167,-1.134040
20.095104,-1.136366
20.100891,-1.138491
20.107807,-1.140633
20.115259,-1.143188
20.122709,-1.145501
20.129837,-1.147925
20.138456,-1.150456
20.145666,-1.152829
20.152885,-1.154965
20.158756,-1.156849
20.166300,-1.159010
20.173647,-1.161117
20.179493,-1.162797
20.182892,-1.163829
20.184343,-1.164181
20.184122,-1.164133
20.183443,-1.163451
20.183516,-1.163568
20.183573,-1.163725
20.183662,-1.163432
20.183836,-1.163436
20.183722,-1.163516
20.183599,-1.163415
20.184050,-1.163283
20.185791,-1.163375
20.189316,-1.163285
20.195494,-1.163397
20.203205,-1.163063
20.211302,-1.162925
20.219618,-1.162571
20.226305,-1.162218
20.236542,-1.161639
20.243891,-1.161179
20.250298,-1.160686
20.257616,-1.160465
20.265789,-1.160005
20.273176,-1.159603
20.280617,-1.159002
20.289614,-1.158365
20.297012,-1.157619
20.304253,-1.156994
20.310778,-1.156391
20.318594,-1.155527
20.326120,-1.154823
20.333549,-1.153934
20.341148,-1.153220
20.350456,-1.152025
20.357492,-1.151064
20.365358,-1.150019
20.371754,-1.149183
20.379190,-1.148194
20.386810,-1.146996
20.394440,-1.146057
20.401062,-1.145062
20.411034,-1.143534
20.418581,-1.142406
20.425411,-1.141147
20.431803,-1.140112
20.439762,-1.138580
20.447086,-1.137130
20.454542,-1.135793
20.461321,-1.134268
20.471035,-1.132452
20.478745,-1.130843
20.485315,-1.129401
20.491953,-1.127891
20.499411,-1.126276
20.506685,-1.124435
20.514454,-1.122698
20.523350,-1.120576
20.530302,-1.118916
20.537642,-1.117153
20.544411,-1.115278
20.551035,-1.113530
20.558292,-1.111660
20.565655,-1.109626
20.573240,-1.107645
20.580629,-1.105516
20.589434,-1.103016
20.596416,-1.101052
20.604004,-1.098702
20.609814,-1.096927
20.617105,-1.094795
20.624247,-1.092457
20.631559,-1.090217
20.638002,-1.088099
20.647039,-1.085090
20.654055,-1.082832
20.661415,-1.080323
20.668493,-1.077937
20.675671,-1.075405
20.681767,-1.073188
20.688942,-1.070680
20.695948,-1.068004
20.704762,-1.064868
20.712179,-1.062032
20.718748,-1.059506
20.725723,-1.056768
20.732161,-1.054072
20.739201,-1.051268
20.746498,-1.048381
20.754511,-1.044967
20.761269,-1.042184
20.768759,-1.039131
20.775713,-1.036035
20.781715,-1.033566
20.788345,-1.030433
20.795090,-1.027374
20.802078,-1.024287
20.809071,-1.021087
20.817453,-1.017127
20.824232,-1.013779
20.830719,-1.010903
20.836039,-1.008179
20.843166,-1.004573
20.850037,-1.001201
20.856747,-0.997724
20.863049,-0.994345
20.871481,-0.990147
20.876944,-0.987252
20.880083,-0.985561
20.881870,-0.984878
20.884346,-0.984192
20.886293,-0.983154
20.888336,-0.982423
20.890823,-0.981563
20.893295,-0.980408
20.895491,-0.979940
20.897768,-0.979342
20.899635,-0.978722
20.901951,-0.978121
20.904135,-0.977616
20.906443,-0.977172
20.908300,-0.976699
20.909628,-0.976390
20.909742,-0.976303
20.909670,-0.976293
20.909742,-0.976344
20.909727,-0.976296
20.909718,-0.976342
20.909708,-0.976316
20.909725,-0.976330
20.909710,-0.976318
20.909719,-0.976326
20.909712,-0.976319
20.909710,-0.976317
20.909712,-0.976319
20.909708,-0.976317
20.909706,-0.976315
20.909708,-0.976316
20.909706,-0.976314
20.909712,-0.976319
20.909712,-0.976319
20.909708,-0.976317
20.909716,-0.976323
20.909714,-0.976321
20.909710,-0.976318
20.909710,-0.976318
20.909700,-0.976312
20.909708,-0.976317
20.909706,-0.976316
20.909702,-0.976312
20.909714,-0.976320
20.909714,-0.976320
20.909714,-0.976321
20.909721,-0.976326
20.909721,-0.976326
20.909721,-0.976326
20.909721,-0.976326
20.909721,-0.976326
20.909723,-0.976327
20.909716,-0.976321
20.909729,-0.976332
20.909704,-0.976314
20.909689,-0.976301
20.909370,-0.976124
20.908703,-0.976158
20.908724,-0.976019
20.908474,-0.976180
20.907837,-0.976643
20.906195,-0.976785
20.902372,-0.977551
20.892647,-0.979064
20.881474,-0.978992
20.872164,-0.977604
20.865456,-0.974064
20.865456,-0.974064
20.865456,-0.974064
20.865456,-0.974064
20.865456,-0.974064
20.865456,-0.974064
20.865456,-0.974064
20.865456,-0.974064
20.865456,-0.974064
20.865456,-0.974064
20.865456,-0.974064
20.865456,-0.974064
20.865456,-0.974064
20.865456,-0.974064
20.865456,-0.974064
20.865456,-0.974064
20.865456,-0.974064
20.865456,-0.974064
20.865456,-0.974064
20.865456,-0.974064
20.865456,-0.974064
20.865456,-0.974064
20.865456,-0.974064
20.865456,-0.974064
20.865456,-0.974064
20.865456,-0.974064
20.865456,-0.974064
20.865456,-0.974064
20.865456,-0.974064
20.865456,-0.974064
20.865456,-0.974064
20.865456,-0.974064
20.865456,-0.974064
20.865456,-0.974064
20.865456,-0.974064
20.865456,-0.974064
20.865456,-0.974064
20.865456,-0.974064
20.865456,-0.974064
20.865456,-0.974064
20.865456,-0.974064
20.865456,-0.974064
20.865456,-0.974064
20.865456,-0.974064
20.865456,-0.974064
20.865456,-0.974064
20.865456,-0.974064
20.865456,-0.974064
20.865456,-0.974064
20.865456,-0.974064
20.865456,-0.974064
20.865456,-0.974064
20.865456,-0.974064
20.865456,-0.974064
20.865456,-0.974064
20.865456,-0.974064
20.865456,-0.974064
20.865456,-0.974064
20.865456,-0.974064
20.865456,-0.974064
20.865456,-0.974064
20.865456,-0.974064
20.865456,-0.974064
20.865456,-0.974064
20.865456,-0.974064
20.865456,-0.974064
20.865456,-0.974064
20.865456,-0.974064
20.865456,-0.974064
20.865456,-0.974064
20.865456,-0.974064
20.865456,-0.974064
20.865456,-0.974064
20.865456,-0.974064
20.865456,-0.974064
20.865456,-0.974064
20.865456,-0.974064
20.865456,-0.974064
20.865456,-0.974064
20.865456,-0.974064
20.865456,-0.974064
20.865456,-0.974064
20.865456,-0.974064
20.865456,-0.974064
20.865456,-0.974064
20.865456,-0.974064
20.865456,-0.974064
20.865456,-0.974064
20.865456,-0.974064
20.865456,-0.974064
20.865456,-0.974064
20.865456,-0.974064
20.865456,-0.974064
20.865456,-0.974064
20.865456,-0.974064
20.865456,-0.974064
20.865456,-0.974064
20.865456,-0.974064
20.865456,-0.974064
20.865456,-0.974064
20.865456,-0.974064
20.865456,-0.974064
20.865456,-0.974064
20.865456,-0.974064
20.865456,-0.974064
20.865456,-0.974064
20.865456,-0.974064
20.865456,-0.974064
20.865456,-0.974064
20.865456,-0.974064
20.865456,-0.974064
20.865456,-0.974064
20.865456,-0.974064
20.865456,-0.974064
20.865456,-0.974064
20.865456,-0.974064
20.865456,-0.974064
20.865456,-0.974064
20.865456,-0.974064
20.865456,-0.974064
20.865456,-0.974064
20.865456,-0.974064
20.865456,-0.974064
20.865456,-0.974064
20.865456,-0.974064
20.865456,-0.974064
20.865456,-0.974064
20.865456,-0.974064
20.865456,-0.974064
20.865456,-0.974064
20.865456,-0.974064
20.865456,-0.974064
20.865456,-0.974064
20.865456,-0.974064
20.865456,-0.974064
20.865456,-0.974064
20.865456,-0.974064
20.865456,-0.974064
20.865456,-0.974064
20.865456,-0.974064
20.865456,-0.974064
20.865456,-0.974064
20.865456,-0.974064
20.865456,-0.974064
20.865456,-0.974064
20.865456,-0.974064
20.865456,-0.974064
20.865456,-0.974064
20.865456,-0.974064
20.865456,-0.974064
20.865456,-0.974064
20.865456,-0.974064
20.865456,-0.974064
20.865456,-0.974064
20.865456,-0.974064
20.865456,-0.974064
20.865456,-0.974064
20.865456,-0.974064
20.865456,-0.974064
20.865456,-0.974064
20.865456,-0.974064
20.865456,-0.974064
20.865456,-0.974064
20.865456,-0.974064
20.865456,-0.974064
20.865456,-0.974064
20.865456,-0.974064
20.865456,-0.974064
20.865456,-0.974064
20.865456,-0.974064
20.865456,-0.974064
20.865456,-0.974064
20.865456,-0.974064
20.865456,-0.974064
20.865456,-0.974064
20.865456,-0.974064
20.865456,-0.974064
20.865456,-0.974064
20.865456,-0.974064
20.865456,-0.974064
20.865456,-0.974064
20.865456,-0.974064
20.865456,-0.974064
20.865456,-0.974064
20.865456,-0.974064
20.865456,-0.974064
20.865456,-0.974064
20.865456,-0.974064
20.865456,-0.974064
20.865456,-0.974064
20.865456,-0.974064
20.865456,-0.974064
20.865456,-0.974064
20.865456,-0.974064
20.865456,-0.974064
20.865456,-0.974064
20.865456,-0.974064
20.865456,-0.974064
20.865456,-0.974064
20.865456,-0.974064
20.865456,-0.974064
20.865456,-0.974064
20.865456,-0.974064
20.865456,-0.974064
20.865456,-0.974064
20.865456,-0.974064
20.865456,-0.974064
20.865456,-0.974064
20.865456,-0.974064
20.865456,-0.974064
20.865456,-0.974064
20.865456,-0.974064
20.865456,-0.974064
20.865456,-0.974064
20.865456,-0.974064
20.865456,-0.974064
20.865456,-0.974064
20.865456,-0.974064
20.865456,-0.974064
20.865456,-0.974064
20.865456,-0.974064
20.865456,-0.974064
20.865456,-0.974064
20.865456,-0.974064
20.865456,-0.974064
20.865456,-0.974064
20.865456,-0.974064
20.865456,-0.974064
20.865456,-0.974064
20.865456,-0.974064
20.865456,-0.974064
20.865456,-0.974064
20.865456,-0.974064
20.865456,-0.974064
20.865456,-0.974064
20.865456,-0.974064
20.865456,-0.974064
20.865456,-0.974064
20.865456,-0.974064
20.865456,-0.974064
20.865456,-0.974064
20.865456,-0.974064
20.865456,-0.974064
20.865456,-0.974064
20.865456,-0.974064
20.865456,-0.974064
20.865456,-0.974064
20.865456,-0.974064
20.865456,-0.974064
20.865456,-0.974064
20.865456,-0.974064
20.865456,-0.974064
20.865456,-0.974064
20.865456,-0.974064
20.865456,-0.974064
20.865456,-0.974064
20.865456,-0.974064
20.865456,-0.974064
20.865456,-0.974064
20.865456,-0.974064
20.865456,-0.974064
20.865456,-0.974064
20.865456,-0.974064
20.865456,-0.974064
20.865456,-0.974064
20.865456,-0.974064
20.865456,-0.974064
20.865456,-0.974064
20.865456,-0.974064
20.865456,-0.974064
20.865456,-0.974064
20.865456,-0.974064
20.865456,-0.974064
20.865456,-0.974064
20.865456,-0.974064
20.865456,-0.974064
20.865456,-0.974064
20.865456,-0.974064
20.865456,-0.974064
20.865456,-0.974064
20.865456,-0.974064
20.865456,-0.974064
20.865456,-0.974064
20.865456,-0.974064
20.865456,-0.974064
20.865456,-0.974064
20.865456,-0.974064
20.865456,-0.974064
20.865456,-0.974064
20.865456,-0.974064
20.865456,-0.974064
20.865456,-0.974064
20.865456,-0.974064
20.865456,-0.974064
20.865456,-0.974064
20.865456,-0.974064
20.865456,-0.974064
20.865456,-0.974064
20.865456,-0.974064
20.865456,-0.974064
20.865456,-0.974064
20.865456,-0.974064
20.865456,-0.974064
20.865456,-0.974064
20.865456,-0.974064
20.865456,-0.974064
20.865456,-0.974064
20.865456,-0.974064
20.865456,-0.974064
20.865456,-0.974064
20.865456,-0.974064
20.865456,-0.974064
20.865456,-0.974064
20.865456,-0.974064
20.865456,-0.974064
20.865456,-0.974064
20.865456,-0.974064
20.865456,-0.974064
20.865456,-0.974064
20.865456,-0.974064
20.865456,-0.974064
20.865456,-0.974064
20.865456,-0.974064
20.865456,-0.974064
20.865456,-0.974064
20.865456,-0.974064
20.865456,-0.974064
20.865456,-0.974064
20.865456,-0.974064
20.865456,-0.974064
20.865456,-0.974064
20.865456,-0.974064
20.865456,-0.974064
20.865456,-0.974064
20.865456,-0.974064
20.865456,-0.974064
20.865456,-0.974064
20.865456,-0.974064
20.865456,-0.974064
20.865456,-0.974064
20.865456,-0.974064
20.865456,-0.974064
20.865456,-0.974064
20.865456,-0.974064
20.865456,-0.974064
20.865456,-0.974064
20.865456,-0.974064
20.865456,-0.974064
20.865456,-0.974064
20.865456,-0.974064
20.865456,-0.974064
20.865456,-0.974064
20.865456,-0.974064
20.865456,-0.974064
20.865456,-0.974064
20.865456,-0.974064
20.865456,-0.974064
20.865456,-0.974064
20.865456,-0.974064
20.865456,-0.974064
20.865456,-0.974064
20.865456,-0.974064
20.865456,-0.974064
20.865456,-0.974064
20.865456,-0.974064
20.865456,-0.974064
20.865456,-0.974064
20.865456,-0.974064
20.865456,-0.974064
20.865456,-0.974064
20.865456,-0.974064
20.865456,-0.974064
20.865456,-0.974064
20.865456,-0.974064
20.865456,-0.974064
20.865456,-0.974064
20.865456,-0.974064
20.865456,-0.974064
20.865456,-0.974064
20.865456,-0.974064
20.865456,-0.974064
20.865456,-0.974064
20.865456,-0.974064
20.865456,-0.974064
20.865456,-0.974064
20.865456,-0.974064
20.865456,-0.974064
20.865456,-0.974064
20.865456,-0.974064
20.865456,-0.974064
20.865456,-0.974064
20.865456,-0.974064
20.865456,-0.974064
20.865456,-0.974064
20.865456,-0.974064
20.865456,-0.974064
20.865456,-0.974064
20.865456,-0.974064
20.865456,-0.974064
20.865456,-0.974064
20.865456,-0.974064
20.865456,-0.974064
20.865456,-0.974064
20.865456,-0.974064
20.865456,-0.974064
20.865456,-0.974064
20.865456,-0.974064
20.865456,-0.974064
20.865456,-0.974064
20.865456,-0.974064
20.865456,-0.974064
20.865456,-0.974064
20.865456,-0.974064
20.865456,-0.974064
20.865456,-0.974064
20.865456,-0.974064
20.865456,-0.974064
20.865456,-0.974064
20.865456,-0.974064
20.865456,-0.974064
20.865456,-0.974064
20.865456,-0.974064
20.865456,-0.974064
20.865456,-0.974064
20.865456,-0.974064
20.865456,-0.974064
20.865456,-0.974064
20.865456,-0.974064
20.865456,-0.974064
20.865456,-0.974064
20.865456,-0.974064
20.865456,-0.974064
20.865456,-0.974064
20.865456,-0.974064
20.865456,-0.974064
20.865456,-0.974064
20.865456,-0.974064
20.865456,-0.974064
20.865456,-0.974064
20.865456,-0.974064
20.865456,-0.974064
20.865456,-0.974064
20.865456,-0.974064
20.865456,-0.974064
20.865456,-0.974064
20.865456,-0.974064
20.865456,-0.974064
20.865456,-0.974064
20.865456,-0.974064
20.865456,-0.974064
20.865456,-0.974064
20.865456,-0.974064
20.865456,-0.974064
20.865456,-0.974064
20.865456,-0.974064
20.865456,-0.974064
20.865456,-0.974064
20.865456,-0.974064
20.865456,-0.974064
20.865456,-0.974064
20.865456,-0.974064
20.865456,-0.974064
20.865456,-0.974064
20.865456,-0.974064
20.865456,-0.974064
20.865456,-0.974064
20.865456,-0.974064
20.865456,-0.974064
20.865456,-0.974064
20.865456,-0.974064
20.865456,-0.974064
20.865456,-0.974064
20.865456,-0.974064
20.865456,-0.974064
20.865456,-0.974064
20.865456,-0.974064
20.865456,-0.974064
20.865456,-0.974064
20.865456,-0.974064
20.865456,-0.974064
20.865456,-0.974064
20.865456,-0.974064
20.865456,-0.974064
20.865456,-0.974064
20.865456,-0.974064
20.865456,-0.974064
20.865456,-0.974064
20.865456,-0.974064
20.865456,-0.974064
20.865456,-0.974064
20.865456,-0.974064
20.865456,-0.974064
20.865456,-0.974064
20.865456,-0.974064
20.865456,-0.974064
20.865456,-0.974064
20.865456,-0.974064
20.865456,-0.974064
20.865456,-0.974064
20.865456,-0.974064
20.865456,-0.974064
20.865456,-0.974064
20.865456,-0.974064
20.865456,-0.974064
20.865456,-0.974064
20.865456,-0.974064
20.865456,-0.974064
20.865456,-0.974064
20.865456,-0.974064
20.865456,-0.974064
20.865456,-0.974064
20.865456,-0.974064
20.865456,-0.974064
20.865456,-0.974064
20.865456,-0.974064
20.865456,-0.974064
20.865456,-0.974064
20.865456,-0.974064
20.865456,-0.974064
20.865456,-0.974064
20.865456,-0.974064
20.865456,-0.974064
20.865456,-0.974064
20.865456,-0.974064
20.865456,-0.974064
20.865456,-0.974064
20.865456,-0.974064
20.865456,-0.974064
20.865456,-0.974064
20.865456,-0.974064
20.865456,-0.974064
20.865456,-0.974064
20.865456,-0.974064
20.865456,-0.974064
20.865456,-0.974064
20.865456,-0.974064
20.865456,-0.974064
20.865456,-0.974064
20.865456,-0.974064
20.865456,-0.974064
20.865456,-0.974064
20.865456,-0.974064
20.865456,-0.974064
20.865456,-0.974064
20.865456,-0.974064
20.865456,-0.974064
20.865456,-0.974064
20.865456,-0.974064
20.865456,-0.974064
20.865456,-0.974064
20.865456,-0.974064
20.865456,-0.974064
20.865456,-0.974064
20.865456,-0.974064
20.865456,-0.974064
20.865456,-0.974064
20.865456,-0.974064
20.865456,-0.974064
20.865456,-0.974064
20.865456,-0.974064
20.865456,-0.974064
20.865456,-0.974064
20.865456,-0.974064
20.865456,-0.974064
20.865456,-0.974064
20.865456,-0.974064
20.865456,-0.974064
20.865456,-0.974064
20.865456,-0.974064
20.865456,-0.974064
20.865456,-0.974064
20.865456,-0.974064
20.865456,-0.974064
20.865456,-0.974064
20.865456,-0.974064
20.865456,-0.974064
20.865456,-0.974064
20.865456,-0.974064
20.865456,-0.974064
20.865456,-0.974064
20.865456,-0.974064
20.865456,-0.974064
20.865456,-0.974064
20.865456,-0.974064
20.865456,-0.974064
20.865456,-0.974064
20.865456,-0.974064
20.865456,-0.974064
20.865456,-0.974064
20.865456,-0.974064
20.865456,-0.974064
20.865456,-0.974064
20.865456,-0.974064
20.865456,-0.974064
20.865456,-0.974064
20.865456,-0.974064
20.865456,-0.974064
20.865456,-0.974064
20.865456,-0.974064
20.865456,-0.974064
20.865456,-0.974064
20.865456,-0.974064
20.865456,-0.974064
20.865456,-0.974064
20.865456,-0.974064
20.865456,-0.974064
20.865456,-0.974064
20.865456,-0.974064
20.865456,-0.974064
20.865456,-0.974064
20.865456,-0.974064
20.865456,-0.974064
20.865456,-0.974064
20.865456,-0.974064
20.865456,-0.974064
20.865456,-0.974064
20.865456,-0.974064
20.865456,-0.974064
20.865456,-0.974064
20.865456,-0.974064
20.865456,-0.974064
20.865456,-0.974064
20.865456,-0.974064
20.865456,-0.974064
20.865456,-0.974064
20.865456,-0.974064
20.865456,-0.974064
20.865456,-0.974064
20.865456,-0.974064
20.865267,-0.974262
20.866314,-0.976898
20.866093,-0.977685
20.866560,-0.978793
20.865313,-0.979046
20.866096,-0.980066
20.866848,-0.979398
20.865881,-0.980400
20.866417,-0.980392
20.866154,-0.979056
20.866095,-0.979005
20.866135,-0.979552
20.866184,-0.979648
20.866232,-0.979524
20.866234,-0.979454
20.866232,-0.979434
20.866232,-0.979434
20.866232,-0.979434
20.866232,-0.979434
20.866232,-0.979434
20.866220,-0.979426
20.866220,-0.979426
20.866220,-0.979426
20.866220,-0.979426
20.866220,-0.979426
20.866230,-0.979415
20.866230,-0.979415
20.866220,-0.979426
20.866230,-0.979415
20.866230,-0.979415
20.866230,-0.979415
20.866198,-0.979448
20.866198,-0.979448
20.866198,-0.979448
20.866198,-0.979448
20.866198,-0.979448
20.866198,-0.979448
20.866198,-0.979448
20.866198,-0.979448
20.866198,-0.979448
20.866198,-0.979448
20.866198,-0.979448
20.866198,-0.979448
20.866198,-0.979448
20.866198,-0.979448
20.866198,-0.979448
20.866198,-0.979448
20.866198,-0.979448
20.866198,-0.979448
20.866198,-0.979448
20.866198,-0.979448
20.866198,-0.979448
20.866198,-0.979448
20.866196,-0.979451
20.866196,-0.979451
20.866196,-0.979451
20.866196,-0.979451
20.866196,-0.979451
20.866196,-0.979451
20.866196,-0.979451
20.866196,-0.979451
20.866196,-0.979451
20.866196,-0.979451
20.866196,-0.979451
20.866196,-0.979451
20.866196,-0.979451
20.866196,-0.979451
20.866196,-0.979451
20.866196,-0.979451
20.866196,-0.979451
20.866196,-0.979451
20.866196,-0.979451
20.866196,-0.979451
20.866196,-0.979451
20.866196,-0.979451
20.866196,-0.979451
20.866196,-0.979451
20.866196,-0.979451
20.866196,-0.979451
20.866196,-0.979451
20.866196,-0.979451
20.866196,-0.979451
20.866196,-0.979451
20.866196,-0.979451
20.866196,-0.979451
20.866196,-0.979451
20.866196,-0.979451
20.866196,-0.979451
20.866196,-0.979451
20.866196,-0.979451
20.866196,-0.979451
20.866196,-0.979451
20.866196,-0.979451
20.866196,-0.979451
20.866196,-0.979451
20.866196,-0.979451
20.866196,-0.979451
20.866196,-0.979451
20.866196,-0.979451
20.866196,-0.979451
20.866196,-0.979451
20.866196,-0.979451
20.866196,-0.979451
20.866196,-0.979451
20.866196,-0.979451
20.866196,-0.979451
20.866196,-0.979451
20.866196,-0.979451
20.866196,-0.979451
20.866196,-0.979451
20.866196,-0.979451
20.866196,-0.979451
20.866196,-0.979451
20.866196,-0.979451
20.866196,-0.979451
20.866196,-0.979451
20.866196,-0.979451
20.866196,-0.979451
20.866196,-0.979451
20.866196,-0.979451
20.866196,-0.979451
20.866196,-0.979451
20.866196,-0.979451
20.866196,-0.979451
20.866196,-0.979451
20.866196,-0.979451
20.866196,-0.979451
20.866196,-0.979451
20.866196,-0.979451
20.866196,-0.979451
20.866196,-0.979451
20.866196,-0.979451
20.866196,-0.979451
20.866196,-0.979451
20.866196,-0.979451
20.866196,-0.979451
20.866196,-0.979451
20.866196,-0.979451
20.866196,-0.979451
20.866196,-0.979451
20.866196,-0.979451
20.866196,-0.979451
20.866196,-0.979451
20.866196,-0.979451
20.866196,-0.979451
20.866196,-0.979451
20.866196,-0.979451
20.866196,-0.979451
20.866196,-0.979451
20.866196,-0.979451
20.866196,-0.979451
20.866196,-0.979451
20.866196,-0.979451
20.866196,-0.979451
20.866196,-0.979451
20.866196,-0.979451
20.866196,-0.979451
20.866196,-0.979451
20.866196,-0.979451
20.866196,-0.979451
20.866196,-0.979451
20.866196,-0.979451
20.866196,-0.979451
20.866196,-0.979451
20.866196,-0.979451
20.866196,-0.979451
20.866196,-0.979451
20.866196,-0.979451
20.866196,-0.979451
20.866196,-0.979451
20.866196,-0.979451
20.866196,-0.979451
20.866196,-0.979451
20.866196,-0.979451
20.866196,-0.979451
20.866196,-0.979451
20.866196,-0.979451
20.866196,-0.979451
20.866196,-0.979451
20.866196,-0.979451
20.866196,-0.979451
20.866196,-0.979451
20.866196,-0.979451
20.866196,-0.979451
20.866196,-0.979451
20.866196,-0.979451
20.866196,-0.979451
20.866196,-0.979451
20.866196,-0.979451
20.866196,-0.979451
20.866196,-0.979451
20.866196,-0.979451
20.866196,-0.979451
20.866196,-0.979451
20.866196,-0.979451
20.866196,-0.979451
20.866196,-0.979451
20.866196,-0.979451
20.866196,-0.979451
20.866196,-0.979451
20.866196,-0.979451
20.866196,-0.979451
20.866196,-0.979451
20.866196,-0.979451
20.866196,-0.979451
20.866196,-0.979451
20.866196,-0.979451
20.866196,-0.979451
20.866196,-0.979451
20.866196,-0.979451
20.866196,-0.979451
20.866196,-0.979451
20.866196,-0.979451
20.866196,-0.979451
20.866196,-0.979451
20.866196,-0.979451
20.866196,-0.979451
20.866196,-0.979451
20.866196,-0.979451
20.866196,-0.979451
20.866196,-0.979451
20.866196,-0.979451
20.866196,-0.979451
20.866196,-0.979451
20.866196,-0.979451
20.866196,-0.979451
20.866196,-0.979451
20.866196,-0.979451
20.866196,-0.979451
20.866196,-0.979451
20.866196,-0.979451
20.866196,-0.979451
20.866196,-0.979451
20.866196,-0.979451
20.866196,-0.979451
20.866196,-0.979451
20.866196,-0.979451
20.866196,-0.979451
20.866196,-0.979451
20.866196,-0.979451
20.866196,-0.979451
20.866196,-0.979451
20.866196,-0.979451
20.866196,-0.979451
20.866196,-0.979451
20.866196,-0.979451
20.866196,-0.979451
20.866196,-0.979451
20.866196,-0.979451
20.866196,-0.979451
20.866196,-0.979451
20.866196,-0.979451
20.866196,-0.979451
20.866196,-0.979451
20.866196,-0.979451
20.866196,-0.979451
20.866196,-0.979451
20.866196,-0.979451
20.866196,-0.979451
20.866196,-0.979451
20.866196,-0.979451
20.866196,-0.979451
20.866196,-0.979451
20.866196,-0.979451
20.866196,-0.979451
20.866196,-0.979451
20.866196,-0.979451
20.866196,-0.979451
20.866196,-0.979451
20.866196,-0.979451
20.866196,-0.979451
20.866196,-0.979451
20.866196,-0.979451
20.866196,-0.979451
20.866196,-0.979451
20.866196,-0.979451
20.866196,-0.979451
20.866196,-0.979451
20.866196,-0.979451
20.866196,-0.979451
20.866196,-0.979451
20.866196,-0.979451
20.866196,-0.979451
20.866196,-0.979451
20.866196,-0.979451
20.866196,-0.979451
20.866196,-0.979451
20.866196,-0.979451
20.866196,-0.979451
20.866196,-0.979451
20.866196,-0.979451
20.866196,-0.979451
20.866196,-0.979451
20.866196,-0.979451
20.866196,-0.979451
20.866196,-0.979451
20.866196,-0.979451
20.866196,-0.979451
20.866196,-0.979451
20.866196,-0.979451
20.866196,-0.979451
20.866196,-0.979451
20.866196,-0.979451
20.866196,-0.979451
20.866196,-0.979451
20.866196,-0.979451
20.866196,-0.979451
20.866196,-0.979451
20.866196,-0.979451
20.866196,-0.979451
20.866196,-0.979451
20.866196,-0.979451
20.866196,-0.979451
20.866196,-0.979451
20.866196,-0.979451
20.866196,-0.979451
20.866196,-0.979451
20.866196,-0.979451
20.866196,-0.979451
20.866196,-0.979451
20.866196,-0.979451
20.866196,-0.979451
20.866196,-0.979451
20.866196,-0.979451
20.866196,-0.979451
20.866196,-0.979451
20.866196,-0.979451
20.866196,-0.979451
20.866196,-0.979451
20.866196,-0.979451
20.866196,-0.979451
20.866196,-0.979451
20.866196,-0.979451
20.866196,-0.979451
20.866196,-0.979451
20.866196,-0.979451
20.866196,-0.979451
20.866196,-0.979451
20.866196,-0.979451
20.866196,-0.979451
20.866196,-0.979451
20.866196,-0.979451
20.866196,-0.979451
20.866196,-0.979451
20.866196,-0.979451
20.866196,-0.979451
20.866196,-0.979451
20.866196,-0.979451
20.866196,-0.979451
20.866196,-0.979451
20.866196,-0.979451
20.866196,-0.979451
20.866196,-0.979451
20.866196,-0.979451
20.866196,-0.979451
20.866196,-0.979451
20.866196,-0.979451
20.866196,-0.979451
20.866196,-0.979451
20.866196,-0.979451
20.866196,-0.979451
20.866196,-0.979451
20.866196,-0.979451
20.866196,-0.979451
20.866196,-0.979451
20.866196,-0.979451
20.866196,-0.979451
20.866196,-0.979451
20.866196,-0.979451
20.866196,-0.979451
20.866196,-0.979451
20.866196,-0.979451
20.866196,-0.979451
20.866196,-0.979451
20.866196,-0.979451
20.866182,-0.979466
20.866171,-0.980322
20.866280,-0.984120
20.866890,-0.992037
20.866861,-0.998839
20.867023,-1.007052
20.867056,-1.014839
20.866488,-1.022589
20.866058,-1.029466
20.865538,-1.035904
20.864468,-1.043274
20.862904,-1.052683
20.861658,-1.059081
20.860363,-1.066258
20.858580,-1.073344
20.856619,-1.080181
20.854618,-1.087213
20.852674,-1.092895
20.849566,-1.102663
20.846668,-1.109816
20.844555,-1.115249
20.841492,-1.122447
20.838259,-1.129562
20.835016,-1.136583
20.831575,-1.143144
20.828598,-1.148860
20.823503,-1.158134
20.819830,-1.164599
20.816549,-1.169826
20.811872,-1.176447
20.807880,-1.182677
20.803345,-1.188632
20.798042,-1.195198
20.792467,-1.202166
20.787670,-1.207716
20.782684,-1.213491
20.778423,-1.217806
20.773148,-1.223168
20.769053,-1.227338
20.767160,-1.229227
20.766113,-1.229825
20.765270,-1.230875
20.761948,-1.233176
20.758028,-1.236022
20.753183,-1.239778
20.746208,-1.244649
20.739729,-1.248996
20.733185,-1.253335
20.726789,-1.257052
20.721777,-1.260065
20.712128,-1.265037
20.705214,-1.268467
20.700293,-1.271049
20.693464,-1.273918
20.686388,-1.277110
20.679237,-1.279808
20.672161,-1.282365
20.663656,-1.285119
20.656042,-1.287260
20.648661,-1.289501
20.643147,-1.290689
20.635569,-1.292256
20.628267,-1.293887
20.620811,-1.295101
20.613266,-1.296381
20.604301,-1.297169
20.600275,-1.297750
20.589191,-1.298477
20.583059,-1.298513
20.575499,-1.298901
20.567877,-1.298759
20.560186,-1.298648
20.552761,-1.298127
20.546810,-1.297517
20.539541,-1.297132
20.529427,-1.295600
20.523096,-1.294572
20.515619,-1.293425
20.508202,-1.291736
20.500904,-1.290225
20.493633,-1.288227
20.487679,-1.286685
20.477642,-1.283382
20.470301,-1.280748
20.464584,-1.278721
20.457417,-1.275524
20.450562,-1.272761
20.443676,-1.269408
20.436909,-1.266148
20.428446,-1.261663
20.421795,-1.257939
20.415356,-1.254472
20.410318,-1.251164
20.404062,-1.247061
20.397739,-1.242905
20.391792,-1.238279
20.385880,-1.233900
20.381008,-1.229837
20.374989,-1.224944
20.367538,-1.218126
20.362986,-1.213564
20.357567,-1.208382
20.352446,-1.202946
20.347431,-1.197592
20.342447,-1.191789
20.338314,-1.186978
20.331902,-1.178873
20.327377,-1.172558
20.323833,-1.167567
20.319679,-1.161340
20.315752,-1.154874
20.311901,-1.148532
20.308346,-1.142011
20.305387,-1.136659
20.300650,-1.127136
20.297421,-1.120381
20.294744,-1.114200
20.292135,-1.107520
20.289328,-1.100258
20.286722,-1.092941
20.284214,-1.086498
20.280954,-1.077964
20.279505,-1.073742
20.276085,-1.064413
20.273859,-1.058352
20.271465,-1.051138
20.268885,-1.044135
20.266193,-1.037125
20.263615,-1.030213
20.261320,-1.024382
20.257587,-1.014180
20.255228,-1.008005
20.253408,-1.002866
20.252205,-0.999346
20.251356,-0.997668
20.249762,-0.994457
20.247084,-0.988180
20.244442,-0.981558
20.239553,-0.971091
20.236706,-0.964640
20.233980,-0.958672
20.230690,-0.952008
20.227753,-0.945472
20.224529,-0.938431
20.221151,-0.931381
20.218658,-0.926077
20.215372,-0.919515
20.210331,-0.909573
20.207588,-0.904214
20.203934,-0.897311
20.200687,-0.890701
20.197065,-0.884093
20.193457,-0.877331
20.190397,-0.871659
20.185463,-0.862367
20.181820,-0.855775
20.178627,-0.850411
20.174984,-0.843661
20.171320,-0.837095
20.167519,-0.830500
20.163696,-0.823915
20.158924,-0.815842
20.155172,-0.809442
20.151600,-0.803767
20.147518,-0.797150
20.144066,-0.791551
20.140430,-0.785534
20.136143,-0.778926
20.131563,-0.771660
20.128345,-0.766858
20.124182,-0.760499
20.118338,-0.751662
20.114912,-0.746384
20.110783,-0.740207
20.106337,-0.733724
20.102156,-0.727680
20.097712,-0.721305
20.094360,-0.716449
20.088165,-0.707691
20.083572,-0.701339
20.080223,-0.696419
20.075842,-0.690317
20.071362,-0.684326
20.066862,-0.677943
20.062346,-0.671983
20.057068,-0.665088
20.054131,-0.661211
20.047527,-0.653052
20.043943,-0.648216
20.038889,-0.641820
20.034016,-0.635907
20.029305,-0.630212
20.024477,-0.624300
20.018608,-0.617381
20.015844,-0.613851
20.008734,-0.605595
20.004820,-0.600959
19.999956,-0.595304
19.995066,-0.589786
19.990059,-0.583808
19.985107,-0.578268
19.980898,-0.573609
19.976036,-0.568091
19.968878,-0.560506
19.964268,-0.555466
19.958715,-0.549291
19.953753,-0.543324
19.949160,-0.537621
19.944515,-0.531822
19.941105,-0.527063
19.936838,-0.521039
19.930998,-0.512128
19.927929,-0.506754
19.923903,-0.500485
19.920187,-0.493374
19.916632,-0.486770
19.913616,-0.480289
19.909689,-0.471489
19.906601,-0.464353
19.904102,-0.457308
19.901999,-0.451590
19.899605,-0.444639
19.897331,-0.437419
19.895468,-0.430559
19.893761,-0.423356
19.892120,-0.416976
19.890779,-0.409722
19.888981,-0.399132
19.888069,-0.392877
19.887293,-0.385113
19.886436,-0.377744
19.886114,-0.370168
19.885668,-0.364564
19.885145,-0.361625
19.885233,-0.360945
19.885685,-0.359232
19.885685,-0.357039
19.885796,-0.354108
19.886023,-0.351595
19.886253,-0.349733
19.886690,-0.347062
19.886925,-0.345030
19.887341,-0.342835
19.888206,-0.337857
19.888809,-0.332716
19.889978,-0.325190
19.891331,-0.316978
19.892427,-0.309090
19.893383,-0.301934
19.894781,-0.292453
19.895285,-0.288190
19.896912,-0.277878
19.897585,-0.271375
19.898428,-0.264190
19.899490,-0.256464
19.900200,-0.248960
19.901468,-0.241426
19.902174,-0.234167
19.903830,-0.227164
19.905472,-0.217691
19.907087,-0.211146
19.909008,-0.203926
19.911066,-0.196570
19.913622,-0.188954
19.915657,-0.182614
19.918053,-0.176385
19.920832,-0.169342
19.925016,-0.159383
19.927551,-0.154099
19.930988,-0.146994
19.934534,-0.140050
19.938166,-0.133094
19.941885,-0.126703
19.944956,-0.121650
19.949041,-0.114956
19.954533,-0.106137
19.957722,-0.101000
19.961796,-0.094871
19.965345,-0.089073
19.969461,-0.082514
19.973791,-0.075565
19.978832,-0.067651
19.982758,-0.061346
19.986921,-0.055170
19.990011,-0.050153
19.994322,-0.043371
19.998432,-0.036921
20.002901,-0.029818
20.007462,-0.023192
20.011120,-0.018430
20.014996,-0.012631
20.021875,-0.004600
20.025566,-0.000059
20.030827,0.005557
20.035992,0.011112
20.041149,0.016396
20.046919,0.021758
20.053574,0.028011
20.056583,0.030492
20.065107,0.037538
20.069805,0.041290
20.076174,0.045767
20.082371,0.050150
20.088778,0.054321
20.095232,0.058480
20.100168,0.061279
20.109985,0.066807
20.116430,0.070231
20.122032,0.073011
20.128679,0.076185
20.135542,0.079198
20.142849,0.082240
20.150009,0.084985
20.158861,0.087886
20.163378,0.089403
20.173405,0.092418
20.179035,0.093958
20.186438,0.095768
20.193964,0.097064
20.201254,0.098685
20.208996,0.099830
20.217915,0.100963
20.222652,0.101848
20.232658,0.102346
20.239065,0.102962
20.246731,0.103236
20.254337,0.103148
20.261330,0.103379
20.269541,0.102894
20.279078,0.102327
20.283316,0.101809
20.293371,0.100694
20.299379,0.099705
20.306890,0.098366
20.314041,0.097035
20.321758,0.095237
20.328978,0.093577
20.334650,0.091943
20.341799,0.089737
20.351971,0.086574
20.357603,0.084381
20.364754,0.081748
20.371265,0.079079
20.378954,0.075654
20.386040,0.072239
20.390953,0.069893
20.397717,0.066599
20.406967,0.062089
20.412806,0.059122
20.419802,0.055849
20.426268,0.053019
20.432867,0.049829
20.439760,0.046299
20.445938,0.043517
20.453157,0.040138
20.462324,0.035583
20.467737,0.033046
20.474445,0.029655
20.481705,0.026318
20.488192,0.023386
20.494751,0.020044
20.503271,0.016059
20.509975,0.012746
20.516718,0.009552
20.522570,0.006717
20.529148,0.003481
20.536133,0.000301
20.542601,-0.002771
20.549458,-0.006178
20.555193,-0.008809
20.562052,-0.012262
20.571226,-0.016466
20.576706,-0.019373
20.583860,-0.022657
20.590826,-0.025827
20.597738,-0.029051
20.604303,-0.031960
20.612679,-0.035721
20.616917,-0.037623
20.626509,-0.041735
20.632427,-0.044242
20.639458,-0.047307
20.646339,-0.050234
20.653563,-0.053378
20.659908,-0.055962
20.666090,-0.058272
20.673204,-0.061072
20.682489,-0.064756
20.688906,-0.067099
20.695969,-0.069831
20.702879,-0.072456
20.709839,-0.075024
20.716507,-0.077511
20.725822,-0.080724
20.729906,-0.082069
20.739569,-0.085404
20.745386,-0.087427
20.752792,-0.089845
20.759743,-0.092383
20.765318,-0.094051
20.768507,-0.095253
20.770088,-0.095636
20.770771,-0.096001
20.769615,-0.095513
20.769617,-0.094704
20.770203,-0.095170
20.770859,-0.095647
20.770761,-0.095195
20.770159,-0.094987
20.769983,-0.094982
20.769861,-0.094953
20.769842,-0.094693
20.769760,-0.094603
20.769753,-0.094553
20.770191,-0.094909
20.769861,-0.094585
20.769793,-0.094388
20.769743,-0.094638
20.769753,-0.094679
20.769794,-0.094463
20.769859,-0.094557
20.769560,-0.094464
20.769800,-0.094655
20.769630,-0.094609
20.769512,-0.094556
20.769590,-0.094745
20.769360,-0.094638
20.769743,-0.094654
20.769686,-0.094563
20.769598,-0.094485
20.769970,-0.094563
20.769548,-0.094334
20.769632,-0.094514
20.769512,-0.094469
20.769499,-0.094316
20.769590,-0.094448
20.769207,-0.094436
20.769012,-0.094416
20.769100,-0.094349
20.768629,-0.094373
20.768738,-0.094365
20.768835,-0.094368
20.768747,-0.094278
20.768494,-0.094422
20.768526,-0.094492
20.768572,-0.094539
20.768505,-0.094430
20.768497,-0.094471
20.768177,-0.094695
20.768412,-0.094596
20.768553,-0.094503
20.767933,-0.094613
20.768217,-0.094429
20.768547,-0.094277
20.769390,-0.092208
20.771465,-0.088899
20.774641,-0.083720
20.777512,-0.078390
20.781687,-0.070735
20.787369,-0.060641
20.790245,-0.055123
20.793877,-0.048691
20.797012,-0.042688
20.801144,-0.035227
20.804659,-0.028541
20.807344,-0.023160
20.810724,-0.016742
20.815481,-0.007288
20.817848,-0.002536
20.821344,0.004590
20.824017,0.010496
20.825800,0.013660
20.826557,0.015099
20.826427,0.014842
20.825518,0.014705
20.825788,0.015086
20.825861,0.014900
20.825500,0.014792
20.825653,0.014414
20.825472,0.014743
20.825914,0.016727
20.826729,0.019859
20.828112,0.025361
20.830135,0.035866
20.831366,0.042634
20.832991,0.050182
20.834288,0.057913
20.835436,0.064992
20.836679,0.072367
20.837641,0.078834
20.838976,0.085423
20.840559,0.093944
20.841898,0.103023
20.843214,0.109982
20.844515,0.117643
20.845463,0.124405
20.846430,0.131966
20.847393,0.139081
20.848375,0.146636
20.849726,0.156409
20.850470,0.162477
20.851385,0.170143
20.852083,0.177679
20.852863,0.185178
20.853487,0.192429
20.854357,0.202148
20.854715,0.206508
20.855480,0.216355
20.856028,0.223510
20.856596,0.231033
20.857052,0.238376
20.857565,0.246189
20.857998,0.253179
20.858246,0.259867
20.858702,0.267510
20.858950,0.276931
20.859247,0.283856
20.859425,0.291212
20.859772,0.298824
20.859814,0.307109
20.859993,0.314748
20.860147,0.320565
20.860222,0.328008
20.860304,0.338364
20.860291,0.344619
20.860083,0.352203
20.860092,0.359970
20.860107,0.367305
20.859768,0.375272
20.859556,0.381084
20.859421,0.388345
20.859085,0.399526
20.858730,0.405550
20.858505,0.413044
20.858032,0.420178
20.857590,0.428659
20.857122,0.436508
20.856741,0.442387
20.856184,0.449854
20.855541,0.458934
20.855051,0.466843
20.854355,0.474549
20.853815,0.480752
20.853083,0.488115
20.852434,0.495577
20.851648,0.503292
20.850880,0.509854
20.849844,0.519113
20.848816,0.527286
20.847952,0.533851
20.846941,0.541609
20.846125,0.548650
20.845144,0.556175
20.844021,0.565080
20.843306,0.569864
20.841822,0.580434
20.840950,0.586032
20.839529,0.593740
20.838245,0.601302
20.836872,0.609111
20.835711,0.615832
20.834307,0.622378
20.833937,0.624718
20.833309,0.627415
20.833677,0.627293
20.833204,0.625841
20.832920,0.626056
20.833191,0.626334
20.832617,0.626347
20.832970,0.626519
20.832956,0.626376
20.832760,0.626443
20.832758,0.626218
20.832787,0.626098
20.832821,0.625974
20.832527,0.626097
20.832516,0.626186
20.832552,0.625850
20.832533,0.625911
20.832592,0.625778
20.832554,0.625763
20.832653,0.625747
20.832653,0.625654
20.832581,0.625584
20.832430,0.625742
20.832603,0.625425
20.832615,0.625100
20.832644,0.625150
20.832430,0.625093
20.832577,0.625037
20.832531,0.624879
20.832287,0.625039
20.832474,0.624843
20.832474,0.624784
20.832546,0.624692
20.832485,0.624822
20.832737,0.624467
20.832674,0.624482
20.831213,0.625599
20.827833,0.627202
20.822334,0.629837
20.816534,0.632664
20.809280,0.636463
20.799410,0.640848
20.793333,0.643516
20.786757,0.646974
20.780058,0.649897
20.773336,0.653023
20.766703,0.655838
20.760658,0.658572
20.753759,0.661312
20.744255,0.665611
20.738224,0.667971
20.731789,0.670788
20.726175,0.673038
20.723063,0.674301
20.720921,0.674937
20.717165,0.676489
20.713512,0.677688
20.703405,0.681385
20.695623,0.683393
20.688148,0.685932
20.681040,0.688211
20.674570,0.690136
20.668047,0.692268
20.661592,0.694222
20.654022,0.696381
20.644535,0.699198
20.638191,0.700892
20.631042,0.703017
20.623903,0.704901
20.618088,0.706659
20.614952,0.707582
20.613787,0.707552
20.613871,0.707715
20.615229,0.707229
20.615419,0.707026
20.615196,0.707234
20.615177,0.707162
20.614929,0.707034
20.613338,0.706965
20.610065,0.707104
20.604042,0.707651
20.596331,0.707822
20.586401,0.707887
20.578325,0.707980
20.570612,0.707997
20.563116,0.708183
20.555727,0.708082
20.549946,0.707992
20.542158,0.708085
20.531334,0.707925
20.525593,0.707756
20.519770,0.707582
20.516027,0.707553
20.514149,0.707420
20.514709,0.707822
20.515577,0.707058
20.515730,0.706944
20.515465,0.707014
20.515448,0.706872
20.515436,0.706958
20.515762,0.706874
20.515640,0.706951
20.515577,0.706791
20.515722,0.706687
20.515896,0.706776
20.515892,0.706711
20.515900,0.706712
20.516020,0.706691
20.515869,0.706606
20.515860,0.706619
20.516064,0.706750
20.516243,0.706852
20.516045,0.706603
20.515974,0.706545
20.516214,0.706617
20.516235,0.706606
20.516478,0.706798
20.516582,0.706598
20.516615,0.706698
20.516436,0.706647
20.516735,0.706711
20.516575,0.706544
20.516800,0.706857
20.517139,0.706751
20.517073,0.706762
20.517126,0.706744
20.517200,0.706800
20.517401,0.706940
20.517307,0.706830
20.517427,0.706804
20.517418,0.706849
20.517519,0.706727
20.517447,0.706764
20.517683,0.706771
20.517757,0.706906
20.517616,0.706824
20.517023,0.705532
20.514463,0.700046
20.512617,0.695615
20.509117,0.688577
20.505669,0.680070
20.502636,0.672554
20.499840,0.666041
20.497604,0.660680
20.494749,0.653818
20.492163,0.647291
20.488289,0.638141
20.485693,0.630718
20.482716,0.623746
20.480272,0.617238
20.477701,0.610365
20.475611,0.604595
20.473234,0.597645
20.470371,0.589602
20.467333,0.581280
20.464977,0.574534
20.462334,0.567182
20.459959,0.560031
20.457510,0.553002
20.455469,0.546636
20.452547,0.537300
20.451048,0.532703
20.448196,0.523812
20.445799,0.516098
20.443808,0.509361
20.441776,0.502435
20.439774,0.495220
20.437857,0.488815
20.435759,0.481410
20.432894,0.471579
20.431166,0.465096
20.429096,0.457660
20.427195,0.450206
20.425438,0.442784
20.423681,0.435714
20.422373,0.430014
20.420546,0.422407
20.418165,0.412264
20.416779,0.406209
20.415171,0.399086
20.413767,0.391857
20.412313,0.384782
20.410709,0.376937
20.409458,0.370962
20.408047,0.363257
20.406075,0.353376
20.404926,0.346814
20.403450,0.339064
20.402275,0.331670
20.401049,0.324473
20.399813,0.317478
20.398859,0.310851
20.397705,0.303732
20.396173,0.293634
20.395277,0.287108
20.394136,0.279824
20.393169,0.272516
20.392153,0.264981
20.391308,0.257758
20.390516,0.251520
20.389603,0.243815
20.388494,0.235004
20.388287,0.231475
20.387789,0.229159
20.387182,0.227056
20.386681,0.224800
20.386299,0.222527
20.385782,0.220723
20.385061,0.218038
20.383841,0.213899
20.381277,0.205782
20.378498,0.197598
20.376024,0.190017
20.372948,0.183378
20.370691,0.176248
20.368181,0.170495
20.365065,0.163499
20.362812,0.156761
20.359133,0.149001
20.356339,0.141578
20.353529,0.134674
20.350897,0.127667
20.348293,0.120546
20.346178,0.114605
20.342558,0.105184
20.340034,0.097969
20.337963,0.092526
20.334908,0.085157
20.331940,0.077440
20.329155,0.070439
20.325880,0.063896
20.323423,0.058501
20.320004,0.051693
20.314665,0.042583
20.311733,0.037215
20.307455,0.030650
20.303228,0.024313
20.299263,0.018165
20.294714,0.012520
20.290236,0.006494
20.285727,0.001109
20.281603,-0.003709
20.275133,-0.011410
20.269928,-0.016564
20.264809,-0.022003
20.259602,-0.026941
20.253723,-0.032287
20.249355,-0.036278
20.243269,-0.041164
20.235350,-0.047893
20.230051,-0.051481
20.224066,-0.055920
20.218124,-0.060372
20.212263,-0.064920
20.206018,-0.069153
20.201754,-0.072582
20.194927,-0.077298
20.186377,-0.083615
20.181822,-0.087191
20.175186,-0.091829
20.168938,-0.096575
20.162949,-0.100823
20.155972,-0.105690
20.151024,-0.109503
20.144981,-0.113462
20.135918,-0.118709
20.130728,-0.121866
20.124376,-0.125271
20.117802,-0.128387
20.111084,-0.131697
20.104052,-0.134650
20.098824,-0.136791
20.091576,-0.139636
20.081312,-0.143136
20.075436,-0.145099
20.068281,-0.147097
20.061184,-0.149056
20.053457,-0.150785
20.046825,-0.152264
20.040237,-0.153542
20.033484,-0.154636
20.022530,-0.156445
20.016232,-0.156994
20.008759,-0.157594
20.001379,-0.158280
19.993576,-0.158437
19.986258,-0.158661
19.980034,-0.158672
19.969919,-0.158270
19.962486,-0.157921
19.956017,-0.157333
19.948631,-0.156605
19.941484,-0.155652
19.934727,-0.154550
19.926935,-0.153086
19.920509,-0.151573
19.913126,-0.150041
19.903337,-0.147311
19.896942,-0.145279
19.889994,-0.143002
19.882706,-0.140382
19.875998,-0.138068
19.868935,-0.134959
19.863258,-0.132693
19.856487,-0.129587
19.847233,-0.124881
19.841782,-0.122128
19.835213,-0.118207
19.828850,-0.114469
19.822712,-0.110514
19.816399,-0.106378
19.810968,-0.102548
19.805090,-0.098502
19.798937,-0.093431
19.791958,-0.089475
19.785681,-0.084561
19.779408,-0.079894
19.773294,-0.075726
19.768049,-0.071778
19.762466,-0.067737
19.756069,-0.063426
19.747938,-0.057641
19.742519,-0.053744
19.736425,-0.049328
19.730211,-0.044957
19.724026,-0.040472
19.718227,-0.036490
19.712952,-0.032699
19.706694,-0.028086
19.698679,-0.022409
19.693510,-0.018786
19.687037,-0.014123
19.681055,-0.009714
19.675169,-0.005395
19.669571,-0.001470
19.663790,0.002773
19.657423,0.007272
19.651289,0.011370
19.644049,0.016626
19.637537,0.020517
19.631380,0.025085
19.625004,0.029149
19.618303,0.033511
19.613239,0.036777
19.607080,0.040775
19.598227,0.046190
19.593359,0.049233
19.586561,0.053460
19.580160,0.057456
19.573681,0.061337
19.567987,0.064689
19.561592,0.068535
19.555004,0.072331
19.546495,0.077211
19.540459,0.080492
19.533756,0.084388
19.528158,0.087329
19.521749,0.090753
19.514330,0.094838
19.508814,0.097823
19.502218,0.101197
19.492559,0.106264
19.487532,0.108840
19.480497,0.112445
19.475496,0.115140
19.472389,0.116633
19.470724,0.117448
19.470928,0.117580
19.471615,0.116668
19.471579,0.116773
19.471506,0.116712
19.471497,0.116590
19.471493,0.116713
19.471218,0.116582
19.469095,0.117176
19.465874,0.117977
19.459995,0.119356
19.449467,0.121992
19.442942,0.123150
19.435278,0.124902
19.427706,0.126215
19.420498,0.128036
19.413429,0.129326
19.407681,0.130263
19.400408,0.131650
19.389723,0.133515
19.383348,0.134539
19.376446,0.135764
19.367807,0.137253
19.360083,0.138590
19.353226,0.139866
19.347250,0.140612
19.339996,0.141923
19.329126,0.143286
19.323202,0.144100
19.315844,0.145144
19.308582,0.145959
19.301119,0.146939
19.293268,0.148034
19.287109,0.148754
19.276484,0.149963
19.269289,0.150767
19.263203,0.151288
19.255367,0.152115
19.248043,0.153013
19.240265,0.153535
19.232466,0.154205
19.226898,0.154549
19.218716,0.155098
19.208170,0.155704
19.202307,0.156007
19.195240,0.156371
19.187323,0.156677
19.179480,0.157102
19.172052,0.157458
19.166241,0.157480
19.158995,0.157791
19.148102,0.158030
19.141874,0.158191
19.134588,0.158360
19.126905,0.158326
19.119320,0.158298
19.112274,0.158327
19.105745,0.158191
19.098091,0.157980
19.087736,0.157921
19.082022,0.157861
19.073883,0.157726
19.065992,0.157525
19.059149,0.157330
19.051685,0.157182
19.045244,0.156772
19.037409,0.156559
19.030226,0.156100
19.020857,0.155642
19.012856,0.155114
19.005535,0.154475
18.997961,0.154061
18.991049,0.153410
18.984430,0.153036
18.976709,0.152171
18.969484,0.151626
18.960548,0.150890
18.952379,0.150094
18.944893,0.149399
18.937521,0.148427
18.930418,0.147731
18.924091,0.146865
18.916595,0.145771
18.906282,0.144438
18.899763,0.143292
18.892536,0.142389
18.884998,0.141183
18.877340,0.140042
18.870504,0.138920
18.863396,0.137770
18.856174,0.136527
18.846769,0.134779
18.840221,0.133621
18.832525,0.132142
18.824903,0.130787
18.817610,0.129354
18.809887,0.127908
18.804058,0.126774
18.797470,0.125578
18.793310,0.124474
18.790977,0.124118
18.789146,0.124240
18.786814,0.124120
18.784302,0.123732
18.781916,0.123405
18.779932,0.123441
18.777744,0.123202
18.775385,0.123276
18.772617,0.123280
18.770334,0.123285
18.767986,0.123583
18.765371,0.123663
18.762798,0.123935
18.761169,0.124088
18.758766,0.124325
18.756733,0.124829
18.753611,0.125308
18.751465,0.125682
18.749577,0.126184
18.747156,0.126841
18.744743,0.127421
18.743029,0.127670
18.741129,0.128550
18.737593,0.129596
18.734293,0.130440
18.728373,0.132387
18.721489,0.134416
18.713367,0.137373
18.705250,0.139547
18.699556,0.141370
18.692455,0.143376
18.685682,0.145207
18.676752,0.147741
18.669670,0.149737
18.661768,0.151711
18.654352,0.153563
18.647453,0.155278
18.641504,0.156888
18.634001,0.158513
18.623476,0.161230
18.617386,0.162638
18.610281,0.164451
18.604809,0.165843
18.601421,0.166624
18.599180,0.167601
18.597502,0.168206
18.595339,0.168822
18.591984,0.170090
18.590603,0.170796
18.588085,0.171809
18.585842,0.172759
18.583765,0.173752
18.581738,0.174794
18.579817,0.175798
18.577785,0.176918
18.575148,0.178381
18.573536,0.179414
18.571686,0.180527
18.569456,0.182057
18.567442,0.183332
18.564060,0.185546
18.559843,0.188023
18.553055,0.192710
18.546579,0.197368
18.538876,0.202581
18.532532,0.207091
18.526253,0.211438
18.520479,0.215300
18.514343,0.219425
18.509220,0.222786
18.502899,0.227263
18.494219,0.232975
18.488998,0.236732
18.482733,0.240999
18.476421,0.245020
18.470430,0.249085
18.465342,0.252651
18.462786,0.254210
18.461134,0.255759
18.459719,0.257074
18.458061,0.258348
18.456188,0.259971
18.454361,0.261489
18.452724,0.263287
18.450838,0.264795
18.449505,0.265950
18.448097,0.267711
18.446320,0.269696
18.444630,0.271703
18.442709,0.273708
18.439621,0.277473
18.435303,0.282596
18.429966,0.289313
18.425858,0.294147
18.421221,0.300334
18.416649,0.306299
18.411121,0.312899
18.406467,0.318712
18.401670,0.325023
18.397057,0.330953
18.392538,0.336626
18.388542,0.341619
18.384020,0.347331
18.379229,0.353473
18.374743,0.359193
18.368919,0.366608
18.363783,0.373025
18.359587,0.378833
18.356930,0.383155
18.355301,0.385097
18.354513,0.386593
18.353563,0.388060
18.352365,0.390296
18.351229,0.392556
18.350182,0.394076
18.349356,0.396552
18.348143,0.398917
18.347435,0.400499
18.345797,0.404883
18.341608,0.414083
18.339314,0.420870
18.336506,0.428693
18.334248,0.435880
18.332090,0.443037
18.330099,0.449898
18.329067,0.455833
18.327429,0.463452
18.325943,0.471044
18.324703,0.480083
18.323654,0.487346
18.322834,0.495114
18.322090,0.502846
18.321682,0.509917
18.321396,0.516064
18.321278,0.523579
18.321646,0.531080
18.321880,0.540230
18.322470,0.548065
18.323137,0.555748
18.324055,0.563063
18.325125,0.570721
18.326105,0.576918
18.328077,0.586891
18.329119,0.591948
18.331406,0.601100
18.333517,0.608224
18.335535,0.615372
18.337912,0.622349
18.340363,0.629663
18.342506,0.635271
18.345526,0.642589
18.349861,0.652532
18.351585,0.656375
18.355244,0.664963
18.358339,0.671536
18.361261,0.678116
18.364149,0.685006
18.366831,0.690652
18.369873,0.697599
18.373032,0.704201
18.376652,0.712619
18.379997,0.719954
18.383121,0.726775
18.386127,0.733463
18.389204,0.740303
18.391893,0.746238
18.395176,0.753315
18.399639,0.763033
18.402004,0.768536
18.405136,0.775290
18.408234,0.781949
18.411068,0.788618
18.414497,0.796152
18.416904,0.801651
18.419914,0.808499
18.424274,0.818178
18.426750,0.823255
18.430054,0.830969
18.433344,0.838213
18.436285,0.844723
18.439281,0.851423
18.441793,0.856670
18.444691,0.863138
18.449350,0.872996
18.451921,0.878317
18.455084,0.885514
18.458139,0.891985
18.461195,0.898923
18.464340,0.906040
18.466892,0.911426
18.469973,0.918355
18.474543,0.928288
18.477268,0.934248
18.480730,0.941148
18.484282,0.947785
18.487665,0.954085
18.491232,0.960282
18.494450,0.965389
18.499166,0.972112
18.505037,0.980717
18.508556,0.985267
18.513203,0.991600
18.518116,0.997396
18.522783,1.002430
18.528128,1.008395
18.532597,1.012929
18.539370,1.019793
18.545176,1.024848
18.550421,1.029447
18.555967,1.034253
18.561954,1.039246
18.567398,1.044078
18.573080,1.048622
18.578005,1.052662
18.583956,1.057604
18.591997,1.064122
18.597126,1.068357
18.602676,1.073028
18.608625,1.078178
18.614674,1.083123
18.620970,1.087957
18.625896,1.091751
18.631916,1.096228
18.640266,1.102041
18.645550,1.105641
18.652290,1.109368
18.658680,1.113284
18.664553,1.116924
18.670736,1.120031
18.676981,1.123182
18.683722,1.126196
18.692816,1.130023
18.698839,1.132345
18.706356,1.134872
18.713488,1.137316
18.720675,1.139588
18.727734,1.141358
18.734251,1.143128
18.741493,1.144692
18.749111,1.146256
18.758204,1.147804
18.765474,1.148898
18.772984,1.149795
18.780661,1.150514
18.787579,1.151030
18.794317,1.151334
18.801800,1.151546
18.809439,1.151623
18.817106,1.151265
18.826393,1.151008
18.833786,1.150209
18.841461,1.149495
18.848873,1.148633
18.854721,1.147722
18.862299,1.146448
18.869511,1.144920
18.877958,1.143078
18.885334,1.140892
18.892815,1.138700
18.900116,1.136463
18.907017,1.134044
18.913088,1.131938
18.922689,1.127908
18.930222,1.124737
18.935871,1.122057
18.942879,1.118508
18.948442,1.115898
18.955215,1.111916
18.961754,1.108232
18.968069,1.104600
18.973795,1.101519
18.979404,1.098338
18.988495,1.093218
18.994652,1.089736
19.001087,1.085916
19.007429,1.082409
19.014448,1.078511
19.019550,1.075686
19.026016,1.071968
19.032778,1.068265
19.040611,1.063697
19.046888,1.060043
19.053608,1.056284
19.060308,1.052415
19.066889,1.048560
19.072218,1.045489
19.078825,1.041876
19.085333,1.038348
19.093611,1.033465
19.100031,1.029808
19.106478,1.025982
19.113070,1.022250
19.119665,1.018577
19.125122,1.015453
19.131947,1.011906
19.138491,1.008341
19.146273,1.003940
19.153061,1.000371
19.159817,0.996824
19.166267,0.993498
19.172939,0.990150
19.178591,0.987181
19.185251,0.984063
19.194950,0.979467
19.200617,0.976749
19.207397,0.973550
19.214039,0.970487
19.221048,0.967303
19.227972,0.964109
19.233772,0.961567
19.240454,0.958525
19.248322,0.955172
19.256981,0.951477
19.263435,0.948695
19.270142,0.945867
19.277300,0.942875
19.284441,0.939908
19.290108,0.937671
19.297401,0.934800
19.307096,0.930913
19.313095,0.928711
19.320059,0.926024
19.327419,0.923195
19.334314,0.920720
19.341814,0.917983
19.347414,0.916089
19.354694,0.913568
19.361938,0.910991
19.370636,0.908086
19.377821,0.905596
19.384703,0.903251
19.391514,0.901106
19.398718,0.898774
19.405029,0.896781
19.412268,0.894592
19.422144,0.891347
19.426405,0.890058
19.435213,0.887611
19.442745,0.885476
19.449625,0.883590
19.457357,0.881454
19.463589,0.879767
19.470764,0.877778
19.478014,0.875984
19.485378,0.874051
19.494553,0.871721
19.501886,0.869945
19.508862,0.868207
19.516235,0.866445
19.522915,0.864839
19.530125,0.863256
19.537590,0.861645
19.546673,0.859751
19.553995,0.858301
19.561518,0.856734
19.568933,0.855209
19.575901,0.853825
19.582489,0.852672
19.589891,0.851255
19.599827,0.849591
19.606398,0.848477
19.614109,0.847212
19.620081,0.846257
19.623446,0.845671
19.624914,0.845587
19.624977,0.845531
19.623957,0.845905
19.623602,0.846153
19.624138,0.845833
19.624155,0.845961
19.624023,0.846019
19.623508,0.846038
19.623652,0.846053
19.623877,0.846141
19.624022,0.846159
19.623703,0.846192
19.623817,0.846140
19.623728,0.846216
19.623560,0.846268
19.623541,0.846104
19.623659,0.846113
19.623396,0.846188
19.623316,0.846256
19.623280,0.846058
19.623171,0.846236
19.623325,0.846323
19.623365,0.846390
19.623348,0.846296
19.623144,0.846434
19.623232,0.846619
19.623207,0.846448
19.623386,0.846414
19.623117,0.846424
19.623066,0.846682
19.623068,0.846534
19.623211,0.846591
19.622776,0.846564
19.623053,0.846602
19.623055,0.846427
19.623095,0.846574
19.623354,0.846691
19.622671,0.846497
19.622858,0.846552
19.622849,0.846491
19.622814,0.846682
19.622990,0.846715
19.622871,0.846902
19.622839,0.846776
19.622709,0.846767
19.622828,0.846967
19.622847,0.846846
19.622625,0.846922
19.622271,0.846736
19.622419,0.846810
19.623388,0.848265
19.625063,0.851818
19.627979,0.858111
19.631432,0.865602
19.634701,0.873288
19.637878,0.880479
19.641497,0.888021
19.643547,0.893310
19.646498,0.900098
19.649544,0.907292
19.653273,0.916077
19.655865,0.922668
19.658663,0.929617
19.661543,0.937146
19.664364,0.944113
19.666451,0.949836
19.669115,0.956980
19.672619,0.966668
19.674696,0.972316
19.677395,0.979971
19.680004,0.987167
19.682434,0.994227
19.684855,1.001076
19.686676,1.006943
19.689247,1.014457
19.692472,1.024512
19.694330,1.030165
19.696789,1.037296
19.698919,1.044863
19.701260,1.052324
19.703197,1.059400
19.704903,1.064921
19.707043,1.072301
19.708912,1.079263
19.711601,1.088290
19.713518,1.095627
19.715673,1.102826
19.717432,1.110155
19.719446,1.117368
19.720947,1.123770
19.722715,1.130947
19.724709,1.138934
19.726868,1.147686
19.728489,1.154645
19.730188,1.162036
19.731802,1.169399
19.733606,1.176832
19.734972,1.182982
19.737020,1.193138
19.737963,1.197771
19.739790,1.206967
19.741199,1.214479
19.742580,1.221686
19.743803,1.229288
19.745163,1.236739
19.746260,1.242900
19.747463,1.250611
19.749233,1.261176
19.749968,1.267345
19.751299,1.275024
19.752291,1.282323
19.753517,1.289588
19.754379,1.296563
19.755045,1.301853
19.755688,1.306228
19.756607,1.309619
19.757048,1.313407
19.758316,1.320246
19.759846,1.328833
19.761282,1.336017
19.762697,1.343547
19.763903,1.349842
19.765318,1.357226
19.767216,1.367237
19.768219,1.372955
19.770308,1.382002
19.772192,1.389663
19.774019,1.396854
19.776255,1.403618
19.778053,1.409877
19.780720,1.417024
19.783443,1.423790
19.786007,1.431032
19.789959,1.439277
19.793009,1.446161
19.796528,1.453136
19.800003,1.459850
19.802925,1.464954
19.807262,1.471715
19.810972,1.478311
19.815489,1.485818
19.819538,1.492031
19.823229,1.498274
19.827406,1.505015
19.831263,1.511310
19.834406,1.516439
19.838621,1.522994
19.842556,1.529575
19.847223,1.537215
19.851419,1.543913
19.855913,1.550980
19.860184,1.557239
19.864536,1.563010
19.868050,1.567500
19.872561,1.573675
19.879265,1.581930
19.882187,1.585139
19.888632,1.592059
19.893770,1.597330
19.898977,1.602611
19.904594,1.607731
19.909012,1.611920
19.915062,1.616945
19.920683,1.621082
19.926384,1.625794
19.934624,1.631509
19.940763,1.635807
19.946865,1.639808
19.953661,1.643745
19.958790,1.647009
19.965576,1.650471
19.972427,1.654207
19.980843,1.658183
19.988180,1.661362
19.995085,1.664486
20.002132,1.667241
20.009031,1.670060
20.014717,1.672022
20.021303,1.675023
20.028524,1.677631
20.036932,1.681085
20.043888,1.683811
20.050852,1.686703
20.058374,1.689534
20.066116,1.692374
20.071814,1.694446
20.078814,1.696499
20.088676,1.699596
20.094851,1.701140
20.102156,1.702774
20.109322,1.704584
20.116804,1.705756
20.124472,1.706942
20.130518,1.707762
20.138008,1.708561
20.145590,1.709143
20.154640,1.709561
20.162378,1.709768
20.170204,1.709767
20.177910,1.709550
20.185566,1.709308
20.191782,1.708794
20.198975,1.708128
20.206501,1.707295
20.215450,1.705859
20.222897,1.704698
20.230013,1.703188
20.237989,1.701254
20.245266,1.699608
20.250957,1.697909
20.258099,1.695887
20.268169,1.692425
20.274050,1.690373
20.280920,1.687767
20.288313,1.684608
20.295061,1.681649
20.301765,1.678456
20.307266,1.675529
20.314133,1.672040
20.323360,1.667184
20.328857,1.663936
20.335644,1.660339
20.342358,1.656746
20.348511,1.653497
20.355247,1.649933
20.360203,1.647394
20.367912,1.643337
20.377148,1.638454
20.382490,1.635651
20.388716,1.632478
20.395519,1.628832
20.401806,1.625554
20.408470,1.622005
20.414604,1.618622
20.421288,1.615394
20.430208,1.610667
20.434338,1.608583
20.442682,1.604223
20.449791,1.600668
20.456062,1.597106
20.462612,1.593784
20.468485,1.590745
20.475025,1.587146
20.481510,1.583750
20.490021,1.579346
20.496996,1.575793
20.503778,1.572429
20.510735,1.568958
20.516788,1.565941
20.522913,1.562930
20.529688,1.559749
20.538874,1.555339
20.543659,1.553081
20.551849,1.549366
20.558895,1.546159
20.565516,1.543228
20.572317,1.540088
20.578129,1.537743
20.585005,1.534626
20.591848,1.531681
20.600336,1.528280
20.607450,1.525277
20.614620,1.522440
20.621498,1.519662
20.628679,1.516809
20.634605,1.514479
20.641420,1.511825
20.648413,1.509130
20.655306,1.506645
20.664251,1.503268
20.671309,1.500737
20.678043,1.498192
20.685308,1.495628
20.691074,1.493694
20.698402,1.490921
20.705425,1.488489
20.712387,1.486305
20.722269,1.483102
20.728033,1.481275
20.735588,1.478951
20.742807,1.476700
20.748270,1.474957
20.751871,1.473886
20.753214,1.473656
20.753700,1.473267
20.752831,1.474077
20.753006,1.474228
20.753262,1.473806
20.753582,1.473801
20.752934,1.474221
20.753098,1.474093
20.753057,1.474142
20.752945,1.474226
20.753136,1.474183
20.753149,1.474124
20.752874,1.474166
20.752817,1.474301
20.753059,1.474215
20.752506,1.474499
20.752598,1.474396
20.752565,1.474455
20.752382,1.474476
20.752060,1.474535
20.752037,1.474402
20.752054,1.474431
20.751827,1.474632
20.752016,1.474531
20.751719,1.474581
20.751692,1.474463
20.751633,1.474572
20.751768,1.474534
20.751654,1.474496
20.751814,1.474594
20.751667,1.474621
20.751835,1.474616
20.751265,1.474597
20.751408,1.474663
20.751629,1.474510
20.751469,1.474538
20.751438,1.474618
20.751770,1.474654
20.751724,1.474633
20.751469,1.474469
20.751665,1.474661
20.751738,1.474551
20.751642,1.474555
20.751451,1.474508
20.751328,1.474361
20.751408,1.474462
20.751461,1.474485
20.751703,1.474369
20.751377,1.474724
20.751524,1.474715
20.751091,1.474509
20.750813,1.474548
20.751110,1.474476
20.750820,1.474330
20.751003,1.474417
20.750978,1.474365
20.750929,1.474525
20.750866,1.474548
20.750805,1.474367
20.750633,1.474061
20.750843,1.474320
20.750668,1.474295
20.750692,1.474567
20.751066,1.475981
20.751860,1.479867
20.753519,1.485656
20.755926,1.494857
20.757795,1.503242
20.759510,1.511127
20.761040,1.518475
20.762329,1.525072
20.763927,1.532243
20.765182,1.539566
20.766747,1.546487
20.768688,1.555377
20.770321,1.563119
20.771589,1.569691
20.772964,1.577022
20.774023,1.583163
20.775448,1.591126
20.777365,1.600946
20.778030,1.605811
20.779640,1.614801
20.780846,1.622332
20.781979,1.630031
20.783077,1.636994
20.783886,1.643606
20.784992,1.651210
20.786364,1.661173
20.787155,1.666640
20.788223,1.675429
20.789089,1.682908
20.789993,1.690176
20.790693,1.697357
20.791374,1.704072
20.792086,1.711501
20.792898,1.721525
20.793554,1.727980
20.794054,1.735615
20.794706,1.743223
20.795172,1.751252
20.795746,1.757600
20.796198,1.764694
20.796318,1.770970
20.796890,1.774446
20.796650,1.775509
20.796604,1.775470
20.796446,1.775177
20.796358,1.775493
20.796410,1.775373
20.796305,1.775355
20.796541,1.775448
20.796419,1.775511
20.796379,1.775452
20.796421,1.775122
20.796505,1.775032
20.796436,1.774967
20.796398,1.774905
20.796595,1.774696
20.796644,1.774647
20.796701,1.774905
20.796591,1.774634
20.796724,1.774734
20.796709,1.774806
20.796619,1.774849
20.796726,1.774850
20.796795,1.774623
20.796877,1.774567
20.796762,1.774431
20.796831,1.774492
20.796926,1.774443
20.796850,1.774436
20.796909,1.774238
20.796963,1.774077
20.797098,1.774299
20.797041,1.774006
20.796902,1.774190
20.797010,1.774170
20.796892,1.774235
20.796888,1.774242
20.796888,1.774131
20.797092,1.774140
20.797132,1.774246
20.797283,1.773842
20.797192,1.773916
20.797163,1.773982
20.797211,1.773939
20.797123,1.773867
20.797235,1.773775
20.797235,1.773920
20.797184,1.773910
20.796980,1.773814
20.795509,1.774485
20.791092,1.776597
20.785004,1.779276
20.777662,1.782491
20.770176,1.785722
20.762781,1.788579
20.757154,1.790743
20.750195,1.793611
20.743057,1.796577
20.734377,1.799679
20.727322,1.802461
20.720314,1.805133
20.713318,1.807789
20.706520,1.810193
20.700369,1.812332
20.693354,1.815013
20.686478,1.817451
20.684128,1.818403
20.682665,1.818718
20.683065,1.818806
20.683348,1.818144
20.683250,1.817975
20.683161,1.818181
20.682804,1.818227
20.679695,1.818544
20.676197,1.819065
20.670040,1.820103
20.662283,1.821070
20.653891,1.821963
20.645655,1.823056
20.639336,1.823737
20.631672,1.824590
20.621719,1.825826
20.615221,1.826402
20.607662,1.827240
20.600128,1.827923
20.592735,1.828633
20.585129,1.829194
20.578985,1.829619
20.571194,1.830251
20.563446,1.830767
20.556398,1.831322
20.547335,1.831691
20.539280,1.832172
20.532009,1.832418
20.524342,1.832787
20.517971,1.833024
20.510159,1.833330
20.502621,1.833471
20.493341,1.833861
20.485886,1.834012
20.478031,1.834110
20.470854,1.834161
20.463242,1.834224
20.456575,1.834238
20.449017,1.834263
20.438639,1.834177
20.433809,1.834151
20.424509,1.833840
20.416992,1.833885
20.409357,1.833665
20.402235,1.833254
20.395569,1.833086
20.387999,1.832689
20.377867,1.832136
20.372843,1.831890
20.363455,1.831319
20.355848,1.830700
20.348629,1.830214
20.341118,1.829588
20.334360,1.829058
20.327213,1.828549
20.319757,1.827754
20.312206,1.827256
20.302797,1.826230
20.295359,1.825459
20.287821,1.824779
20.280428,1.823900
20.274094,1.823284
20.266602,1.822351
20.259140,1.821333
20.251440,1.820299
20.242353,1.818954
20.234917,1.818047
20.226891,1.816900
20.219412,1.815835
20.213795,1.814847
20.205769,1.813587
20.195101,1.811865
20.189224,1.810836
20.183119,1.809771
20.175545,1.808528
20.167322,1.806911
20.159203,1.805477
20.153490,1.804409
20.146292,1.802687
20.138672,1.801160
20.131371,1.799723
20.122465,1.797738
20.114780,1.796121
20.107552,1.794377
20.100040,1.792844
20.094234,1.791319
20.087019,1.789630
20.079275,1.787821
20.071819,1.785903
20.063431,1.783540
20.055779,1.781700
20.048239,1.779682
20.040985,1.777503
20.035183,1.776040
20.027691,1.773719
20.020517,1.771666
20.013571,1.769596
20.004555,1.766974
19.997362,1.764878
19.989628,1.762441
19.982555,1.760173
19.976818,1.758283
19.969633,1.755730
19.959057,1.752383
19.954727,1.750891
19.946161,1.748066
19.939484,1.745537
19.932072,1.743038
19.925121,1.740369
19.919209,1.738231
19.911388,1.735489
19.904411,1.733169
19.897100,1.731394
19.888575,1.728996
19.881340,1.726987
19.873970,1.725661
19.866217,1.724225
19.860348,1.723209
19.852663,1.722339
19.842255,1.721120
19.837881,1.720732
19.828272,1.720195
19.820843,1.719914
19.813410,1.719947
19.805754,1.719919
19.799728,1.720380
19.792068,1.720786
19.784191,1.721619
19.775137,1.722782
19.767752,1.723591
19.760263,1.725081
19.752644,1.726330
19.745583,1.728005
19.740908,1.729139
19.737804,1.729540
19.736588,1.730110
19.734934,1.730674
19.731985,1.731538
19.730371,1.732508
19.727516,1.733402
19.722866,1.735331
19.716665,1.738021
19.708912,1.741473
19.701733,1.744770
19.693861,1.748385
19.687227,1.751879
19.680305,1.754828
19.673346,1.758287
19.666409,1.761657
19.661074,1.764046
19.654030,1.767372
19.647060,1.770509
19.638765,1.774511
19.631786,1.777598
19.625021,1.780814
19.618444,1.783952
19.610886,1.787624
19.605230,1.790454
19.599014,1.793858
19.592491,1.797285
19.586218,1.801097
19.579815,1.804925
19.577374,1.806187
19.576321,1.807105
19.572845,1.809898
19.567862,1.813700
19.561098,1.819226
19.552696,1.826469
19.549318,1.829489
19.543163,1.835027
19.537479,1.840771
19.532324,1.846164
19.527460,1.851635
19.523254,1.856841
19.517874,1.862682
19.511721,1.869900
19.508446,1.873567
19.502581,1.880742
19.497709,1.886645
19.492785,1.892467
19.488398,1.897719
19.483900,1.902999
19.479115,1.908720
19.472710,1.916288
19.469095,1.920417
19.462957,1.928067
19.458035,1.933991
19.453777,1.940134
19.449167,1.946104
19.445818,1.951105
19.441767,1.957546
19.437653,1.963844
19.434080,1.970408
19.429876,1.978232
19.426420,1.985297
19.423346,1.992105
19.420177,1.999134
19.417896,2.005102
19.415133,2.012291
19.412476,2.019447
19.410183,2.026971
19.407335,2.035900
19.405416,2.043084
19.403540,2.050344
19.401949,2.057752
19.400879,2.063681
19.399561,2.071314
19.398560,2.078769
19.397438,2.086493
19.396637,2.095738
19.396046,2.102769
19.395712,2.110266
19.395662,2.118072
19.395596,2.125384
19.396065,2.133229
19.396502,2.139351
19.397018,2.147771
19.398256,2.156792
19.399141,2.164168
19.400518,2.171739
19.401798,2.179180
19.402983,2.185188
19.404985,2.192873
19.406931,2.200191
19.409248,2.207846
19.411995,2.216639
19.414522,2.223610
19.417139,2.230894
19.419733,2.237448
19.422396,2.243200
19.425304,2.249834
19.430258,2.259441
19.432344,2.263439
19.436789,2.272066
19.440952,2.278663
19.444725,2.284963
19.448872,2.291131
19.452650,2.296512
19.456400,2.302471
19.460787,2.308663
19.465914,2.316017
19.469826,2.322234
19.474356,2.328677
19.478809,2.335006
19.482916,2.341124
19.486383,2.345997
19.490658,2.352552
19.494925,2.358807
19.499357,2.365082
19.504488,2.372626
19.508762,2.378782
19.512920,2.385171
19.517147,2.391270
19.520725,2.396556
19.525013,2.402941
19.529131,2.408776
19.533920,2.415867
19.537848,2.421493
19.542995,2.429014
19.547335,2.435176
19.551573,2.441431
19.554874,2.446479
19.559259,2.452729
19.563620,2.459087
19.568035,2.465781
19.572926,2.473061
19.577381,2.479591
19.581301,2.485740
19.585691,2.492209
19.588957,2.497443
19.593220,2.503616
19.597389,2.510276
19.601133,2.516390
19.606134,2.524528
19.609922,2.530741
19.613710,2.537142
19.617649,2.543760
19.620901,2.549268
19.624790,2.556103
19.628403,2.562641
19.631907,2.568928
19.636377,2.577018
19.640224,2.583960
19.643616,2.590373
19.647129,2.596700
19.649984,2.602504
19.653648,2.609401
19.658749,2.618777
19.660784,2.622979
19.665089,2.630958
19.668545,2.637497
19.672211,2.644363
19.675816,2.650964
19.679089,2.657196
19.682911,2.663734
19.688051,2.672046
19.690809,2.676398
19.695808,2.683682
19.700277,2.689792
19.705046,2.695893
19.709600,2.701283
19.714018,2.706340
19.719063,2.712021
19.724102,2.717256
19.729603,2.722966
19.736208,2.729253
19.741623,2.734059
19.747799,2.739449
19.752401,2.743197
19.758289,2.747787
19.764158,2.752313
19.772198,2.757837
19.776814,2.761020
19.784332,2.765979
19.790783,2.770159
19.796894,2.774280
19.803209,2.778198
19.808214,2.781490
19.814716,2.785752
19.820930,2.789773
19.827118,2.793808
19.834902,2.798755
19.841507,2.803201
19.847658,2.807050
19.854847,2.811832
19.860147,2.815055
19.867565,2.819114
19.872650,2.821875
19.879328,2.825158
19.888212,2.829481
19.894146,2.832101
19.901300,2.834613
19.908543,2.837631
19.915230,2.839876
19.922146,2.842099
19.928530,2.844008
19.936039,2.845908
19.945826,2.848515
19.953388,2.849991
19.960581,2.851472
19.968269,2.852597
19.974506,2.853555
19.981899,2.854280
19.992294,2.855174
19.996796,2.855484
20.005939,2.855570
20.013664,2.855568
20.021477,2.855612
20.029085,2.855221
20.034719,2.854991
20.042925,2.854140
20.050142,2.853410
20.057714,2.852382
20.066288,2.850834
20.073969,2.849614
20.081280,2.847948
20.088476,2.846231
20.094429,2.844563
20.101891,2.842185
20.112003,2.839224
20.116253,2.837468
20.124762,2.834409
20.131626,2.831469
20.138556,2.828294
20.145500,2.825141
20.151052,2.822201
20.157637,2.818850
20.164494,2.814762
20.170626,2.810915
20.178837,2.806011
20.185143,2.801746
20.191246,2.797473
20.196886,2.793264
20.201836,2.789274
20.208263,2.784655
20.214039,2.779607
20.219755,2.775453
20.226614,2.769511
20.232754,2.764977
20.238579,2.760273
20.244520,2.755417
20.249454,2.751623
20.254847,2.747042
20.261000,2.742516
20.267132,2.737391
20.274490,2.731589
20.280220,2.727106
20.286201,2.722180
20.292459,2.717359
20.296942,2.713837
20.302912,2.708893
20.311028,2.702513
20.314425,2.699701
20.321905,2.693856
20.327776,2.689123
20.333549,2.684780
20.339291,2.680242
20.344810,2.675991
20.350658,2.671689
20.358896,2.665413
20.362490,2.662746
20.368870,2.657926
20.376389,2.652440
20.382532,2.648132
20.388611,2.643575
20.392710,2.640730
20.395658,2.638533
20.396833,2.637510
20.397005,2.638017
20.396845,2.638356
20.396820,2.638287
20.397038,2.638300
20.397112,2.638210
20.396856,2.638489
20.396807,2.638603
20.399471,2.637485
20.402161,2.636538
20.408974,2.633590
20.416754,2.630846
20.424440,2.627855
20.431602,2.625262
20.438049,2.623040
20.445333,2.620591
20.452135,2.618191
20.459244,2.615834
20.467876,2.612849
20.474821,2.610581
20.482437,2.607975
20.489025,2.605960
20.495369,2.603845
20.502253,2.601799
20.509838,2.599443
20.517017,2.597318
20.525671,2.594708
20.533260,2.592630
20.540730,2.590431
20.548067,2.588336
20.554070,2.586874
20.561630,2.584831
20.568905,2.582832
20.576324,2.581233
20.585388,2.578717
20.592768,2.576865
20.600227,2.575161
20.607807,2.573308
20.613575,2.572194
20.620888,2.570417
20.628464,2.568775
20.635910,2.567087
20.644955,2.565121
20.652447,2.563560
20.659548,2.562243
20.667103,2.560675
20.673475,2.559587
20.680367,2.558239
20.688143,2.556868
20.695486,2.555760
20.704449,2.553976
20.712223,2.552908
20.719431,2.551526
20.727116,2.550414
20.732887,2.549558
20.740274,2.548646
20.748114,2.547341
20.755938,2.546438
20.764784,2.545090
20.772081,2.544250
20.779421,2.543483
20.787395,2.542495
20.793726,2.541887
20.801207,2.540937
20.808939,2.540382
20.816248,2.539593
20.825510,2.539022
20.833332,2.538272
20.840939,2.537592
20.848614,2.537211
20.854542,2.536819
20.861914,2.536292
20.869595,2.535896
20.877365,2.535316
20.884901,2.535026
20.894241,2.534542
20.901850,2.534338
20.909542,2.533979
20.915646,2.533909
20.923052,2.533833
20.930746,2.533625
20.938251,2.533537
20.946020,2.533516
20.955051,2.533457
20.962440,2.533587
20.970448,2.533614
20.976248,2.533715
20.984087,2.533724
20.994541,2.533984
20.999386,2.534140
21.008402,2.534308
21.016054,2.534611
21.023605,2.534966
21.031322,2.535180
21.037432,2.535477
21.044743,2.535787
21.052841,2.536269
21.060278,2.536708
21.069008,2.537400
21.077015,2.538002
21.084644,2.538581
21.091984,2.539250
21.098251,2.539882
21.105602,2.540539
21.113230,2.541296
21.121075,2.542074
21.130039,2.543140
21.137558,2.543894
21.144976,2.544829
21.152624,2.545747
21.158617,2.546383
21.166016,2.547436
21.173555,2.548432
21.181210,2.549597
21.190353,2.550856
21.197350,2.551858
21.204700,2.553185
21.212440,2.554516
21.218462,2.555630
21.225878,2.556868
21.233730,2.558292
21.242783,2.559972
21.249996,2.561500
21.257740,2.562989
21.264559,2.564332
21.272093,2.565922
21.278627,2.567182
21.285969,2.568951
21.293373,2.570476
21.300611,2.572140
21.309383,2.574241
21.316954,2.575931
21.324162,2.577751
21.330784,2.579159
21.336470,2.580586
21.340733,2.581708
21.343050,2.581994
21.345053,2.582200
21.348427,2.582888
21.350847,2.583094
21.352863,2.583593
21.355280,2.583692
21.357239,2.583920
21.359825,2.584100
21.362486,2.584144
21.364243,2.584291
21.367170,2.584178
21.369446,2.584198
21.372084,2.584057
21.374052,2.583919
21.376127,2.583812
21.378448,2.583486
21.380651,2.583304
21.382839,2.582876
21.386175,2.582484
21.390844,2.581601
21.398302,2.580276
21.407045,2.578418
21.413609,2.576530
21.420689,2.574858
21.427961,2.572403
21.435183,2.570379
21.442223,2.567701
21.450487,2.564634
21.457575,2.561839
21.464497,2.558418
21.470583,2.556111
21.477543,2.552904
21.484175,2.550013
21.490995,2.547030
21.497925,2.544135
21.506361,2.540618
21.513514,2.537825
21.520475,2.534940
21.526262,2.532647
21.533522,2.530017
21.540886,2.527065
21.547827,2.524239
21.556330,2.520997
21.563251,2.518267
21.570595,2.515195
21.578190,2.512028
21.583622,2.509737
21.590662,2.506327
21.596243,2.503809
21.602779,2.500287
21.611380,2.495194
21.617413,2.491777
21.623617,2.487583
21.629978,2.483290
21.635969,2.479168
21.641800,2.474552
21.646914,2.470654
21.652573,2.465728
21.658312,2.460952
21.664991,2.454854
21.670809,2.449052
21.675865,2.443992
21.681322,2.437991
21.685984,2.432662
21.690369,2.427859
21.695799,2.421321
21.701538,2.414922
21.706434,2.409350
21.711536,2.403714
21.716427,2.398010
21.720165,2.393517
21.725538,2.387514
21.730516,2.381885
21.735243,2.375961
21.741568,2.368642
21.746536,2.362404
21.751215,2.356555
21.755665,2.350357
21.759079,2.345487
21.763374,2.339174
21.767170,2.332837
21.771233,2.326254
21.775423,2.318356
21.778826,2.311671
21.782099,2.304998
21.785231,2.297878
21.787477,2.292742
21.790440,2.285026
21.793221,2.277783
21.795586,2.270796
21.798182,2.262209
21.800329,2.254780
21.802008,2.247404
21.803797,2.240113
21.804993,2.234266
21.806303,2.226492
21.807699,2.218883
21.808508,2.211645
21.809464,2.202654
21.810183,2.195141
21.810577,2.187801
21.810804,2.180241
21.810627,2.173670
21.810621,2.165903
21.810358,2.158144
21.809595,2.150929
21.808830,2.141600
21.807793,2.134282
21.806761,2.126711
21.805368,2.119380
21.804205,2.113142
21.802658,2.105560
21.800724,2.098068
21.798973,2.091284
21.796030,2.081859
21.793631,2.074230
21.791084,2.067579
21.788225,2.060441
21.786148,2.054914
21.783146,2.048505
21.779804,2.041330
21.776556,2.034893
21.772141,2.026367
21.768057,2.019594
21.763802,2.012660
21.759834,2.006167
21.756201,2.000880
21.752073,1.994861
21.747911,1.988860
21.743559,1.982893
21.739492,1.976913
21.734098,1.969140
21.729900,1.963170
21.725441,1.956970
21.721584,1.951358
21.717159,1.944765
21.712986,1.938949
21.708927,1.933014
21.703783,1.925604
21.699106,1.918934
21.695065,1.912997
21.690828,1.906971
21.687050,1.901911
21.682673,1.895353
21.678793,1.890085
21.673695,1.882649
21.668987,1.875411
21.664515,1.869198
21.660038,1.862832
21.655922,1.856921
21.652554,1.852058
21.648191,1.845836
21.643837,1.839510
21.639109,1.832823
21.634060,1.825326
21.629377,1.818390
21.625698,1.812951
21.621515,1.806523
21.618118,1.801173
21.614223,1.794854
21.610380,1.788595
21.606396,1.782437
21.600859,1.773434
21.597685,1.768209
21.593744,1.761487
21.589827,1.755242
21.586157,1.748738
21.582289,1.742158
21.579308,1.736991
21.576176,1.731254
21.573725,1.727484
21.573105,1.725799
21.572853,1.726189
21.573858,1.726376
21.573730,1.726054
21.573572,1.726220
21.573669,1.726057
21.573492,1.726234
21.573837,1.726364
21.573807,1.726265
21.573572,1.725913
21.573429,1.725386
21.573275,1.724500
21.572779,1.721209
21.571325,1.715361
21.569954,1.707909
21.568300,1.698034
21.566916,1.689907
21.565556,1.682373
21.564384,1.674892
21.563448,1.668851
21.562311,1.661614
21.561169,1.654292
21.560112,1.646273
21.558714,1.637300
21.557837,1.629947
21.556705,1.622795
21.555866,1.615444
21.555054,1.608925
21.554012,1.601743
21.553034,1.593694
21.552214,1.586486
21.551256,1.578999
21.550346,1.570100
21.549656,1.562927
21.548868,1.554577
21.548401,1.548557
21.547657,1.540752
21.547146,1.533042
21.546583,1.525796
21.545994,1.518238
21.545471,1.508958
21.545103,1.501232
21.544579,1.493652
21.544449,1.487675
21.544001,1.480516
21.543795,1.472171
21.543566,1.464787
21.543148,1.457496
21.543119,1.448520
21.542799,1.440785
21.542782,1.433160
21.542732,1.427052
21.542675,1.419664
21.542734,1.411890
21.542648,1.404597
21.542725,1.395277
21.542950,1.387587
21.543156,1.380551
21.543444,1.372775
21.543655,1.366498
21.543903,1.359241
21.544243,1.351405
21.544607,1.344031
21.545002,1.334986
21.545580,1.326546
21.545952,1.319000
21.546492,1.311791
21.546774,1.305748
21.547285,1.298372
21.547979,1.290703
21.548613,1.283293
21.549395,1.274322
21.550266,1.266681
21.550859,1.259079
21.551796,1.251686
21.552511,1.245593
21.553377,1.237614
21.554279,1.229781
21.555202,1.222761
21.556273,1.213553
21.557323,1.206005
21.558281,1.198427
21.559408,1.191429
21.560472,1.185060
21.561665,1.177176
21.562830,1.169943
21.563889,1.162549
21.565477,1.153600
21.566624,1.146037
21.567984,1.138747
21.569292,1.131594
21.570698,1.124803
21.572105,1.117474
21.573528,1.110224
21.575085,1.102634
21.576941,1.093678
21.578630,1.086277
21.580194,1.078641
21.581812,1.071976
21.583149,1.065409
21.585094,1.057808
21.586712,1.050375
21.588432,1.043177
21.590593,1.034741
21.592558,1.027089
21.594549,1.019919
21.596577,1.012555
21.598274,1.006371
21.600334,0.999193
21.602392,0.991530
21.604513,0.984310
21.606882,0.975655
21.609243,0.968154
21.611502,0.960696
21.613487,0.953925
21.615585,0.947874
21.617785,0.940413
21.619850,0.933915
21.622416,0.926371
21.625265,0.917548
21.627668,0.910856
21.630198,0.903490
21.632624,0.896408
21.634701,0.890529
21.637417,0.883472
21.639997,0.876087
21.642811,0.869061
21.645975,0.860609
21.648825,0.853182
21.651556,0.846066
21.654413,0.838958
21.656578,0.833225
21.659636,0.826495
21.662472,0.819070
21.665344,0.812225
21.669048,0.803759
21.671881,0.796684
21.674889,0.790063
21.677973,0.783047
21.680349,0.777605
21.683620,0.770698
21.686705,0.763544
21.689793,0.756929
21.693840,0.748217
21.697096,0.741733
21.700199,0.734952
21.703871,0.727764
21.706486,0.722102
21.709631,0.715983
21.713320,0.708850
21.716820,0.701851
21.721119,0.694177
21.724424,0.687366
21.727875,0.680562
21.731609,0.673971
21.734396,0.668741
21.738237,0.661785
21.741777,0.655377
21.745720,0.648553
21.749428,0.642163
21.753973,0.634210
21.758179,0.627420
21.761763,0.620732
21.764908,0.615486
21.768583,0.608906
21.772413,0.602612
21.776161,0.595893
21.779839,0.589391
21.784153,0.581723
21.787802,0.575089
21.791712,0.568189
21.794827,0.563128
21.798508,0.556465
21.802280,0.550266
21.806122,0.543636
21.810646,0.535257
21.812883,0.531945
21.817539,0.523807
21.845264,0.475397
21.845339,0.475292
21.845335,0.475279
21.845324,0.475296
21.846174,0.473427
21.848148,0.469710
21.850960,0.464388
21.854256,0.458010
21.857824,0.450687
21.861036,0.443478
21.864082,0.436523
21.867395,0.427589
21.867687,0.424863
21.867743,0.425851
21.867977,0.425548
21.867870,0.422211
21.867659,0.418503
21.866982,0.413928
21.866392,0.408036
21.865759,0.401920
21.865250,0.393535
21.866577,0.385878
21.869213,0.378342
21.871380,0.370546
21.872496,0.363210
21.873871,0.356320
21.874807,0.349259
21.875940,0.339902
21.876612,0.332482
21.877008,0.325067
21.877419,0.318108
21.877434,0.310393
21.877460,0.303073
21.877470,0.296052
21.876987,0.288933
21.876688,0.281719
21.875572,0.271875
21.874804,0.264617
21.873522,0.257181
21.872128,0.249941
21.870855,0.243053
21.869194,0.235860
21.867281,0.228519
21.864597,0.218757
21.862537,0.212146
21.860167,0.205721
21.857605,0.198446
21.854939,0.191361
21.852312,0.184957
21.849121,0.177920
21.846096,0.171580
21.841444,0.162721
21.837870,0.156083
21.834095,0.149776
21.830782,0.143667
21.827164,0.137377
21.823662,0.131331
21.820299,0.125000
21.816248,0.118059
21.811583,0.109778
21.808035,0.103575
21.804562,0.097283
21.801086,0.090837
21.797346,0.084339
21.793871,0.077882
21.790243,0.071502
21.786703,0.065411
21.782211,0.057236
21.778320,0.050249
21.774830,0.043987
21.771231,0.037736
21.767735,0.031525
21.764029,0.025036
21.760321,0.018631
21.756979,0.012912
21.752407,0.004339
21.748562,-0.002257
21.745079,-0.008575
21.741484,-0.014824
21.737865,-0.021005
21.734365,-0.027313
21.730820,-0.033856
21.727022,-0.040370
21.722429,-0.048882
21.718830,-0.055473
21.715485,-0.061890
21.712048,-0.068360
21.708750,-0.074540
21.699533,-0.092574
21.694527,-0.102830
21.691269,-0.109573
21.688082,-0.116239
21.685003,-0.122853
21.681904,-0.129455
21.678856,-0.135855
21.675489,-0.142748
21.672411,-0.149543
21.668455,-0.158406
21.665529,-0.165037
21.662659,-0.171836
21.660049,-0.178171
21.656918,-0.185027
21.654020,-0.192104
21.651119,-0.198699
21.648376,-0.205547
21.645874,-0.212008
21.642193,-0.221034
21.639614,-0.227937
21.637003,-0.234677
21.634457,-0.241522
21.631958,-0.248146
21.629398,-0.255241
21.626844,-0.262381
21.623756,-0.271299
21.621431,-0.278317
21.619019,-0.285289
21.616724,-0.292317
21.614277,-0.299175
21.611868,-0.305894
21.609604,-0.312917
21.606522,-0.322325
21.605148,-0.326989
21.602203,-0.336093
21.600107,-0.343198
21.597849,-0.350486
21.596090,-0.356282
21.595112,-0.359510
21.594786,-0.361066
21.594740,-0.361527
21.595081,-0.361296
21.595098,-0.361143
21.595016,-0.361034
21.595112,-0.361239
21.595253,-0.361205
21.595411,-0.360924
21.595177,-0.361213
21.595320,-0.361214
21.595531,-0.361134
21.595587,-0.362585
21.595644,-0.366072
21.595842,-0.371716
21.596046,-0.379212
21.596504,-0.387402
21.597122,-0.395470
21.597565,-0.402692
21.598263,-0.412559
21.598967,-0.419634
21.599401,-0.426474
21.600010,-0.434176
21.600924,-0.442036
21.601416,-0.449237
21.602144,-0.456302
21.602741,-0.463246
21.603718,-0.472772
21.604456,-0.480326
21.605326,-0.487667
21.606197,-0.494848
21.607218,-0.501995
21.607941,-0.509414
21.609076,-0.516510
21.609871,-0.523981
21.610859,-0.531322
21.612133,-0.538414
21.613331,-0.547844
21.614542,-0.555080
21.615685,-0.562039
21.617018,-0.569742
21.618135,-0.576206
21.619318,-0.583451
21.620882,-0.591106
21.622759,-0.600856
21.624174,-0.607821
21.625635,-0.615129
21.627163,-0.621972
21.628757,-0.629701
21.630371,-0.636811
21.631933,-0.643841
21.633503,-0.650695
21.635786,-0.660137
21.637512,-0.667300
21.639269,-0.674285
21.640970,-0.681344
21.642813,-0.688443
21.644556,-0.695371
21.646467,-0.702427
21.648403,-0.709342
21.650909,-0.718703
21.653028,-0.725807
21.654877,-0.732915
21.656960,-0.739624
21.659294,-0.747072
21.661570,-0.754687
21.663771,-0.761748
21.666533,-0.770537
21.667776,-0.774583
21.670761,-0.783788
21.673286,-0.791119
21.675516,-0.797804
21.678053,-0.804917
21.680399,-0.811706
21.682505,-0.818082
21.685122,-0.825253
21.688517,-0.834733
21.691175,-0.841698
21.693724,-0.848463
21.696400,-0.855331
21.698994,-0.861946
21.701744,-0.868893
21.704563,-0.875790
21.707096,-0.882374
21.711170,-0.891600
21.713743,-0.898220
21.716410,-0.904657
21.719292,-0.911494
21.722019,-0.918082
21.724985,-0.924801
21.727888,-0.931626
21.731770,-0.940070
21.734909,-0.947366
21.737877,-0.953974
21.741070,-0.960461
21.744270,-0.967461
21.747271,-0.973773
21.750528,-0.980545
21.753733,-0.987233
21.758167,-0.995700
21.761610,-1.002283
21.764915,-1.008811
21.768232,-1.014951
21.771605,-1.021670
21.775013,-1.028025
21.778372,-1.034417
21.781921,-1.041082
21.785381,-1.047210
21.789991,-1.055815
21.793781,-1.062273
21.797150,-1.068477
21.801075,-1.075337
21.804852,-1.081726
21.808426,-1.088127
21.812023,-1.094220
21.816660,-1.102424
21.819099,-1.106669
21.823814,-1.115166
21.827286,-1.121662
21.831066,-1.128120
21.834642,-1.134404
21.838266,-1.140307
21.842823,-1.148683
21.846565,-1.155163
21.850344,-1.161513
21.854050,-1.167812
21.857555,-1.174089
21.861235,-1.180435
21.864656,-1.186512
21.868450,-1.193180
21.872143,-1.199587
21.875671,-1.205709
21.880619,-1.214379
21.884209,-1.220365
21.887939,-1.226894
21.891739,-1.233848
21.895195,-1.240574
21.898443,-1.246920
21.901613,-1.253344
21.904629,-1.259989
21.908249,-1.268677
21.910820,-1.275099
21.913399,-1.282185
21.915569,-1.289579
21.917669,-1.296402
21.919533,-1.303535
21.921242,-1.310533
21.922846,-1.317975
21.924667,-1.327261
21.925982,-1.334564
21.926888,-1.341936
21.927576,-1.349320
21.928329,-1.356963
21.928610,-1.363739
21.929003,-1.370992
21.928963,-1.381109
21.928951,-1.388449
21.928797,-1.395534
21.928125,-1.403036
21.927643,-1.410434
21.926762,-1.417556
21.925827,-1.424623
21.924623,-1.431875
21.923176,-1.438844
21.921041,-1.448653
21.919249,-1.455624
21.917374,-1.462547
21.915451,-1.469416
21.912926,-1.476528
21.910751,-1.483664
21.908339,-1.490575
21.905186,-1.499544
21.902914,-1.506211
21.900581,-1.512738
21.898222,-1.519393
21.896065,-1.526256
21.893440,-1.533475
21.891249,-1.540496
21.889034,-1.546867
21.885704,-1.556325
21.883448,-1.563008
21.881109,-1.569969
21.878719,-1.576817
21.876259,-1.583773
21.873730,-1.590837
21.871380,-1.597769
21.868967,-1.604561
21.866657,-1.611481
21.863340,-1.620750
21.860830,-1.627618
21.858364,-1.634636
21.855930,-1.641329
21.853373,-1.648746
21.851227,-1.655549
21.848871,-1.662071
21.845366,-1.671631
21.843121,-1.678302
21.840857,-1.685098
21.838800,-1.691656
21.836351,-1.698529
21.833923,-1.705845
21.831596,-1.712539
21.829145,-1.719664
21.826025,-1.728897
21.823605,-1.735758
21.821156,-1.742803
21.818890,-1.749436
21.816557,-1.756179
21.814394,-1.763423
21.811872,-1.770249
21.809631,-1.776869
21.807182,-1.784088
21.803993,-1.793648
21.801737,-1.799965
21.799551,-1.806851
21.797443,-1.813921
21.795002,-1.821002
21.793072,-1.828366
21.790733,-1.835511
21.788734,-1.842162
21.786011,-1.851707
21.784046,-1.858883
21.782078,-1.865951
21.780107,-1.872840
21.778347,-1.879505
21.776356,-1.887149
21.774673,-1.894201
21.772915,-1.900991
21.770685,-1.910477
21.768978,-1.917578
21.767122,-1.924529
21.765368,-1.931774
21.763283,-1.939433
21.761082,-1.946792
21.759037,-1.953636
21.756897,-1.960568
21.753675,-1.969312
21.751106,-1.975901
21.748035,-1.982656
21.744993,-1.989201
21.741825,-1.995685
21.738283,-2.002171
21.734602,-2.008879
21.731039,-2.015065
21.726048,-2.023080
21.721701,-2.029302
21.717211,-2.035604
21.713030,-2.041393
21.708843,-2.047031
21.704716,-2.052889
21.700504,-2.058886
21.694742,-2.066587
21.690268,-2.072738
21.686249,-2.078548
21.682095,-2.084284
21.677691,-2.090441
21.672871,-2.096861
21.668325,-2.103102
21.663616,-2.108725
21.657171,-2.116287
21.652308,-2.121469
21.647249,-2.126870
21.642197,-2.131500
21.636835,-2.136598
21.631672,-2.141407
21.625715,-2.146188
21.620430,-2.150757
21.612391,-2.156605
21.606417,-2.161152
21.600679,-2.165061
21.594357,-2.169207
21.588074,-2.173287
21.581947,-2.176795
21.575285,-2.180555
21.568970,-2.183912
21.560263,-2.188479
21.553608,-2.191153
21.547066,-2.193909
21.540127,-2.196922
21.533001,-2.199520
21.526459,-2.202272
21.519346,-2.204659
21.513079,-2.207154
21.506166,-2.209796
21.497000,-2.213395
21.490440,-2.215908
21.483576,-2.218474
21.476664,-2.221231
21.469666,-2.223889
21.462296,-2.226588
21.455475,-2.229177
21.446186,-2.232274
21.439743,-2.233911
21.432810,-2.235744
21.426018,-2.237445
21.418812,-2.238905
21.411421,-2.240469
21.404202,-2.241473
21.396736,-2.242466
21.387266,-2.243667
21.379774,-2.244139
21.372528,-2.244564
21.365108,-2.244661
21.357908,-2.244785
21.350716,-2.244705
21.343231,-2.244294
21.336060,-2.244030
21.325853,-2.243010
21.318689,-2.242285
21.311483,-2.241306
21.304111,-2.240150
21.297039,-2.238825
21.289932,-2.237072
21.282972,-2.235536
21.275898,-2.233604
21.269175,-2.231567
21.259781,-2.228570
21.252798,-2.225957
21.246164,-2.223452
21.239588,-2.220752
21.232645,-2.217666
21.226063,-2.214713
21.219707,-2.211438
21.212891,-2.207839
21.204212,-2.202892
21.198042,-2.199304
21.191900,-2.195422
21.185671,-2.191360
21.179636,-2.187906
21.173649,-2.183747
21.167496,-2.180302
21.161324,-2.176366
21.153086,-2.171308
21.146822,-2.167355
21.140631,-2.163638
21.134560,-2.159921
21.128344,-2.155895
21.122278,-2.152057
21.115669,-2.148221
21.107548,-2.143155
21.101490,-2.139478
21.095276,-2.135466
21.089281,-2.131643
21.083107,-2.127794
21.077080,-2.124018
21.070391,-2.120008
21.062187,-2.114746
21.058044,-2.112346
21.049690,-2.107236
21.043150,-2.103434
21.036913,-2.099848
21.030718,-2.096141
21.024693,-2.092869
21.018456,-2.089379
21.011684,-2.085592
21.003023,-2.080927
20.996630,-2.077445
20.990316,-2.074182
20.983965,-2.070795
20.977480,-2.067415
20.970842,-2.063936
20.964468,-2.060702
20.957829,-2.057325
20.951263,-2.054088
20.944517,-2.050866
20.935791,-2.046607
20.929167,-2.043700
20.922596,-2.040528
20.915878,-2.037278
20.909330,-2.034325
20.902525,-2.031037
20.893890,-2.027050
20.889414,-2.025036
20.880583,-2.021178
20.873632,-2.018073
20.867142,-2.015260
20.860168,-2.012407
20.853304,-2.009581
20.846420,-2.006668
20.840847,-2.004369
20.836100,-2.002503
20.834028,-2.001753
20.833900,-2.001472
20.835005,-2.002310
20.835253,-2.002639
20.834782,-2.002305
20.833178,-2.002121
20.829840,-2.001298
20.822258,-1.999591
20.814808,-1.998199
20.807316,-1.996445
20.799561,-1.994867
20.792246,-1.993522
20.785189,-1.992174
20.778065,-1.990932
20.768711,-1.989097
20.761236,-1.987815
20.754015,-1.986329
20.747099,-1.985306
20.739386,-1.983979
20.732399,-1.982923
20.725023,-1.981780
20.717747,-1.980672
20.708557,-1.979391
20.701452,-1.978467
20.694052,-1.977521
20.686954,-1.976548
20.679768,-1.975602
20.672569,-1.974762
20.665249,-1.973973
20.657711,-1.973165
20.647985,-1.972176
20.641148,-1.971598
20.633284,-1.970991
20.625938,-1.970238
20.618534,-1.969674
20.611107,-1.969004
20.604019,-1.968453
20.596830,-1.968014
20.589745,-1.967592
20.579786,-1.967199
20.572302,-1.966845
20.565418,-1.966443
20.557970,-1.966101
20.550741,-1.965955
20.543734,-1.965469
20.536388,-1.965399
20.529039,-1.965370
20.518745,-1.965130
20.511583,-1.965163
20.504585,-1.965111
20.497225,-1.965096
20.489559,-1.965105
20.482660,-1.965179
20.475069,-1.965222
20.465225,-1.965510
20.460474,-1.965493
20.451025,-1.965846
20.443869,-1.965953
20.436626,-1.966224
20.428888,-1.966565
20.421583,-1.966955
20.414307,-1.967441
20.406950,-1.967856
20.397211,-1.968433
20.390041,-1.969032
20.382637,-1.969341
20.375315,-1.969867
20.367977,-1.970422
20.360659,-1.971056
20.353413,-1.971654
20.346252,-1.972481
20.336205,-1.973343
20.329163,-1.974104
20.321947,-1.974818
20.314312,-1.975613
20.307390,-1.976500
20.300077,-1.977244
20.292810,-1.978336
20.285252,-1.979141
20.278837,-1.980023
20.268221,-1.981655
20.260893,-1.982724
20.254234,-1.983734
20.247013,-1.984857
20.240036,-1.986103
20.232857,-1.987257
20.223427,-1.989188
20.218325,-1.990069
20.208410,-1.991956
20.201389,-1.993369
20.194248,-1.994601
20.186762,-1.996181
20.179689,-1.997697
20.172464,-1.999115
20.165340,-2.000777
20.155867,-2.002795
20.148428,-2.004569
20.141523,-2.006166
20.134855,-2.007781
20.127594,-2.009610
20.120430,-2.011535
20.113300,-2.013319
20.106129,-2.015120
20.096754,-2.017653
20.089500,-2.019644
20.082489,-2.021587
20.075554,-2.023479
20.068642,-2.025259
20.061449,-2.027465
20.054369,-2.029509
20.047415,-2.031523
20.040747,-2.033612
20.030819,-2.036646
20.023979,-2.038719
20.017376,-2.040901
20.010675,-2.043094
20.003393,-2.045546
19.996349,-2.047957
19.989594,-2.050255
19.980732,-2.053461
19.973591,-2.055905
19.966595,-2.058403
19.959768,-2.060987
19.952477,-2.063672
19.946041,-2.066161
19.939022,-2.068757
19.932047,-2.071572
19.923168,-2.075059
19.916599,-2.077741
19.910191,-2.080487
19.902887,-2.083499
19.896324,-2.086259
19.889668,-2.089170
19.882826,-2.091951
19.876249,-2.094766
19.867044,-2.098838
19.860407,-2.101840
19.853716,-2.105006
19.847002,-2.107942
19.840281,-2.111095
19.833986,-2.114170
19.827368,-2.117268
19.821224,-2.120337
19.812147,-2.124780
19.805763,-2.127865
19.798563,-2.131579
19.792049,-2.134920
19.786024,-2.138003
19.779682,-2.141262
19.773493,-2.144497
19.764713,-2.149178
19.758572,-2.152523
19.751808,-2.156263
19.745691,-2.159689
19.739037,-2.163474
19.732681,-2.166880
19.726215,-2.170564
19.719900,-2.173992
19.711382,-2.178944
19.704706,-2.182769
19.698893,-2.186430
19.692764,-2.190007
19.686001,-2.193729
19.679567,-2.197717
19.673523,-2.201291
19.667179,-2.204788
19.658680,-2.209691
19.652611,-2.213302
19.646391,-2.216865
19.639936,-2.220479
19.633978,-2.223659
19.627121,-2.227768
19.621021,-2.231371
19.614698,-2.234859
19.606165,-2.239933
19.599989,-2.243305
19.593794,-2.247048
19.587376,-2.250806
19.581161,-2.254398
19.574821,-2.258126
19.568577,-2.261695
19.562576,-2.265093
19.553904,-2.270111
19.547203,-2.273839
19.540279,-2.277800
19.533947,-2.281287
19.527737,-2.284327
19.521049,-2.287597
19.514301,-2.290743
19.507654,-2.293405
19.498648,-2.296806
19.494171,-2.298432
19.484755,-2.301453
19.477850,-2.303371
19.470932,-2.305273
19.463661,-2.306884
19.456467,-2.308503
19.449409,-2.309795
19.441980,-2.310899
19.434927,-2.312023
19.425474,-2.313100
19.418152,-2.313667
19.411037,-2.314153
19.403564,-2.314287
19.396309,-2.314407
19.389334,-2.314188
19.382141,-2.314049
19.374638,-2.313443
19.364510,-2.312522
19.357714,-2.311791
19.350359,-2.310687
19.342899,-2.309471
19.335825,-2.308030
19.328503,-2.306413
19.321377,-2.304671
19.314747,-2.302775
19.304861,-2.299855
19.297953,-2.297450
19.291428,-2.295291
19.284922,-2.292652
19.277910,-2.289694
19.271103,-2.286824
19.264711,-2.283665
19.255844,-2.279344
19.249207,-2.275814
19.243332,-2.272945
19.236790,-2.269785
19.230373,-2.266565
19.224125,-2.263436
19.217171,-2.260058
19.210852,-2.256881
19.204571,-2.254015
19.195608,-2.249483
19.189016,-2.246362
19.182566,-2.243050
19.176168,-2.239959
19.169567,-2.236704
19.162828,-2.233461
19.156181,-2.230268
19.150055,-2.227126
19.141069,-2.222801
19.134590,-2.219624
19.128067,-2.216330
19.121611,-2.213127
19.114840,-2.209666
19.108334,-2.206478
19.099522,-2.202384
19.093027,-2.199132
19.086391,-2.196157
19.079914,-2.193138
19.073301,-2.190086
19.066725,-2.187309
19.059740,-2.184157
19.053198,-2.181358
19.046560,-2.178308
19.037447,-2.174382
19.031200,-2.171731
19.024147,-2.168911
19.017305,-2.166183
19.010414,-2.163425
19.003719,-2.160801
18.996857,-2.158037
18.989958,-2.155436
18.980980,-2.152052
18.974272,-2.149689
18.967464,-2.147189
18.960455,-2.144547
18.953529,-2.142042
18.946512,-2.139648
18.939905,-2.137423
18.930641,-2.134155
18.923756,-2.131747
18.916494,-2.129394
18.909559,-2.127199
18.902996,-2.125113
18.895214,-2.122615
18.887989,-2.120424
18.881136,-2.118340
18.874245,-2.116309
18.865017,-2.113624
18.858263,-2.111590
18.850571,-2.109466
18.843637,-2.107748
18.836697,-2.105874
18.830282,-2.104153
18.822886,-2.102370
18.815735,-2.100542
18.806332,-2.098164
18.799356,-2.096413
18.792355,-2.094829
18.785036,-2.093177
18.777544,-2.091365
18.770666,-2.089859
18.763512,-2.088252
18.753923,-2.086277
18.749174,-2.085279
18.739466,-2.083395
18.732414,-2.082029
18.725576,-2.080719
18.717573,-2.079175
18.710644,-2.077852
18.703821,-2.076729
18.693954,-2.075084
18.686903,-2.073856
18.679625,-2.072819
18.672623,-2.071721
18.665106,-2.070606
18.657625,-2.069514
18.650276,-2.068531
18.643162,-2.067666
18.633528,-2.066323
18.626057,-2.065413
18.619165,-2.064502
18.611902,-2.063714
18.605036,-2.062812
18.597145,-2.062010
18.589937,-2.061299
18.583115,-2.060521
18.573057,-2.059737
18.568537,-2.059277
18.559034,-2.058541
18.551933,-2.057999
18.544643,-2.057498
18.537212,-2.056921
18.529709,-2.056608
18.522614,-2.056194
18.514940,-2.055921
18.507805,-2.055500
18.498383,-2.055136
18.491011,-2.054885
18.483423,-2.054650
18.475990,-2.054509
18.468679,-2.054301
18.461641,-2.054337
18.451820,-2.054071
18.446924,-2.054038
18.436550,-2.054070
18.429697,-2.054067
18.422361,-2.054060
18.415215,-2.054166
18.407495,-2.054191
18.400141,-2.054313
18.392958,-2.054480
18.383266,-2.054899
18.375841,-2.055108
18.368937,-2.055305
18.361534,-2.055659
18.354038,-2.056107
18.346840,-2.056470
18.339300,-2.056908
18.332449,-2.057430
18.322464,-2.058122
18.317690,-2.058577
18.308014,-2.059310
18.300308,-2.060030
18.293196,-2.060625
18.286074,-2.061303
18.278582,-2.062173
18.271458,-2.062902
18.261614,-2.064103
18.254435,-2.064821
18.247505,-2.065552
18.240053,-2.066551
18.232456,-2.067447
18.225534,-2.068371
18.217794,-2.069541
18.210665,-2.070566
18.203772,-2.071656
18.194134,-2.073180
18.186867,-2.074336
18.179607,-2.075527
18.172478,-2.076730
18.165251,-2.078022
18.157686,-2.079484
18.150711,-2.080789
18.141535,-2.082629
18.134455,-2.084103
18.127253,-2.085476
18.119892,-2.087135
18.112906,-2.088582
18.105927,-2.089966
18.098516,-2.091718
18.091000,-2.093479
18.081875,-2.095285
18.074326,-2.097224
18.067623,-2.098833
18.060638,-2.100630
18.053982,-2.102442
18.046377,-2.104307
18.039351,-2.106065
18.032497,-2.107816
18.023279,-2.110342
18.016300,-2.112290
18.009121,-2.114373
18.001860,-2.116549
17.995407,-2.118279
17.987635,-2.120660
17.980349,-2.122679
17.973558,-2.124798
17.964197,-2.127568
17.957426,-2.129780
17.950243,-2.131992
17.943403,-2.134207
17.936583,-2.136464
17.929338,-2.138912
17.922655,-2.141198
17.915855,-2.143506
17.906300,-2.147096
17.899574,-2.149514
17.892998,-2.151855
17.886456,-2.154359
17.879192,-2.156970
17.872034,-2.159834
17.865530,-2.162552
17.858671,-2.165134
17.849518,-2.168868
17.842665,-2.171742
17.836035,-2.174467
17.829170,-2.177421
17.822250,-2.180545
17.815847,-2.183161
17.809244,-2.186042
17.802385,-2.189095
17.795916,-2.191895
17.787125,-2.195976
17.780354,-2.198926
17.773849,-2.202002
17.766924,-2.205184
17.760479,-2.208237
17.753750,-2.211462
17.747255,-2.214612
17.738497,-2.219018
17.731848,-2.222387
17.725107,-2.225788
17.718616,-2.229023
17.712557,-2.232101
17.705610,-2.235672
17.698816,-2.239093
17.690331,-2.243545
17.683676,-2.246685
17.677841,-2.249923
17.671371,-2.253055
17.664581,-2.256507
17.658081,-2.260008
17.651443,-2.263385
17.645340,-2.266464
17.638767,-2.269909
17.632206,-2.273171
17.623486,-2.277462
17.617039,-2.280775
17.610518,-2.284089
17.603981,-2.287336
17.597672,-2.290478
17.591150,-2.293720
17.584616,-2.297052
17.578489,-2.300255
17.569798,-2.304589
17.563143,-2.307885
17.556671,-2.311182
17.549368,-2.314825
17.542984,-2.317838
17.536308,-2.320715
17.529839,-2.323516
17.523172,-2.326075
17.513826,-2.329118
17.506655,-2.331406
17.499804,-2.333290
17.492910,-2.335123
17.485853,-2.336707
17.478188,-2.338171
17.471260,-2.339628
17.464294,-2.340647
17.454754,-2.342094
17.447374,-2.342803
17.439854,-2.343346
17.432411,-2.343849
17.425291,-2.344128
17.418501,-2.344227
17.408190,-2.343945
17.403151,-2.343733
17.393522,-2.343213
17.386280,-2.342526
17.378695,-2.341562
17.371368,-2.340392
17.364399,-2.339240
17.357269,-2.338003
17.350010,-2.336266
17.342682,-2.334611
17.333549,-2.332055
17.326580,-2.329907
17.319607,-2.327668
17.312744,-2.325127
17.306303,-2.322769
17.299263,-2.319764
17.292114,-2.316706
17.286057,-2.313778
17.277493,-2.309438
17.270647,-2.305737
17.264526,-2.302041
17.258453,-2.298470
17.252066,-2.294192
17.245977,-2.290259
17.238178,-2.285084
17.232342,-2.281087
17.226574,-2.277397
17.220236,-2.273026
17.214201,-2.269071
17.208328,-2.264910
17.202429,-2.261048
17.196066,-2.256877
17.190193,-2.252851
17.182232,-2.247659
17.176094,-2.243512
17.170092,-2.239503
17.163925,-2.235589
17.157534,-2.231537
17.151632,-2.227677
17.145584,-2.223594
17.139559,-2.219747
17.131353,-2.214072
17.125334,-2.210078
17.119436,-2.206159
17.112673,-2.201725
17.106838,-2.197831
17.100992,-2.193945
17.095240,-2.190161
17.089008,-2.186130
17.082832,-2.182031
17.075157,-2.176920
17.068863,-2.172741
17.062838,-2.168637
17.056562,-2.164662
17.050955,-2.160805
17.044670,-2.156652
17.038340,-2.152550
17.031994,-2.148249
17.029163,-2.146456
17.027710,-2.145430
17.027622,-2.145392
17.027977,-2.146114
17.027985,-2.146195
17.028051,-2.145725
17.028040,-2.146167
17.028030,-2.146474
17.027668,-2.145981
17.027588,-2.146004
17.027805,-2.146400
17.027950,-2.146342
17.028023,-2.146394
17.028090,-2.146427
17.028257,-2.146518
17.028173,-2.146635
17.028193,-2.146479
17.028303,-2.146486
17.028336,-2.146670
17.028345,-2.146651
17.028301,-2.146556
17.028357,-2.146649
17.028275,-2.146606
17.028549,-2.146780
17.028229,-2.146624
17.026814,-2.146718
17.023216,-2.146760
17.017622,-2.147001
17.010090,-2.147703
17.002361,-2.148283
16.994196,-2.148859
16.986904,-2.149664
16.977499,-2.150363
16.970255,-2.151056
16.963154,-2.151706
16.955368,-2.152448
16.947920,-2.153232
16.940863,-2.154026
16.933584,-2.154882
16.923717,-2.156059
16.916908,-2.156765
16.909609,-2.157760
16.901945,-2.158785
16.894682,-2.159760
16.887878,-2.160763
16.880741,-2.161634
16.871262,-2.163116
16.866409,-2.163910
16.856625,-2.165396
16.849644,-2.166688
16.842247,-2.167919
16.835007,-2.169241
16.827576,-2.170561
16.820494,-2.172048
16.813238,-2.173368
16.806231,-2.174851
16.797659,-2.176594
16.794477,-2.177361
16.792955,-2.177540
16.793053,-2.177492
16.793659,-2.177920
16.793694,-2.177867
16.793455,-2.177860
16.793282,-2.178061
16.793530,-2.178145
16.793478,-2.178164
16.793200,-2.178237
16.793388,-2.178425
16.793480,-2.178274
16.793449,-2.178260
16.793453,-2.178339
16.793596,-2.178311
16.793903,-2.178073
16.794128,-2.178030
16.794001,-2.178073
16.794161,-2.178116
16.794481,-2.178051
16.794352,-2.178095
16.794361,-2.178187
16.794367,-2.178103
16.795267,-2.177700
16.794910,-2.177690
16.794867,-2.177820
16.794809,-2.177875
16.794806,-2.177810
16.794981,-2.177750
16.795019,-2.177798
16.795168,-2.177744
16.795082,-2.177703
16.794754,-2.178156
16.794016,-2.179659
16.792162,-2.182763
16.789036,-2.187643
16.785410,-2.194132
16.781349,-2.201011
16.777569,-2.208069
16.772808,-2.216609
16.769554,-2.222653
16.766663,-2.227715
16.764858,-2.230943
16.764101,-2.232843
16.763659,-2.232699
16.764536,-2.231952
16.764729,-2.231955
16.764830,-2.231779
16.764881,-2.232098
16.764446,-2.232514
16.764872,-2.232271
16.764874,-2.232135
16.764704,-2.232168
16.764931,-2.232070
16.764648,-2.233214
16.763956,-2.238018
16.762774,-2.243886
16.761557,-2.251238
16.760489,-2.259328
16.759264,-2.267153
16.758184,-2.274273
16.757227,-2.281494
16.756044,-2.291030
16.755228,-2.298112
16.754333,-2.304953
16.753365,-2.312481
16.752424,-2.319560
16.751637,-2.326723
16.750788,-2.334035
16.750076,-2.341301
16.749329,-2.348403
16.748425,-2.358337
16.747786,-2.365605
16.747192,-2.372905
16.746483,-2.380665
16.746017,-2.387684
16.745434,-2.394948
16.745050,-2.402503
16.744486,-2.412344
16.744089,-2.419033
16.743773,-2.426864
16.743343,-2.434134
16.743004,-2.441414
16.742779,-2.448509
16.742632,-2.455723
16.742487,-2.463178
16.742355,-2.473163
16.742296,-2.480337
16.742281,-2.487047
16.742346,-2.494707
16.742235,-2.502511
16.742250,-2.509057
16.742409,-2.516491
16.742502,-2.526482
16.742718,-2.531069
16.742937,-2.540781
16.743223,-2.548220
16.743511,-2.555221
16.743715,-2.562675
16.744150,-2.570478
16.744461,-2.577329
16.744698,-2.584421
16.745287,-2.591712
16.745842,-2.601674
16.746489,-2.609289
16.747000,-2.616319
16.747618,-2.624066
16.748285,-2.631285
16.748896,-2.638397
16.749548,-2.645748
16.750269,-2.653013
16.751251,-2.662849
16.752159,-2.670251
16.752914,-2.677419
16.753775,-2.684896
16.754641,-2.692199
16.755676,-2.699465
16.756983,-2.709237
16.757763,-2.714072
16.759121,-2.723330
16.760313,-2.730442
16.761364,-2.737721
16.762680,-2.745038
16.763838,-2.751979
16.765112,-2.759290
16.766323,-2.765976
16.767544,-2.773469
16.769379,-2.783294
16.770332,-2.789346
16.771244,-2.793421
16.771358,-2.795158
16.771032,-2.796968
16.771599,-2.799229
16.771633,-2.801776
16.771744,-2.804582
16.771906,-2.807234
16.771681,-2.809271
16.771749,-2.811605
16.771662,-2.813902
16.771465,-2.816449
16.771414,-2.819017
16.771301,-2.821051
16.771126,-2.823188
16.770769,-2.826390
16.770403,-2.828343
16.770235,-2.830631
16.769733,-2.832652
16.769264,-2.834998
16.768755,-2.837162
16.768120,-2.840089
16.767784,-2.841678
16.766853,-2.844608
16.766308,-2.846896
16.765429,-2.849129
16.764719,-2.851248
16.764046,-2.853329
16.763010,-2.855318
16.761637,-2.858977
16.758980,-2.864970
16.754272,-2.876115
16.749640,-2.886259
16.744141,-2.897941
16.737619,-2.911829
16.730320,-2.926972
16.722160,-2.943396
16.710743,-2.966568
16.704964,-2.978423
16.693451,-3.001773
16.685650,-3.017671
16.678961,-3.031472
16.673235,-3.043545
16.668455,-3.054176
16.664114,-3.063342
16.660143,-3.072407
16.658283,-3.076829
16.657034,-3.079861
16.656111,-3.081968
16.655958,-3.082319
16.656549,-3.081885
16.656429,-3.081985
16.656460,-3.081688
16.656635,-3.081940
16.656464,-3.082102
16.656487,-3.082376
16.656754,-3.081867
16.656618,-3.081869
16.656864,-3.081634
16.656872,-3.081687
16.656664,-3.081982
16.656982,-3.081551
16.656834,-3.081487
16.657072,-3.081326
16.656967,-3.081598
16.657024,-3.081521
16.657095,-3.081374
16.656981,-3.081166
16.657171,-3.080993
16.657099,-3.080888
16.657042,-3.081094
16.657141,-3.080750
16.657196,-3.080884
16.657146,-3.080896
16.657282,-3.080906
16.657244,-3.080664
16.657312,-3.080812
16.657295,-3.080750
16.657370,-3.080538
16.657244,-3.080796
16.657419,-3.080481
16.657572,-3.080509
16.657473,-3.080459
16.657539,-3.080346
16.657595,-3.080702
16.657576,-3.080340
16.657484,-3.080427
16.657499,-3.080120
16.657801,-3.080522
16.657841,-3.080536
16.657572,-3.080024
16.657494,-3.079978
16.657703,-3.080188
16.657785,-3.080162
16.657597,-3.079968
16.657696,-3.080007
16.657629,-3.080100
16.657408,-3.079948
16.657333,-3.079596
16.657604,-3.080085
16.657736,-3.079771
16.657801,-3.079918
16.657362,-3.079623
16.657272,-3.079381
16.657339,-3.079645
16.657362,-3.079346
16.657406,-3.079098
16.657671,-3.079218
16.657722,-3.079227
16.657330,-3.079314
16.657272,-3.079107
16.657516,-3.078898
16.657892,-3.079135
16.657972,-3.079292
16.657623,-3.079235
16.657625,-3.079242
16.657505,-3.078853
16.657267,-3.078868
16.657282,-3.078787
16.657299,-3.078851
16.657089,-3.078723
16.657064,-3.078730
16.656984,-3.078813
16.656885,-3.078681
16.656979,-3.078771
16.656893,-3.078792
16.656866,-3.078841
16.656874,-3.078728
16.656845,-3.078592
16.656954,-3.078806
16.656750,-3.078642
16.656616,-3.078407
16.656637,-3.078458
16.656565,-3.078564
16.656158,-3.078381
16.656408,-3.078447
16.656029,-3.078277
16.656357,-3.078122
16.656561,-3.078234
16.656456,-3.078076
16.656250,-3.078218
16.656313,-3.078026
16.656315,-3.078104
16.656200,-3.078032
16.656080,-3.078183
16.656013,-3.078215
16.656078,-3.078151
16.655945,-3.078251
16.655956,-3.078245
16.656044,-3.078034
16.656212,-3.077912
16.656046,-3.078008
16.655899,-3.078164
16.655966,-3.078022
16.655937,-3.077820
16.655718,-3.077929
16.655958,-3.077962
16.655569,-3.078021
16.655460,-3.077997
16.655458,-3.078087
16.655497,-3.078046
16.655670,-3.077855
16.655296,-3.078050
16.655066,-3.078082
16.655230,-3.078202
16.655167,-3.078150
16.655218,-3.077899
16.655394,-3.077924
16.655273,-3.077970
16.655252,-3.078011
16.654743,-3.078136
16.654921,-3.077930
16.654909,-3.078160
16.654671,-3.078154
16.654657,-3.078210
16.654642,-3.078410
16.655056,-3.078192
16.655293,-3.078053
16.655231,-3.078163
16.655058,-3.078224
16.655163,-3.078184
16.655140,-3.078171
16.655060,-3.078198
16.655107,-3.078172
16.655107,-3.078172
16.655107,-3.078172
16.655107,-3.078172
16.655107,-3.078172
16.655107,-3.078172
16.655107,-3.078172
16.655107,-3.078172
16.655107,-3.078172
16.655107,-3.078172
16.655107,-3.078172
16.655107,-3.078172
16.655107,-3.078172
16.655107,-3.078172
16.655107,-3.078172
16.655107,-3.078172
16.655107,-3.078172
16.655107,-3.078172
16.655107,-3.078172
16.655107,-3.078172
16.655107,-3.078172
16.655107,-3.078172
16.655107,-3.078172
16.655107,-3.078172
16.655107,-3.078172
16.655107,-3.078172
16.655107,-3.078172
16.655107,-3.078172
16.655107,-3.078172
16.655107,-3.078172
16.655107,-3.078172
16.655107,-3.078172
16.655107,-3.078172
16.655107,-3.078172
16.655107,-3.078172
16.655107,-3.078172
16.655107,-3.078172
16.655107,-3.078172
16.655107,-3.078172
16.655107,-3.078172
16.655107,-3.078172
16.655107,-3.078172
16.655107,-3.078172
16.655107,-3.078172
16.655107,-3.078172
16.655111,-3.078171
16.655111,-3.078171
16.655111,-3.078171
16.655111,-3.078171
16.655111,-3.078171
16.655111,-3.078171
16.655111,-3.078171
16.655111,-3.078171
16.655111,-3.078171
16.655111,-3.078171
16.655111,-3.078171
16.655111,-3.078171
16.655111,-3.078171
16.655111,-3.078171
16.655111,-3.078171
16.655111,-3.078171
16.655113,-3.078170
16.655113,-3.078170
16.655113,-3.078170
16.655113,-3.078170
16.655113,-3.078170
16.655113,-3.078170
16.655113,-3.078170
16.655113,-3.078170
16.655113,-3.078170
16.655113,-3.078170
16.655113,-3.078170
16.655113,-3.078170
16.655113,-3.078170
16.655113,-3.078170
16.655113,-3.078170
16.655113,-3.078170
16.655113,-3.078170
16.655113,-3.078170
16.655113,-3.078170
16.655113,-3.078170
16.655113,-3.078170
16.655113,-3.078170
16.655113,-3.078170
16.655113,-3.078170
16.655113,-3.078170
16.655113,-3.078170
16.655113,-3.078170
16.655113,-3.078170
16.655113,-3.078170
16.655113,-3.078170
16.655113,-3.078170
16.655113,-3.078170
16.655113,-3.078170
16.655113,-3.078170
16.655113,-3.078170
16.655113,-3.078170
16.655113,-3.078170
16.655113,-3.078170
16.655113,-3.078170
16.655113,-3.078170
16.655113,-3.078170
16.655113,-3.078170
16.655113,-3.078170
16.655113,-3.078170
16.655113,-3.078170
16.655113,-3.078170
16.655113,-3.078170
16.655113,-3.078170
16.655113,-3.078170
16.655113,-3.078170
16.655113,-3.078170
16.655113,-3.078170
16.655113,-3.078170
16.655113,-3.078170
16.655113,-3.078170
16.655113,-3.078170
16.655113,-3.078170
16.655113,-3.078170
16.655113,-3.078170
16.655113,-3.078170
16.655113,-3.078170
16.655113,-3.078170
16.655113,-3.078170
16.655113,-3.078170
16.655113,-3.078170
16.655113,-3.078170
16.655113,-3.078170
16.655113,-3.078170
16.655113,-3.078170
16.655113,-3.078170
16.655113,-3.078170
16.655113,-3.078170
16.655113,-3.078170
16.655113,-3.078170
16.655113,-3.078170
16.655113,-3.078170
16.655113,-3.078170
16.655113,-3.078170
16.655113,-3.078170
16.655113,-3.078170
16.655113,-3.078170
16.655113,-3.078170
16.655113,-3.078170
16.655113,-3.078170
16.655113,-3.078170
16.655113,-3.078170
16.655113,-3.078170
16.655113,-3.078170
16.655113,-3.078170
16.655113,-3.078170
16.655113,-3.078170
16.655113,-3.078170
16.655113,-3.078170
16.655113,-3.078170
16.655113,-3.078170
16.655113,-3.078170
16.655113,-3.078170
16.655113,-3.078170
16.655113,-3.078170
16.655113,-3.078170
16.655113,-3.078170
16.655113,-3.078170
16.655113,-3.078170
16.655113,-3.078170
16.655113,-3.078170
16.655113,-3.078170
16.655113,-3.078170
16.655113,-3.078170
16.655113,-3.078170
16.655113,-3.078170
16.655113,-3.078170
16.655113,-3.078170
16.655113,-3.078170
16.655113,-3.078170
16.655113,-3.078170
16.655113,-3.078170
16.655113,-3.078170
16.655113,-3.078170
16.655113,-3.078170
16.655113,-3.078170
16.655113,-3.078170
16.655113,-3.078170
16.655113,-3.078170
16.655113,-3.078170
16.655113,-3.078170
16.655113,-3.078170
16.655113,-3.078170
16.655113,-3.078170
16.655113,-3.078170
16.655113,-3.078170
16.655113,-3.078170
16.655113,-3.078170
16.655113,-3.078170
16.655113,-3.078170
16.655113,-3.078170
16.655113,-3.078170
16.655113,-3.078170
16.655113,-3.078170
16.655113,-3.078170
16.655113,-3.078170
16.655113,-3.078170
16.655113,-3.078170
16.655113,-3.078170
16.655113,-3.078170
16.655113,-3.078170
16.655113,-3.078170
16.655113,-3.078170
16.655113,-3.078170
16.655113,-3.078170
16.655113,-3.078170
16.655113,-3.078170
16.655113,-3.078170
16.655113,-3.078170
16.655113,-3.078170
16.655113,-3.078170
16.655113,-3.078170
16.655113,-3.078170
16.655113,-3.078170
16.655113,-3.078170
16.655113,-3.078170
16.655113,-3.078170
16.655113,-3.078170
16.655113,-3.078170
16.655113,-3.078170
16.655113,-3.078170
16.655113,-3.078170
16.655113,-3.078170
16.655113,-3.078170
16.655113,-3.078170
16.655113,-3.078170
16.655113,-3.078170
16.655113,-3.078170
16.655113,-3.078170
16.655113,-3.078170
16.655113,-3.078170
16.655113,-3.078170
16.655113,-3.078170
16.655113,-3.078170
16.655113,-3.078170
16.655113,-3.078170
16.655113,-3.078170
16.655113,-3.078170
16.655113,-3.078170
16.655113,-3.078170
16.655113,-3.078170
16.655113,-3.078170
16.655113,-3.078170
16.655113,-3.078170
16.655113,-3.078170
16.655113,-3.078170
16.655113,-3.078170
16.655113,-3.078170
16.655113,-3.078170
16.655113,-3.078170
16.655113,-3.078170
16.655113,-3.078170
16.655113,-3.078170
16.655113,-3.078170
16.655113,-3.078170
16.655113,-3.078170
16.655113,-3.078170
16.655113,-3.078170
16.655113,-3.078170
16.655113,-3.078170
16.655113,-3.078170
16.655113,-3.078170
16.655113,-3.078170
16.655113,-3.078170
16.655113,-3.078170
16.655113,-3.078170
16.655113,-3.078170
16.655113,-3.078170
16.655113,-3.078170
16.655113,-3.078170
16.655113,-3.078170
16.655113,-3.078170
16.655113,-3.078170
16.655113,-3.078170
16.655113,-3.078170
16.655113,-3.078170
16.655113,-3.078170
16.655113,-3.078170
16.655113,-3.078170
16.655113,-3.078170
16.655113,-3.078170
16.655113,-3.078170
16.655113,-3.078170
16.655113,-3.078170
16.655113,-3.078170
16.655113,-3.078170
16.655113,-3.078170
16.655113,-3.078170
16.655113,-3.078170
16.655113,-3.078170
16.655113,-3.078170
16.655113,-3.078170
16.655113,-3.078170
16.655113,-3.078170
16.655113,-3.078170
16.655113,-3.078170
16.655113,-3.078170
16.655113,-3.078170
16.655113,-3.078170
16.655113,-3.078170
16.655113,-3.078170
16.655113,-3.078170
16.655113,-3.078170
16.655113,-3.078170
16.655113,-3.078170
16.655113,-3.078170
16.655113,-3.078170
16.655113,-3.078170
16.655113,-3.078170
16.655113,-3.078170
16.655113,-3.078170
16.655113,-3.078170
16.655113,-3.078170
16.655113,-3.078170
16.655113,-3.078170
16.655113,-3.078170
16.655113,-3.078170
16.655113,-3.078170
16.655113,-3.078170
16.655113,-3.078170
16.655113,-3.078170
16.655113,-3.078170
16.655113,-3.078170
16.655113,-3.078170
16.655113,-3.078170
16.655113,-3.078170
16.655113,-3.078170
16.655113,-3.078170
16.655113,-3.078170
16.655113,-3.078170
16.655113,-3.078170
16.655113,-3.078170
16.655113,-3.078170
16.655113,-3.078170
16.655113,-3.078170
16.655113,-3.078170
16.655113,-3.078170
16.655113,-3.078170
16.655113,-3.078170
16.655113,-3.078170
16.655113,-3.078170
16.655113,-3.078170
16.655113,-3.078170
16.655113,-3.078170
16.655113,-3.078170
16.655113,-3.078170
16.655113,-3.078170
16.655113,-3.078170
16.655113,-3.078170
16.655113,-3.078170
16.655113,-3.078170
16.655113,-3.078170
16.655113,-3.078170
16.655113,-3.078170
16.655113,-3.078170
16.655113,-3.078170
16.655113,-3.078170
16.655113,-3.078170
16.655113,-3.078170
16.655113,-3.078170
16.655113,-3.078170
16.655113,-3.078170
16.655113,-3.078170
16.655113,-3.078170
16.655113,-3.078170
16.655113,-3.078170
16.655113,-3.078170
16.655113,-3.078170
16.655113,-3.078170
16.655113,-3.078170
16.655113,-3.078170
16.655113,-3.078170
16.655113,-3.078170
16.655113,-3.078170
16.655113,-3.078170
16.655113,-3.078170
16.655113,-3.078170
16.655113,-3.078170
16.655113,-3.078170
16.655113,-3.078170
16.655113,-3.078170
16.655113,-3.078170
16.655113,-3.078170
16.655113,-3.078170
16.655113,-3.078170
16.655113,-3.078170
16.655113,-3.078170
16.655113,-3.078170
16.655113,-3.078170
16.655113,-3.078170
16.655113,-3.078170
16.655113,-3.078170
16.655113,-3.078170
16.655113,-3.078170
16.655113,-3.078170
16.655113,-3.078170
16.655113,-3.078170
16.655113,-3.078170
16.655113,-3.078170
16.655113,-3.078170
16.655113,-3.078170
16.655113,-3.078170
16.655113,-3.078170
16.655113,-3.078170
16.655113,-3.078170
16.655113,-3.078170
16.655113,-3.078170
16.655113,-3.078170
16.655113,-3.078170
16.655113,-3.078170
16.655113,-3.078170
16.655113,-3.078170
16.655113,-3.078170
16.655113,-3.078170
16.655113,-3.078170
16.655113,-3.078170
16.655113,-3.078170
16.655113,-3.078170
16.655113,-3.078170
16.655113,-3.078170
16.655113,-3.078170
16.655113,-3.078170
16.655113,-3.078170
16.655113,-3.078170
16.655113,-3.078170
16.655113,-3.078170
16.655113,-3.078170
16.655113,-3.078170
16.655113,-3.078170
16.655113,-3.078170
16.655113,-3.078170
16.655113,-3.078170
16.655113,-3.078170
16.655113,-3.078170
16.655113,-3.078170
16.655113,-3.078170
16.655113,-3.078170
16.655113,-3.078170
16.655113,-3.078170
16.655113,-3.078170
16.655113,-3.078170
16.655113,-3.078170
16.655113,-3.078170
16.655113,-3.078170
16.655113,-3.078170
16.655113,-3.078170
16.655113,-3.078170
16.655113,-3.078170
16.655113,-3.078170
16.655113,-3.078170
16.655113,-3.078170
16.655113,-3.078170
16.655113,-3.078170
16.655113,-3.078170
16.655113,-3.078170
16.655113,-3.078170
16.655113,-3.078170
16.655113,-3.078170
16.655113,-3.078170
16.655113,-3.078170
16.655113,-3.078170
16.655113,-3.078170
16.655113,-3.078170
16.655113,-3.078170
16.655113,-3.078170
16.655113,-3.078170
16.655113,-3.078170
16.655113,-3.078170
16.655113,-3.078170
16.655113,-3.078170
16.655113,-3.078170
16.655113,-3.078170
16.655113,-3.078170
16.655113,-3.078170
16.655113,-3.078170
16.655113,-3.078170
16.655113,-3.078170
16.655113,-3.078170
16.655113,-3.078170
16.655113,-3.078170
16.655113,-3.078170
16.655113,-3.078170
16.655113,-3.078170
16.655113,-3.078170
16.655113,-3.078170
16.655113,-3.078170
16.655113,-3.078170
16.655113,-3.078170
16.655113,-3.078170
16.655113,-3.078170
16.655113,-3.078170
16.655113,-3.078170
16.655113,-3.078170
16.655113,-3.078170
16.655113,-3.078170
16.655113,-3.078170
16.655113,-3.078170
16.655113,-3.078170
16.655113,-3.078170
16.655113,-3.078170
16.655113,-3.078170
16.655113,-3.078170
16.655113,-3.078170
16.655113,-3.078170
16.655113,-3.078170
16.655113,-3.078170
16.655113,-3.078170
16.655113,-3.078170
16.655113,-3.078170
16.655113,-3.078170
16.655113,-3.078170
16.655113,-3.078170
16.655113,-3.078170
16.655113,-3.078170
16.655113,-3.078170
16.655113,-3.078170
16.655113,-3.078170
16.655113,-3.078170
16.655113,-3.078170
16.655113,-3.078170
16.655113,-3.078170
16.655113,-3.078170
16.655113,-3.078170
16.655113,-3.078170
16.655113,-3.078170
16.655113,-3.078170
16.655113,-3.078170
16.655113,-3.078170
16.655113,-3.078170
16.655113,-3.078170
16.655113,-3.078170
16.655113,-3.078170
16.655113,-3.078170
16.655113,-3.078170
16.655113,-3.078170
16.655113,-3.078170
16.655113,-3.078170
16.655113,-3.078170
16.655113,-3.078170
16.655113,-3.078170
16.655113,-3.078170
16.655113,-3.078170
16.655113,-3.078170
16.655113,-3.078170
16.655113,-3.078170
16.655113,-3.078170
16.655113,-3.078170
16.655113,-3.078170
16.655113,-3.078170
16.655113,-3.078170
16.655113,-3.078170
16.655113,-3.078170
16.655113,-3.078170
16.655113,-3.078170
16.655113,-3.078170
16.655113,-3.078170
16.655113,-3.078170
16.655113,-3.078170
16.655113,-3.078170
16.655113,-3.078170
16.655113,-3.078170
16.655113,-3.078170
16.655113,-3.078170
16.655113,-3.078170
16.655113,-3.078170
16.655113,-3.078170
16.655113,-3.078170
16.655113,-3.078170
16.655113,-3.078170
16.655113,-3.078170
16.655113,-3.078170
16.655113,-3.078170
16.655113,-3.078170
16.655113,-3.078170
16.655113,-3.078170
16.655113,-3.078170
16.655113,-3.078170
16.655113,-3.078170
16.655113,-3.078170
16.655113,-3.078170
16.655113,-3.078170
16.655113,-3.078170
16.655113,-3.078170
16.655113,-3.078170
16.655113,-3.078170
16.655113,-3.078170
16.655113,-3.078170
16.655113,-3.078170
16.655113,-3.078170
16.655113,-3.078170
16.655113,-3.078170
16.655113,-3.078170
16.655113,-3.078170
16.655113,-3.078170
16.655113,-3.078170
16.655113,-3.078170
16.655113,-3.078170
16.655113,-3.078170
16.655113,-3.078170
16.655113,-3.078170
16.655113,-3.078170
16.655113,-3.078170
16.655113,-3.078170
16.655113,-3.078170
16.655113,-3.078170
16.655113,-3.078170
16.655113,-3.078170
16.655113,-3.078170
16.655113,-3.078170
16.655113,-3.078170
16.655113,-3.078170
16.655113,-3.078170
16.655113,-3.078170
16.655113,-3.078170
16.655113,-3.078170
16.655113,-3.078170
16.655113,-3.078170
16.655113,-3.078170
16.655113,-3.078170
16.655113,-3.078170
16.655113,-3.078170
16.655113,-3.078170
16.655113,-3.078170
16.655113,-3.078170
16.655113,-3.078170
16.655113,-3.078170
16.655113,-3.078170
16.655113,-3.078170
16.655113,-3.078170
16.655113,-3.078170
16.655113,-3.078170
16.655113,-3.078170
16.655113,-3.078170
16.655113,-3.078170
16.655113,-3.078170
16.655113,-3.078170
16.655113,-3.078170
16.655113,-3.078170
16.655113,-3.078170
16.655113,-3.078170
16.655113,-3.078170
16.655113,-3.078170
16.655113,-3.078170
16.655113,-3.078170
16.655113,-3.078170
16.655113,-3.078170
16.655113,-3.078170
16.655113,-3.078170
16.655113,-3.078170
16.655113,-3.078170
16.655113,-3.078170
16.655113,-3.078170
16.655113,-3.078170
16.655113,-3.078170
16.655113,-3.078170
16.655113,-3.078170
16.655113,-3.078170
16.655113,-3.078170
16.655113,-3.078170
16.655113,-3.078170
16.655113,-3.078170
16.655113,-3.078170
16.655113,-3.078170
16.655113,-3.078170
16.655113,-3.078170
16.655113,-3.078170
16.655113,-3.078170
16.655113,-3.078170
16.655113,-3.078170
16.655113,-3.078170
16.655113,-3.078170
16.655113,-3.078170
16.655113,-3.078170
16.655113,-3.078170
16.655113,-3.078170
16.655113,-3.078170
16.655113,-3.078170
16.655113,-3.078170
16.655113,-3.078170
16.655113,-3.078170
16.655113,-3.078170
16.655113,-3.078170
16.655113,-3.078170
16.655113,-3.078170
16.655113,-3.078170
16.655113,-3.078170
16.655113,-3.078170
16.655113,-3.078170
16.655113,-3.078170
16.655113,-3.078170
16.655113,-3.078170
16.655113,-3.078170
16.655113,-3.078170
16.655113,-3.078170
16.655113,-3.078170
16.655113,-3.078170
16.655113,-3.078170
16.655113,-3.078170
16.655113,-3.078170
16.655113,-3.078170
16.655113,-3.078170
16.655113,-3.078170
16.655113,-3.078170
16.655113,-3.078170
16.655113,-3.078170
16.655113,-3.078170
16.655113,-3.078170
16.655113,-3.078170
16.655113,-3.078170
16.655113,-3.078170
16.655113,-3.078170
16.655113,-3.078170
16.655113,-3.078170
16.655113,-3.078170
16.655113,-3.078170
16.655113,-3.078170
16.655113,-3.078170
16.655113,-3.078170
16.655113,-3.078170
16.655113,-3.078170
16.655113,-3.078170
16.655113,-3.078170
16.655113,-3.078170
16.655113,-3.078170
16.655113,-3.078170
16.655113,-3.078170
16.655113,-3.078170
16.655113,-3.078170
16.655113,-3.078170
16.655113,-3.078170
16.655113,-3.078170
16.655113,-3.078170
16.655113,-3.078170
16.655113,-3.078170
16.655113,-3.078170
16.655113,-3.078170
16.655113,-3.078170
16.655113,-3.078170
16.655113,-3.078170
16.655113,-3.078170
16.655113,-3.078170
16.655113,-3.078170
16.655113,-3.078170
16.655113,-3.078170
16.655113,-3.078170
16.655113,-3.078170
16.655113,-3.078170
16.655113,-3.078170
16.655113,-3.078170
16.655113,-3.078170
16.655113,-3.078170
