x_m,y_m
6.672976,9.196101
6.672857,9.196234
6.672659,9.196301
6.672791,9.196298
6.672786,9.196214
6.672711,9.196188
6.672653,9.196320
6.672544,9.196571
6.672625,9.196685
6.672827,9.196842
6.672580,9.196858
6.672498,9.196657
6.672485,9.196683
6.672472,9.196677
6.672657,9.196786
6.672800,9.196623
6.672740,9.196620
6.672786,9.196533
6.672639,9.196567
6.672757,9.196581
6.672687,9.196520
6.672688,9.196513
6.672609,9.196471
6.672668,9.196477
6.672702,9.196465
6.672846,9.196465
6.672861,9.196379
6.672850,9.196261
6.672536,9.196030
6.672470,9.195969
6.672498,9.196073
6.672636,9.196335
6.672585,9.196267
6.672585,9.196287
6.672585,9.196287
6.672575,9.196278
6.672585,9.196287
6.672576,9.196298
6.672576,9.196298
6.672576,9.196298
6.672576,9.196298
6.672576,9.196298
6.672576,9.196298
6.672576,9.196298
6.672576,9.196298
6.672576,9.196298
6.672576,9.196298
6.672576,9.196298
6.672576,9.196298
6.672576,9.196298
6.672576,9.196298
6.672576,9.196298
6.672576,9.196298
6.672576,9.196298
6.672683,9.197916
6.672777,9.202050
6.673437,9.206164
6.673872,9.211133
6.674469,9.215014
6.674436,9.218958
6.674838,9.222741
6.675173,9.226670
6.675306,9.230289
6.675527,9.235082
6.675829,9.239079
6.676248,9.243032
6.676569,9.246489
6.676590,9.249802
6.676826,9.253727
6.676997,9.257533
6.677263,9.261347
6.677536,9.265048
6.677722,9.268687
6.678188,9.273689
6.678389,9.277272
6.678638,9.281329
6.678857,9.284959
6.679060,9.288354
6.679330,9.292714
6.679688,9.296564
6.679831,9.299840
6.680053,9.304946
6.680426,9.308576
6.680570,9.312256
6.680867,9.315951
6.681081,9.319496
6.681434,9.323380
6.681960,9.328332
6.682055,9.331886
6.682215,9.335670
6.682680,9.339094
6.682986,9.343034
6.683070,9.346629
6.683467,9.350352
6.683619,9.353951
6.684041,9.359070
6.684238,9.362464
6.684532,9.366405
6.684833,9.369483
6.685175,9.373614
6.685368,9.377862
6.685684,9.381616
6.685946,9.384665
6.686164,9.387780
6.686540,9.393302
6.686722,9.396897
6.686998,9.400747
6.687333,9.404567
6.687669,9.408241
6.687899,9.411588
6.688305,9.415527
6.688494,9.419113
6.688783,9.422737
6.689174,9.427800
6.689460,9.431776
6.689655,9.435598
6.689919,9.439515
6.690048,9.442887
6.690484,9.446679
6.690743,9.450481
6.690967,9.454418
6.691460,9.458735
6.691656,9.462450
6.691936,9.466120
6.692236,9.470057
6.692440,9.474168
6.692658,9.477455
6.692939,9.482076
6.693158,9.484531
6.693477,9.489385
6.693743,9.492747
6.693960,9.496380
6.694253,9.500509
6.694509,9.504171
6.694803,9.508055
6.695239,9.512864
6.695416,9.515347
6.695843,9.520491
6.696131,9.524012
6.696452,9.527840
6.696564,9.531524
6.696870,9.535166
6.697193,9.539267
6.697646,9.544301
6.697834,9.546822
6.698139,9.551285
6.698314,9.552862
6.698259,9.552712
6.698245,9.552605
6.698249,9.552704
6.698273,9.552782
6.698275,9.552822
6.698275,9.552822
6.698275,9.552822
6.698275,9.552822
6.698275,9.552822
6.698275,9.552822
6.698275,9.552822
6.698275,9.552822
6.698275,9.552822
6.698275,9.552822
6.698275,9.552822
6.698275,9.552822
6.698294,9.552801
6.698153,9.552605
6.698270,9.552434
6.698312,9.552380
6.698190,9.552567
6.698297,9.552635
6.698154,9.552578
6.698214,9.552457
6.698310,9.552450
6.698215,9.552375
6.698248,9.552484
6.698057,9.552569
6.698342,9.552375
6.698338,9.552361
6.698223,9.552423
6.698359,9.552343
6.698284,9.552385
6.698305,9.552479
6.698272,9.552496
6.698302,9.552308
6.698352,9.552275
6.698227,9.552256
6.698026,9.551923
6.697874,9.551963
6.698056,9.551917
6.698077,9.551892
6.698071,9.551931
6.698046,9.551869
6.698080,9.551785
6.698230,9.551798
6.697968,9.551737
6.698027,9.551689
6.697908,9.551690
6.698082,9.551531
6.698098,9.551616
6.698075,9.551617
6.698092,9.551649
6.697968,9.551548
6.698060,9.551556
6.697993,9.551528
6.698046,9.551458
6.698181,9.551428
6.698169,9.551499
6.698162,9.551434
6.698244,9.551404
6.698233,9.551407
6.698226,9.551516
6.698151,9.551557
6.698093,9.551620
6.698099,9.551557
6.698042,9.551671
6.698040,9.551641
6.697925,9.551538
6.697887,9.551576
6.697863,9.551523
6.697932,9.551531
6.697917,9.551380
6.697933,9.551371
6.697843,9.551314
6.697881,9.551414
6.697906,9.551340
6.697896,9.551318
6.697872,9.551248
6.697730,9.551136
6.697712,9.551023
6.697751,9.551173
6.697718,9.551258
6.697778,9.551371
6.697762,9.551367
6.697718,9.551356
6.697712,9.551440
6.697769,9.551373
6.697777,9.551394
6.697800,9.551362
6.697768,9.551291
6.697590,9.551234
6.697498,9.551248
6.697451,9.551166
6.697749,9.551228
6.697729,9.551255
6.697477,9.551192
6.697275,9.551257
6.697205,9.551250
6.697232,9.551253
6.697215,9.551072
6.697252,9.551118
6.697069,9.551134
6.697107,9.551275
6.697143,9.551103
6.697407,9.551137
6.697404,9.551087
6.696869,9.551122
6.696885,9.551464
6.696951,9.551435
6.697025,9.551379
6.697043,9.551359
6.697025,9.551379
6.697025,9.551379
6.697025,9.551379
6.697025,9.551379
6.697025,9.551379
6.697025,9.551379
6.697025,9.551379
6.697025,9.551379
6.697025,9.551379
6.697025,9.551379
6.697025,9.551379
6.697025,9.551379
6.697044,9.551378
6.698318,9.551174
6.703725,9.551069
6.708305,9.550282
6.711192,9.549974
6.711635,9.550089
6.711511,9.550411
6.711108,9.550304
6.710981,9.550423
6.711017,9.550343
6.711000,9.550402
6.710989,9.550372
6.710989,9.550372
6.711000,9.550382
6.711000,9.550382
6.711000,9.550382
6.711415,9.550182
6.711742,9.550204
6.712043,9.550314
6.712142,9.550288
6.712156,9.550303
6.712134,9.550339
6.712227,9.550162
6.712256,9.550102
6.712377,9.550134
6.712534,9.550277
6.712859,9.550382
6.712962,9.550249
6.713048,9.550216
6.713042,9.550055
6.712581,9.550268
6.712614,9.550240
6.712796,9.550338
6.712974,9.550287
6.713200,9.550227
6.713072,9.550277
6.712987,9.550217
6.712875,9.550344
6.712976,9.550318
6.713068,9.550268
6.712967,9.550495
6.713137,9.550487
6.713315,9.550603
6.713399,9.550500
6.713330,9.550540
6.713411,9.550445
6.713265,9.550431
6.713164,9.550517
6.713203,9.550513
6.712993,9.550470
6.713193,9.550528
6.713386,9.550502
6.713234,9.550588
6.713266,9.550634
6.713343,9.550599
6.713314,9.550569
6.713470,9.550438
6.713415,9.550468
6.713398,9.550614
6.713432,9.550686
6.713277,9.550682
6.713428,9.550697
6.713667,9.550580
6.713415,9.550748
6.713549,9.550792
6.713490,9.550798
6.713553,9.550733
6.713445,9.550752
6.713561,9.550765
6.713566,9.550684
6.713459,9.550714
6.713513,9.550763
6.713674,9.550960
6.713600,9.551052
6.713495,9.551112
6.713547,9.551223
6.713652,9.551286
6.713594,9.551324
6.713747,9.551353
6.713829,9.551378
6.713875,9.551427
6.713904,9.551505
6.713939,9.551497
6.714100,9.551464
6.714049,9.551478
6.713992,9.551588
6.714124,9.551561
6.713907,9.551540
6.713874,9.551454
6.713894,9.551435
6.714076,9.551628
6.713981,9.551660
6.713708,9.551842
6.713741,9.551866
6.713791,9.551970
6.713698,9.551981
6.713800,9.552053
6.713746,9.552211
6.713803,9.552185
6.713909,9.552219
6.713945,9.552225
6.713955,9.552375
6.713953,9.552279
6.713987,9.552289
6.713840,9.552234
6.713892,9.552318
6.714287,9.552349
6.714279,9.552332
6.714232,9.552333
6.714146,9.552199
6.714135,9.552190
6.714136,9.552210
6.714136,9.552210
6.714136,9.552210
6.714136,9.552210
6.714136,9.552210
6.714136,9.552210
6.714136,9.552210
6.714136,9.552210
6.714136,9.552210
6.714136,9.552210
6.714136,9.552210
6.714136,9.552210
6.714136,9.552210
6.714136,9.552210
6.714136,9.552210
6.714136,9.552210
6.714136,9.552210
6.714136,9.552210
6.714136,9.552210
6.714206,9.552279
6.714479,9.554852
6.714602,9.558890
6.714624,9.562725
6.715346,9.566890
6.715358,9.570870
6.715706,9.575689
6.715900,9.578213
6.716332,9.583141
6.716726,9.586816
6.717000,9.590488
6.717347,9.594215
6.717667,9.597984
6.718111,9.601659
6.718372,9.606743
6.718676,9.609507
6.719110,9.614682
6.719304,9.618221
6.719671,9.621626
6.719971,9.625236
6.720308,9.629148
6.720665,9.632751
6.720992,9.637684
6.721293,9.640257
6.721678,9.644761
6.722025,9.649055
6.722322,9.653000
6.722569,9.656666
6.722763,9.659863
6.723073,9.663640
6.723350,9.667332
6.723666,9.671417
6.723994,9.676321
6.724237,9.679527
6.724593,9.683399
6.724988,9.687391
6.725213,9.690681
6.725533,9.694389
6.725819,9.698371
6.726172,9.702029
6.726849,9.707353
6.727180,9.711045
6.727441,9.713813
6.727831,9.717602
6.728186,9.721915
6.728566,9.725464
6.728936,9.728866
6.729167,9.732459
6.729528,9.737217
6.729884,9.741405
6.730248,9.745122
6.730662,9.748845
6.730850,9.752194
6.731007,9.756121
6.731300,9.759871
6.731518,9.763447
6.731731,9.768333
6.732095,9.771865
6.732456,9.775245
6.732866,9.779034
6.733146,9.782969
6.733654,9.786946
6.734058,9.790306
6.734394,9.793464
6.734741,9.798321
6.735011,9.801715
6.735429,9.805642
6.735609,9.807671
6.735615,9.807776
6.735555,9.807760
6.735581,9.807878
6.735557,9.807800
6.735570,9.807869
6.735580,9.807858
6.735580,9.807858
6.735580,9.807858
6.735622,9.807890
6.735622,9.807890
6.735622,9.807890
6.735622,9.807890
6.735622,9.807890
6.735622,9.807890
6.735622,9.807890
6.735622,9.807890
6.735622,9.807890
6.735622,9.807890
6.735455,9.807650
6.735639,9.807327
6.735737,9.807201
6.735600,9.807158
6.735352,9.807108
6.735476,9.807035
6.735620,9.807075
6.735434,9.807166
6.735693,9.806889
6.735585,9.806835
6.735523,9.807014
6.735524,9.807035
6.735507,9.806971
6.735588,9.806884
6.735545,9.806917
6.735510,9.806832
6.735391,9.806746
6.735196,9.806777
6.735134,9.806778
6.735085,9.806866
6.735120,9.806819
6.735031,9.806804
6.735027,9.806907
6.735120,9.806861
6.734921,9.806852
6.734962,9.806694
6.734994,9.806738
6.734911,9.806783
6.734913,9.806830
6.734927,9.806768
6.735044,9.806686
6.735015,9.806653
6.734865,9.806679
6.734951,9.806467
6.735053,9.806357
6.735043,9.806441
6.735141,9.806416
6.734994,9.806491
6.734989,9.806330
6.734816,9.806413
6.735013,9.806344
6.735042,9.806285
6.734874,9.806372
6.734883,9.806301
6.734746,9.806343
6.734618,9.806432
6.734756,9.806274
6.734944,9.806462
6.735020,9.806555
6.735016,9.806562
6.734702,9.806480
6.734600,9.806375
6.734497,9.806413
6.734501,9.806421
6.734520,9.806296
6.734519,9.806399
6.734364,9.806362
6.734340,9.806297
6.734334,9.806267
6.734404,9.806278
6.734569,9.806343
6.734483,9.806418
6.734257,9.806218
6.734291,9.806220
6.734387,9.806207
6.734379,9.806228
6.734589,9.806406
6.734360,9.806374
6.734148,9.806337
6.734180,9.806388
6.734236,9.806433
6.734248,9.806609
6.734276,9.806281
6.734194,9.806282
6.733932,9.806356
6.733885,9.806385
6.734067,9.806552
6.734038,9.806523
6.733932,9.806377
6.733710,9.806480
6.733650,9.806244
6.733796,9.806314
6.733929,9.806352
6.733870,9.806293
6.733772,9.806217
6.733665,9.806313
6.733604,9.806334
6.733600,9.806389
6.733711,9.806560
6.733512,9.806210
6.732967,9.806561
6.732924,9.806595
6.733090,9.806527
6.733207,9.806491
6.733096,9.806408
6.733030,9.806480
6.733067,9.806418
6.733012,9.806486
6.733022,9.806476
6.733022,9.806476
6.733032,9.806485
6.735125,9.806386
6.739134,9.806420
6.744002,9.805482
6.747478,9.805159
6.750924,9.804996
6.752805,9.804403
6.752255,9.804904
6.751861,9.805043
6.751987,9.804887
6.751973,9.804953
6.751914,9.804955
6.751914,9.804955
6.751904,9.804966
6.751904,9.804966
6.751904,9.804966
6.752296,9.804518
6.752346,9.804658
6.752465,9.804732
6.752596,9.804593
6.752736,9.804532
6.752913,9.804460
6.752937,9.804600
6.752969,9.804682
6.752847,9.804628
6.752894,9.804647
6.752859,9.804765
6.753311,9.804655
6.753622,9.804850
6.753885,9.804684
6.753656,9.804826
6.753649,9.804768
6.753805,9.804837
6.753723,9.805052
6.753694,9.804943
6.753616,9.804869
6.753470,9.804749
6.753445,9.804828
6.753649,9.804852
6.753762,9.804824
6.753580,9.804825
6.753428,9.804918
6.753458,9.804869
6.753868,9.804764
6.753873,9.804760
6.753800,9.804749
6.753660,9.804819
6.753595,9.804828
6.753734,9.804769
6.753946,9.804832
6.753945,9.804943
6.753891,9.805081
6.753847,9.805036
6.753821,9.805057
6.753819,9.805002
6.753844,9.805050
6.753873,9.805070
6.753919,9.805113
6.753885,9.805156
6.753870,9.805127
6.753909,9.805171
6.753823,9.805306
6.753870,9.805561
6.753720,9.805511
6.753663,9.805430
6.753908,9.805329
6.753766,9.805494
6.753747,9.805679
6.753962,9.805627
6.753890,9.805620
6.753791,9.805673
6.753795,9.805674
6.753880,9.805762
6.753730,9.805793
6.753729,9.805817
6.753784,9.805769
6.753866,9.805693
6.753890,9.805761
6.753675,9.805720
6.753827,9.805716
6.753994,9.805684
6.753963,9.805740
6.753842,9.805775
6.753913,9.805932
6.753965,9.805980
6.753886,9.805911
6.754051,9.805826
6.753862,9.805753
6.753801,9.805730
6.753962,9.805946
6.753933,9.806005
6.754025,9.805944
6.754029,9.805840
6.753995,9.805845
6.754040,9.805873
6.753958,9.805908
6.754025,9.805924
6.754087,9.805990
6.754157,9.806012
6.754130,9.806136
6.754059,9.806243
6.754073,9.806161
6.754009,9.806120
6.754153,9.806292
6.754213,9.806346
6.754314,9.806492
6.754463,9.806623
6.754565,9.806746
6.754599,9.806733
6.754636,9.806606
6.754575,9.806571
6.754566,9.806581
6.754575,9.806571
6.754575,9.806571
6.754575,9.806571
6.754575,9.806571
6.754575,9.806571
6.754575,9.806571
6.754575,9.806571
6.754575,9.806571
6.754575,9.806571
6.754575,9.806571
6.754575,9.806571
6.754689,9.808105
6.754941,9.812248
6.755254,9.816713
6.755760,9.822241
6.755935,9.825857
6.756361,9.829155
6.756682,9.832697
6.756996,9.836396
6.757138,9.840578
6.757401,9.844488
6.757762,9.848166
6.758048,9.853089
6.758413,9.856881
6.758803,9.860578
6.759016,9.864174
6.759366,9.868089
6.759748,9.871631
6.760157,9.875494
6.760536,9.880104
6.760765,9.882236
6.761407,9.887865
6.761846,9.891800
6.762129,9.895353
6.762429,9.898398
6.762964,9.902112
6.763202,9.905543
6.763582,9.909478
6.764059,9.913011
6.764452,9.918089
6.764867,9.921714
6.765267,9.925407
6.765599,9.928897
6.765917,9.932299
6.766333,9.936327
6.766607,9.940196
6.767147,9.945088
6.767422,9.949057
6.767618,9.952381
6.768148,9.955891
6.768408,9.959354
6.768835,9.963016
6.769197,9.966742
6.769676,9.971837
6.769882,9.975428
6.770306,9.979096
6.770486,9.982851
6.771047,9.986647
6.771353,9.990247
6.771379,9.991948
6.771426,9.992064
6.771365,9.991586
6.771404,9.991584
6.771447,9.991809
6.771457,9.991986
6.771389,9.991958
6.771367,9.991920
6.771368,9.991940
6.771368,9.991940
6.771368,9.991940
6.771368,9.991940
6.771332,9.991913
6.771332,9.991913
6.771332,9.991913
6.771332,9.991913
6.771332,9.991913
6.771332,9.991913
6.771332,9.991913
6.771332,9.991913
6.771332,9.991913
6.771332,9.991913
6.771332,9.991913
6.771143,9.991653
6.771257,9.991361
6.771266,9.991235
6.771123,9.991241
6.771054,9.991422
6.771005,9.991320
6.771080,9.991323
6.771135,9.991446
6.771012,9.991446
6.771038,9.991405
6.771090,9.991174
6.770976,9.991220
6.771199,9.991174
6.770669,9.990849
6.770464,9.990801
6.770656,9.990945
6.770861,9.990993
6.770692,9.990893
6.770704,9.990900
6.770704,9.990900
6.770717,9.990907
6.770717,9.990907
6.770717,9.990907
6.770717,9.990907
6.770717,9.990907
6.770717,9.990907
6.770717,9.990907
6.770717,9.990907
6.770717,9.990907
6.770717,9.990907
6.770717,9.990907
6.770717,9.990907
6.771296,9.992879
6.772851,9.997631
6.775347,10.004542
6.778451,10.012500
6.782631,10.025216
6.785944,10.034900
6.788900,10.044317
6.792162,10.053227
6.795183,10.062099
6.798436,10.071898
6.801367,10.081241
6.804356,10.090081
6.807167,10.099080
6.811354,10.111338
6.814379,10.120565
6.817478,10.129892
6.820430,10.139194
6.823608,10.148183
6.826636,10.157269
6.829488,10.166053
6.833494,10.178669
6.836492,10.188075
6.839699,10.196840
6.842583,10.206161
6.845801,10.215341
6.848599,10.224588
6.851786,10.233690
6.854992,10.242889
6.859164,10.255363
6.862255,10.264553
6.865278,10.273457
6.868178,10.282608
6.871191,10.291488
6.874305,10.301189
6.877218,10.310242
6.880357,10.319690
6.883284,10.328820
6.887488,10.340946
6.890309,10.349972
6.893227,10.358828
6.895983,10.368077
6.899290,10.377432
6.902350,10.386293
6.905164,10.395443
6.909315,10.407564
6.912544,10.416986
6.915642,10.426361
6.918715,10.435228
6.921946,10.444388
6.924697,10.453657
6.927934,10.462999
6.931823,10.475029
6.935050,10.484297
6.938210,10.493578
6.941065,10.502678
6.944026,10.511664
6.947003,10.520755
6.950150,10.529855
6.953302,10.539385
6.956281,10.548800
6.960402,10.560754
6.963511,10.570142
6.966544,10.579165
6.969666,10.587917
6.972679,10.596843
6.975715,10.606181
6.978770,10.615414
6.981844,10.624640
6.986024,10.636661
6.989133,10.646066
6.992282,10.655288
6.995393,10.664601
6.998391,10.673583
7.001391,10.683002
7.004367,10.692422
7.007278,10.701944
7.011455,10.713696
7.014476,10.723023
7.017592,10.732244
7.020720,10.741445
7.023542,10.750005
7.026747,10.759151
7.029899,10.768636
7.033113,10.778006
7.037025,10.789785
7.040144,10.799406
7.043247,10.808681
7.046176,10.817566
7.049184,10.826766
7.052265,10.835973
7.055419,10.845266
7.058492,10.854715
7.062486,10.867037
7.065720,10.876278
7.068666,10.885092
7.072004,10.894809
7.075087,10.904423
7.078269,10.913202
7.081320,10.922704
7.084253,10.931797
7.087431,10.941104
7.091370,10.952878
7.094155,10.961660
7.097230,10.971143
7.100361,10.980474
7.103461,10.989908
7.106445,10.998856
7.109471,11.008107
7.113447,11.020510
7.116423,11.029548
7.119562,11.038576
7.122787,11.047997
7.125932,11.057210
7.128959,11.066554
7.132153,11.075766
7.135212,11.084994
7.138340,11.094058
7.142565,11.106851
7.145530,11.115905
7.148200,11.124431
7.149291,11.128568
7.149441,11.128651
7.149813,11.130179
7.150376,11.131873
7.150322,11.131792
7.150075,11.130999
7.150182,11.131123
7.150145,11.131134
7.150158,11.131078
7.150156,11.131141
7.150164,11.131097
7.150163,11.131128
7.150163,11.131128
7.150163,11.131128
7.150163,11.131128
7.150163,11.131128
7.150163,11.131128
7.150163,11.131128
7.150163,11.131128
7.150163,11.131128
7.150163,11.131128
7.150163,11.131128
7.150091,11.131099
7.149907,11.130617
7.149230,11.127750
7.146938,11.119229
7.142527,11.105503
7.138371,11.091788
7.137379,11.088950
7.137379,11.088950
7.137379,11.088950
7.137379,11.088950
7.137379,11.088950
7.137379,11.088950
7.137379,11.088950
7.137379,11.088950
7.137379,11.088950
7.137379,11.088950
7.137379,11.088950
7.137379,11.088950
7.137379,11.088950
7.137379,11.088950
7.137379,11.088950
7.137379,11.088950
7.137379,11.088950
7.137379,11.088950
7.137379,11.088950
7.137379,11.088950
7.137379,11.088950
7.137379,11.088950
7.137379,11.088950
7.137379,11.088950
7.138217,11.088695
7.138465,11.090812
7.138858,11.091303
7.139020,11.091232
7.138888,11.091228
7.139066,11.091053
7.139014,11.091331
7.138103,11.092780
7.136950,11.090973
7.138034,11.090398
7.137770,11.091664
7.137649,11.091034
7.137866,11.091029
7.137774,11.091269
7.137913,11.091418
7.138011,11.091563
7.137937,11.091511
7.137977,11.091525
7.137990,11.091542
7.137975,11.091539
7.137990,11.091543
7.137979,11.091540
7.137993,11.091544
7.137986,11.091543
7.137975,11.091540
7.137985,11.091542
7.137964,11.091537
7.137966,11.091537
7.137969,11.091537
7.137961,11.091536
7.137963,11.091536
7.137959,11.091534
7.137955,11.091533
7.137967,11.091536
7.137956,11.091534
7.137962,11.091536
7.137959,11.091535
7.137949,11.091533
7.137957,11.091535
7.137936,11.091529
7.137935,11.091529
7.137940,11.091530
7.137931,11.091528
7.137931,11.091528
7.137931,11.091528
7.137931,11.091528
7.137931,11.091528
7.137931,11.091528
7.137931,11.091528
7.137931,11.091528
7.137931,11.091528
7.137931,11.091528
7.137931,11.091528
7.137931,11.091528
7.137931,11.091528
7.137931,11.091528
7.137931,11.091528
7.137931,11.091528
7.137931,11.091528
7.137931,11.091528
7.137931,11.091528
7.137931,11.091528
7.137931,11.091528
7.137931,11.091528
7.137931,11.091528
7.137931,11.091528
7.137931,11.091528
7.137931,11.091528
7.137931,11.091528
7.137931,11.091528
7.137931,11.091528
7.137931,11.091528
7.137931,11.091528
7.137931,11.091528
7.137931,11.091528
7.137931,11.091528
7.137931,11.091528
7.137931,11.091528
7.137931,11.091528
7.137931,11.091528
7.137931,11.091528
7.137931,11.091528
7.137931,11.091528
7.137931,11.091528
7.137931,11.091528
7.137931,11.091528
7.137931,11.091528
7.137931,11.091528
7.137931,11.091528
7.137931,11.091528
7.137931,11.091528
7.137931,11.091528
7.137931,11.091528
7.137931,11.091528
7.137931,11.091528
7.137931,11.091528
7.137931,11.091528
7.137931,11.091528
7.137931,11.091528
7.137931,11.091528
7.137931,11.091528
7.137931,11.091528
7.137931,11.091528
7.137931,11.091528
7.137931,11.091528
7.137931,11.091528
7.137931,11.091528
7.137849,11.091456
7.137528,11.090466
7.136034,11.086188
7.133466,11.080767
7.131632,11.075841
7.131632,11.075841
7.131632,11.075841
7.131632,11.075841
7.131632,11.075841
7.131632,11.075841
7.131632,11.075841
7.131632,11.075841
7.131632,11.075841
7.131632,11.075841
7.131632,11.075841
7.131632,11.075841
7.131632,11.075841
7.131632,11.075841
7.131632,11.075841
7.131632,11.075841
7.131632,11.075841
7.131632,11.075841
7.131632,11.075841
7.131632,11.075841
7.131632,11.075841
7.131632,11.075841
7.131632,11.075841
7.131632,11.075841
7.131632,11.075841
7.131632,11.075841
7.131632,11.075841
7.131632,11.075841
7.131632,11.075841
7.131632,11.075841
7.131632,11.075841
7.131632,11.075841
7.131632,11.075841
7.131632,11.075841
7.131632,11.075841
7.131632,11.075841
7.131632,11.075841
7.131632,11.075841
7.131632,11.075841
7.131632,11.075841
7.131632,11.075841
7.131632,11.075841
7.131632,11.075841
7.131632,11.075841
7.131632,11.075841
7.131632,11.075841
7.131632,11.075841
7.130577,11.076096
7.130690,11.077651
7.130404,11.075661
7.130363,11.075754
7.130384,11.075887
7.130296,11.075702
7.130162,11.075382
7.130137,11.075253
7.130192,11.075327
7.130116,11.075225
7.130116,11.075279
7.130115,11.075227
7.130109,11.075240
7.130127,11.075252
7.130127,11.075252
7.130125,11.075250
7.130125,11.075250
7.130121,11.075248
7.130119,11.075247
7.130119,11.075247
7.130120,11.075247
7.130126,11.075251
7.130126,11.075251
7.130119,11.075247
7.130119,11.075247
7.130126,11.075251
7.130131,11.075253
7.130131,11.075253
7.130130,11.075253
7.130135,11.075256
7.130135,11.075256
7.130128,11.075253
7.130128,11.075253
7.130125,11.075251
7.130123,11.075250
7.130123,11.075250
7.130126,11.075251
7.130128,11.075253
7.130128,11.075253
7.130128,11.075253
7.130128,11.075253
7.130136,11.075257
7.130136,11.075257
7.130136,11.075257
7.130136,11.075257
7.130136,11.075257
7.130137,11.075258
7.130138,11.075259
7.130138,11.075259
7.130140,11.075260
7.130141,11.075261
7.130141,11.075261
7.130142,11.075262
7.130142,11.075262
7.130143,11.075263
7.130143,11.075263
7.130144,11.075263
7.130144,11.075263
7.130145,11.075264
7.130145,11.075264
7.130145,11.075264
7.130146,11.075264
7.130146,11.075264
7.130146,11.075264
7.130146,11.075264
7.130147,11.075264
7.130147,11.075264
7.130147,11.075264
7.130147,11.075264
7.130147,11.075264
7.130147,11.075264
7.130147,11.075264
7.130147,11.075264
7.130147,11.075264
7.130147,11.075264
7.130147,11.075264
7.130147,11.075264
7.130147,11.075264
7.130147,11.075264
7.130147,11.075264
7.130147,11.075264
7.130147,11.075264
7.130147,11.075264
7.130147,11.075264
7.130147,11.075264
7.130147,11.075264
7.130148,11.075264
7.130148,11.075264
7.130148,11.075264
7.130148,11.075264
7.130148,11.075264
7.130148,11.075264
7.130148,11.075264
7.130148,11.075264
7.130148,11.075264
7.130148,11.075264
7.130148,11.075264
7.130148,11.075264
7.130148,11.075264
7.130148,11.075264
7.130148,11.075264
7.130148,11.075264
7.130148,11.075264
7.130148,11.075264
7.130148,11.075264
7.130148,11.075264
7.130148,11.075264
7.130148,11.075264
7.130148,11.075264
7.130148,11.075264
7.130148,11.075264
7.130148,11.075264
7.130148,11.075264
7.130148,11.075264
7.130148,11.075264
7.130148,11.075264
7.130148,11.075264
7.130148,11.075264
7.130148,11.075264
7.130148,11.075264
7.130148,11.075264
7.130148,11.075264
7.130148,11.075264
7.130148,11.075264
7.130148,11.075264
7.130148,11.075264
7.130148,11.075264
7.130148,11.075264
7.130148,11.075264
7.130148,11.075264
7.130148,11.075264
7.130148,11.075264
7.130148,11.075264
7.130148,11.075264
7.130148,11.075264
7.130148,11.075264
7.130148,11.075264
7.130148,11.075264
7.130148,11.075264
7.130148,11.075264
7.130148,11.075264
7.130148,11.075264
7.130148,11.075264
7.130148,11.075264
7.130148,11.075264
7.130148,11.075264
7.130148,11.075264
7.130148,11.075264
7.130148,11.075264
7.130148,11.075264
7.130148,11.075264
7.130148,11.075264
7.130148,11.075264
7.130148,11.075264
7.130148,11.075264
7.130148,11.075264
7.130148,11.075264
7.130148,11.075264
7.130148,11.075264
7.130148,11.075264
7.130148,11.075264
7.130148,11.075264
7.130148,11.075264
7.130148,11.075264
7.130148,11.075264
7.130148,11.075264
7.130148,11.075264
7.130148,11.075264
7.130148,11.075264
7.130148,11.075264
7.130148,11.075264
7.130148,11.075264
7.130148,11.075264
7.130148,11.075264
7.130148,11.075264
7.130148,11.075264
7.130148,11.075264
7.130148,11.075264
7.130148,11.075264
7.130148,11.075264
7.130148,11.075264
7.130148,11.075264
7.130148,11.075264
7.130148,11.075264
7.130148,11.075264
7.130148,11.075264
7.130148,11.075264
7.130148,11.075264
7.130148,11.075264
7.130148,11.075264
7.130148,11.075264
7.130148,11.075264
7.130148,11.075264
7.130148,11.075264
7.130148,11.075264
7.130148,11.075264
7.130148,11.075264
7.130148,11.075264
7.130148,11.075264
7.130148,11.075264
7.130148,11.075264
7.130148,11.075264
7.130148,11.075264
7.130148,11.075264
7.130148,11.075264
7.130148,11.075264
7.130148,11.075264
7.130148,11.075264
7.130148,11.075264
7.130148,11.075264
7.130148,11.075264
7.130148,11.075264
7.130148,11.075264
7.130148,11.075264
7.130148,11.075264
7.130148,11.075264
7.130148,11.075264
7.130148,11.075264
7.130148,11.075264
7.130148,11.075264
7.130148,11.075264
7.130148,11.075264
7.130148,11.075264
7.130148,11.075264
7.130148,11.075264
7.130148,11.075264
7.130148,11.075264
7.130148,11.075264
7.130148,11.075264
7.130148,11.075264
7.130148,11.075264
7.130148,11.075264
7.130148,11.075264
7.130148,11.075264
7.130148,11.075264
7.130148,11.075264
7.130148,11.075264
7.130148,11.075264
7.130148,11.075264
7.130148,11.075264
7.130148,11.075264
7.130148,11.075264
7.130148,11.075264
7.130148,11.075264
7.130148,11.075264
7.130148,11.075264
7.130148,11.075264
7.130148,11.075264
7.130148,11.075264
7.130148,11.075264
7.130148,11.075264
7.130148,11.075264
7.130148,11.075264
7.130148,11.075264
7.130148,11.075264
7.130148,11.075264
7.130148,11.075264
7.130148,11.075264
7.130148,11.075264
7.130148,11.075264
7.130148,11.075264
7.130148,11.075264
7.130148,11.075264
7.130148,11.075264
7.130148,11.075264
7.130148,11.075264
7.130148,11.075264
7.130148,11.075264
7.130148,11.075264
7.130148,11.075264
7.130148,11.075264
7.130148,11.075264
7.130148,11.075264
7.130148,11.075264
7.130148,11.075264
7.130148,11.075264
7.130148,11.075264
7.130148,11.075264
7.130148,11.075264
7.130148,11.075264
7.130148,11.075264
7.130148,11.075264
7.130148,11.075264
7.130148,11.075264
7.130148,11.075264
7.130148,11.075264
7.130148,11.075264
7.130148,11.075264
7.130148,11.075264
7.130148,11.075264
7.130148,11.075264
7.130148,11.075264
7.130148,11.075264
7.130148,11.075264
7.130148,11.075264
7.130148,11.075264
7.130148,11.075264
7.130148,11.075264
7.130148,11.075264
7.130148,11.075264
7.130148,11.075264
7.130148,11.075264
7.130148,11.075264
7.130148,11.075264
7.130148,11.075264
7.130148,11.075264
7.130148,11.075264
7.130148,11.075264
7.130148,11.075264
7.130148,11.075264
7.130148,11.075264
7.130148,11.075264
7.130148,11.075264
7.130148,11.075264
7.130148,11.075264
7.130148,11.075264
7.130148,11.075264
7.130148,11.075264
7.130148,11.075264
7.130148,11.075264
7.130148,11.075264
7.130148,11.075264
7.130148,11.075264
7.130148,11.075264
7.130148,11.075264
7.130148,11.075264
7.130148,11.075264
7.130148,11.075264
7.130148,11.075264
7.130148,11.075264
7.130148,11.075264
7.130148,11.075264
7.130148,11.075264
7.130148,11.075264
7.130148,11.075264
7.130148,11.075264
7.130148,11.075264
7.130148,11.075264
7.130148,11.075264
7.130148,11.075264
7.130148,11.075264
7.130148,11.075264
7.130148,11.075264
7.130148,11.075264
7.130148,11.075264
7.130148,11.075264
7.130148,11.075264
7.130148,11.075264
7.130148,11.075264
7.130148,11.075264
7.130148,11.075264
7.130148,11.075264
7.130148,11.075264
7.130148,11.075264
7.130148,11.075264
7.130148,11.075264
7.130148,11.075264
7.130148,11.075264
7.130148,11.075264
7.130148,11.075264
7.130148,11.075264
7.130148,11.075264
7.130148,11.075264
7.130148,11.075264
7.130148,11.075264
7.130148,11.075264
7.130148,11.075264
7.130148,11.075264
7.130148,11.075264
7.130148,11.075264
7.130148,11.075264
7.130148,11.075264
7.130148,11.075264
7.130148,11.075264
7.130148,11.075264
7.130148,11.075264
7.130148,11.075264
7.130148,11.075264
7.130148,11.075264
7.130148,11.075264
7.130148,11.075264
7.130148,11.075264
7.130148,11.075264
7.130148,11.075264
7.130148,11.075264
7.130148,11.075264
7.130148,11.075264
7.130096,11.075252
7.130264,11.075790
7.130402,11.076015
7.130318,11.076085
7.130320,11.075994
7.130355,11.076156
7.130228,11.076150
7.130142,11.076167
7.130298,11.076154
7.130200,11.076244
7.130072,11.075979
7.129940,11.075802
7.129717,11.075820
7.129908,11.075666
7.129825,11.075794
7.129840,11.075630
7.129664,11.075658
7.129595,11.075595
7.129688,11.075636
7.129602,11.075603
7.129763,11.075498
7.129567,11.075558
7.129527,11.075525
7.129476,11.075491
7.129442,11.075562
7.129533,11.075670
7.129422,11.075480
7.129210,11.075445
7.129053,11.075534
7.129260,11.075555
7.129288,11.075643
7.129246,11.075607
7.129227,11.075454
7.129092,11.075433
7.129080,11.075407
7.129100,11.075454
7.129190,11.075226
7.129219,11.075209
7.128994,11.075262
7.128985,11.075157
7.128963,11.075283
7.128936,11.075279
7.128809,11.075263
7.128725,11.075356
7.128740,11.075119
7.128674,11.075140
7.128739,11.075367
7.129030,11.075331
7.129034,11.075335
7.128712,11.075328
7.128524,11.075230
7.128573,11.075240
7.128582,11.075343
7.128656,11.075121
7.128534,11.075196
7.128305,11.075207
7.128010,11.075300
7.128043,11.075210
7.128284,11.075342
7.128264,11.075356
7.128376,11.075257
7.128188,11.075255
7.128143,11.075252
7.128115,11.075232
7.128157,11.075318
7.128076,11.075212
7.128064,11.075242
7.127913,11.075324
7.127892,11.075357
7.127931,11.075352
7.127865,11.075366
7.127737,11.075218
7.127726,11.075458
7.127760,11.075324
7.127827,11.075301
7.127807,11.075282
7.127784,11.075203
7.127798,11.075148
7.127735,11.075212
7.127606,11.075112
7.127596,11.075151
7.127627,11.075112
7.127573,11.075178
7.127485,11.075050
7.127651,11.075054
7.127690,11.075310
7.127559,11.075164
7.127421,11.075287
7.127219,11.075192
7.127326,11.075369
7.127289,11.075264
7.127351,11.075227
7.126913,11.075754
7.126739,11.075774
7.127028,11.075766
7.127089,11.075680
7.126995,11.075735
7.127026,11.075677
7.127030,11.075668
7.127033,11.075665
7.127027,11.075675
7.127023,11.075682
7.127019,11.075689
7.127012,11.075702
7.127012,11.075701
7.127010,11.075706
7.127016,11.075696
7.127016,11.075695
7.127019,11.075690
7.127020,11.075688
7.127025,11.075681
7.127022,11.075686
7.127023,11.075685
7.127025,11.075682
7.127027,11.075679
7.127025,11.075681
7.127019,11.075691
7.127017,11.075694
7.127020,11.075688
7.128778,11.075334
7.132347,11.074429
7.138011,11.073190
7.141749,11.072523
7.144637,11.071085
7.148974,11.071044
7.153419,11.069816
7.157055,11.068885
7.161761,11.068346
7.165215,11.067121
7.169003,11.066697
7.173029,11.065865
7.176328,11.064950
7.179657,11.064495
7.183972,11.063663
7.187679,11.062660
7.192607,11.061717
7.196107,11.061039
7.199913,11.060163
7.203351,11.059608
7.206553,11.059012
7.210989,11.057898
7.214797,11.057231
7.218210,11.056476
7.221559,11.055644
7.227036,11.054620
7.231031,11.053617
7.234443,11.052997
7.237487,11.052288
7.241233,11.051428
7.245206,11.050586
7.248778,11.049844
7.253552,11.048726
7.257377,11.048028
7.261278,11.047161
7.264774,11.046309
7.267844,11.045809
7.271652,11.044818
7.275655,11.044053
7.279152,11.043523
7.284077,11.042349
7.288128,11.041685
7.291821,11.041022
7.295538,11.040010
7.298747,11.039466
7.302616,11.038760
7.306378,11.037710
7.310285,11.037165
7.314824,11.036200
7.318907,11.035283
7.322815,11.034661
7.326469,11.033666
7.329799,11.032861
7.333723,11.032303
7.337513,11.031231
7.341276,11.030460
7.345777,11.029553
7.349370,11.028572
7.353310,11.027865
7.356964,11.027032
7.359993,11.026155
7.364287,11.025396
7.367944,11.024776
7.371464,11.023867
7.375460,11.023148
7.378352,11.022618
7.383960,11.021375
7.387726,11.020686
7.390878,11.019856
7.394691,11.018977
7.398109,11.018249
7.402181,11.017414
7.405791,11.016788
7.410273,11.015787
7.414263,11.014829
7.417992,11.014358
7.421220,11.013407
7.424929,11.012595
7.428454,11.012068
7.432596,11.010961
7.436567,11.010128
7.439320,11.009809
7.444479,11.008326
7.448481,11.007780
7.451571,11.007062
7.455214,11.006096
7.459072,11.005400
7.463233,11.004452
7.466799,11.003618
7.471301,11.002850
7.475893,11.002015
7.479437,11.001251
7.482251,11.000714
7.486016,11.000064
7.489652,10.999092
7.493609,10.998563
7.497529,10.997601
7.502066,10.996646
7.505863,10.996080
7.509808,10.995019
7.513136,10.994378
7.516931,10.993861
7.520433,10.992898
7.524570,10.992175
7.529191,10.991334
7.533150,10.990239
7.536759,10.989803
7.541055,10.988763
7.543980,10.988004
7.548347,10.987267
7.551781,10.986494
7.555538,10.985487
7.560071,10.984780
7.564088,10.983603
7.567973,10.983005
7.571695,10.982402
7.574669,10.981526
7.576553,10.981131
7.576303,10.981245
7.576162,10.981240
7.576296,10.981217
7.576348,10.981223
7.576335,10.981249
7.576337,10.981246
7.576334,10.981252
7.576345,10.981231
7.576338,10.981243
7.576342,10.981236
7.576341,10.981238
7.576338,10.981242
7.576345,10.981231
7.576340,10.981239
7.576347,10.981228
7.576345,10.981231
7.576335,10.981248
7.576341,10.981238
7.576332,10.981254
7.576333,10.981252
7.576337,10.981245
7.576334,10.981250
7.576344,10.981232
7.578376,10.980918
7.582685,10.980037
7.587677,10.978889
7.593022,10.977916
7.596351,10.976974
7.599100,10.976391
7.600039,10.976415
7.599778,10.976396
7.599307,10.976471
7.599325,10.976423
7.599384,10.976494
7.599443,10.976449
7.599474,10.976453
7.599469,10.976461
7.599473,10.976456
7.599473,10.976456
7.599476,10.976453
7.599476,10.976453
7.599490,10.976428
7.599487,10.976433
7.599487,10.976433
7.599497,10.976443
7.599511,10.976418
7.599511,10.976418
7.599506,10.976427
7.599506,10.976427
7.599510,10.976420
7.599510,10.976420
7.599510,10.976420
7.599510,10.976420
7.599510,10.976420
7.599510,10.976420
7.599510,10.976420
7.599510,10.976420
7.599510,10.976420
7.599510,10.976420
7.599510,10.976420
7.599518,10.976409
7.599518,10.976409
7.599518,10.976409
7.599518,10.976409
7.599518,10.976409
7.599518,10.976409
7.599518,10.976409
7.599521,10.976404
7.599521,10.976404
7.599521,10.976404
7.599521,10.976404
7.599521,10.976404
7.599521,10.976404
7.599521,10.976404
7.599521,10.976404
7.599521,10.976404
7.599521,10.976404
7.599521,10.976404
7.599304,10.976711
7.599146,10.976360
7.599209,10.976530
7.599247,10.976810
7.599252,10.976816
7.599339,10.976895
7.599335,10.976461
7.599454,10.976649
7.599541,10.976604
7.599605,10.976722
7.599252,10.976949
7.599003,10.976899
7.599079,10.976923
7.599218,10.976827
7.599113,10.976862
7.599131,10.976991
7.599125,10.977047
7.599118,10.976879
7.599269,10.976958
7.599271,10.977014
7.599097,10.977098
7.599171,10.977104
7.599051,10.977167
7.598959,10.977011
7.599556,10.976991
7.599266,10.977001
7.599135,10.977155
7.599289,10.977224
7.599171,10.977125
7.599326,10.977068
7.599022,10.977112
7.599154,10.977328
7.599044,10.977271
7.598918,10.977066
7.599034,10.977035
7.598872,10.976919
7.599045,10.977116
7.598903,10.977181
7.598907,10.977183
7.598979,10.977186
7.598961,10.977206
7.598933,10.977223
7.598807,10.977203
7.598940,10.977341
7.598825,10.977329
7.598892,10.977236
7.598916,10.977342
7.598822,10.977389
7.598995,10.977478
7.598905,10.977562
7.598969,10.977472
7.598952,10.977584
7.599103,10.977645
7.598997,10.977689
7.598854,10.977694
7.599001,10.977780
7.598893,10.977730
7.598836,10.977775
7.598885,10.977798
7.598999,10.977880
7.598998,10.977787
7.599066,10.977938
7.599182,10.977948
7.599194,10.978023
7.599069,10.977979
7.599096,10.977973
7.599074,10.978078
7.598997,10.978107
7.599079,10.978164
7.599126,10.978191
7.598995,10.978153
7.599076,10.978105
7.599037,10.978092
7.599114,10.978168
7.599062,10.978147
7.599171,10.978201
7.599096,10.978166
7.598910,10.978354
7.599097,10.978262
7.599042,10.978254
7.599190,10.978148
7.599045,10.978232
7.598974,10.978300
7.599298,10.978321
7.599205,10.978341
7.599256,10.978542
7.599043,10.978583
7.599216,10.978546
7.599119,10.978567
7.599183,10.978497
7.599154,10.978518
7.599171,10.978395
7.599094,10.978556
7.599094,10.978637
7.599082,10.978578
7.599185,10.978672
7.599106,10.978745
7.599130,10.978668
7.599040,10.978717
7.599022,10.978657
7.599144,10.978760
7.599108,10.978898
7.599123,10.978887
7.599251,10.978924
7.599260,10.978861
7.598989,10.979024
7.599204,10.978974
7.599199,10.978999
7.599192,10.978965
7.599132,10.979007
7.599119,10.979059
7.599209,10.979239
7.599175,10.979333
7.599339,10.979353
7.599164,10.979558
7.599240,10.979520
7.599039,10.979728
7.599125,10.979595
7.599351,10.979588
7.599190,10.979756
7.599164,10.979445
7.599178,10.979496
7.599865,10.979835
7.600061,10.979882
7.599817,10.979738
7.599863,10.979685
7.599846,10.979726
7.599823,10.979728
7.599823,10.979728
7.599823,10.979728
7.599823,10.979728
7.599823,10.979728
7.599823,10.979728
7.599823,10.979728
7.599823,10.979728
7.599823,10.979728
7.599823,10.979728
7.599823,10.979728
7.599823,10.979728
7.599823,10.979728
7.599823,10.979728
7.599823,10.979728
7.599823,10.979728
7.599823,10.979728
7.599823,10.979728
7.599799,10.979729
7.599804,10.979729
7.599804,10.979729
7.599804,10.979729
7.599804,10.979729
7.599804,10.979729
7.599804,10.979729
7.599804,10.979729
7.599804,10.979729
7.599804,10.979729
7.599804,10.979729
7.599786,10.979730
7.599786,10.979730
7.599786,10.979730
7.599786,10.979730
7.599786,10.979730
7.599786,10.979730
7.599786,10.979730
7.599786,10.979730
7.599786,10.979730
7.599786,10.979730
7.599786,10.979730
7.599786,10.979730
7.599786,10.979730
7.599786,10.979730
7.599786,10.979730
7.599786,10.979730
7.599786,10.979730
7.599786,10.979730
7.599786,10.979730
7.599786,10.979730
7.599786,10.979730
7.599786,10.979730
7.599786,10.979730
7.599786,10.979730
7.599786,10.979730
7.599786,10.979730
7.599786,10.979730
7.599786,10.979730
7.599786,10.979730
7.599786,10.979730
7.599786,10.979730
7.599786,10.979730
7.599786,10.979730
7.599786,10.979730
7.599786,10.979730
7.599786,10.979730
7.599786,10.979730
7.599786,10.979730
7.599786,10.979730
7.599786,10.979730
7.599786,10.979730
7.599786,10.979730
7.599786,10.979730
7.599786,10.979730
7.599786,10.979730
7.599786,10.979730
7.599786,10.979730
7.599786,10.979730
7.599786,10.979730
7.599786,10.979730
7.599786,10.979730
7.599786,10.979730
7.599786,10.979730
7.599786,10.979730
7.599786,10.979730
7.599786,10.979730
7.599786,10.979730
7.599786,10.979730
7.599786,10.979730
7.599786,10.979730
7.599786,10.979730
7.599786,10.979730
7.599786,10.979730
7.599786,10.979730
7.599786,10.979730
7.599786,10.979730
7.599786,10.979730
7.599786,10.979730
7.599786,10.979730
7.599786,10.979730
7.599786,10.979730
7.599786,10.979730
7.599786,10.979730
7.599786,10.979730
7.599786,10.979730
7.599786,10.979730
7.599786,10.979730
7.599786,10.979730
7.599786,10.979730
7.599786,10.979730
7.599786,10.979730
7.599786,10.979730
7.599786,10.979730
7.599786,10.979730
7.599786,10.979730
7.599786,10.979730
7.599786,10.979730
7.599786,10.979730
7.599786,10.979730
7.599786,10.979730
7.599786,10.979730
7.599786,10.979730
7.599786,10.979730
7.599786,10.979730
7.599786,10.979730
7.599786,10.979730
7.599786,10.979730
7.599786,10.979730
7.599786,10.979730
7.599786,10.979730
7.599786,10.979730
7.599786,10.979730
7.599786,10.979730
7.599786,10.979730
7.599786,10.979730
7.599786,10.979730
7.599786,10.979730
7.599786,10.979730
7.599786,10.979730
7.599786,10.979730
7.599786,10.979730
7.599786,10.979730
7.599786,10.979730
7.599786,10.979730
7.599786,10.979730
7.599786,10.979730
7.599786,10.979730
7.599786,10.979730
7.599786,10.979730
7.599786,10.979730
7.599786,10.979730
7.599786,10.979730
7.599786,10.979730
7.599786,10.979730
7.599786,10.979730
7.599786,10.979730
7.599786,10.979730
7.599786,10.979730
7.599786,10.979730
7.599786,10.979730
7.599786,10.979730
7.599786,10.979730
7.599786,10.979730
7.599786,10.979730
7.599786,10.979730
7.599786,10.979730
7.599786,10.979730
7.599786,10.979730
7.599786,10.979730
7.599786,10.979730
7.599786,10.979730
7.599786,10.979730
7.599786,10.979730
7.599786,10.979730
7.599786,10.979730
7.599786,10.979730
7.599786,10.979730
7.599786,10.979730
7.599786,10.979730
7.599786,10.979730
7.599786,10.979730
7.599786,10.979730
7.599786,10.979730
7.599786,10.979730
7.599786,10.979730
7.599786,10.979730
7.599786,10.979730
7.599786,10.979730
7.599786,10.979730
7.599786,10.979730
7.599786,10.979730
7.599786,10.979730
7.599786,10.979730
7.599786,10.979730
7.599786,10.979730
7.599786,10.979730
7.599786,10.979730
7.599786,10.979730
7.599786,10.979730
7.599786,10.979730
7.599786,10.979730
7.599786,10.979730
7.599786,10.979730
7.599786,10.979730
7.599786,10.979730
7.599786,10.979730
7.599786,10.979730
7.599786,10.979730
7.599786,10.979730
7.599786,10.979730
7.599786,10.979730
7.599786,10.979730
7.599786,10.979730
7.599786,10.979730
7.599786,10.979730
7.599786,10.979730
7.599786,10.979730
7.599786,10.979730
7.599786,10.979730
7.599786,10.979730
7.599786,10.979730
7.599786,10.979730
7.599786,10.979730
7.599786,10.979730
7.599786,10.979730
7.599786,10.979730
7.599786,10.979730
7.599786,10.979730
7.599786,10.979730
7.599786,10.979730
7.599786,10.979730
7.599786,10.979730
7.599786,10.979730
7.599786,10.979730
7.599786,10.979730
7.599786,10.979730
7.599786,10.979730
7.599786,10.979730
7.599786,10.979730
7.599786,10.979730
7.599786,10.979730
7.599786,10.979730
7.599786,10.979730
7.599786,10.979730
7.599786,10.979730
7.599786,10.979730
7.599786,10.979730
7.599786,10.979730
7.599786,10.979730
7.599786,10.979730
7.599786,10.979730
7.599786,10.979730
7.599786,10.979730
7.599786,10.979730
7.599786,10.979730
7.599786,10.979730
7.599786,10.979730
7.599786,10.979730
7.599786,10.979730
7.599786,10.979730
7.599786,10.979730
7.599786,10.979730
7.599786,10.979730
7.599786,10.979730
7.599786,10.979730
7.599786,10.979730
7.599786,10.979730
7.599786,10.979730
7.599786,10.979730
7.599786,10.979730
7.599786,10.979730
7.599786,10.979730
7.599786,10.979730
7.599786,10.979730
7.599786,10.979730
7.599786,10.979730
7.599786,10.979730
7.599786,10.979730
7.599786,10.979730
7.599786,10.979730
7.599786,10.979730
7.599786,10.979730
7.599786,10.979730
7.599786,10.979730
7.599786,10.979730
7.599786,10.979730
7.599786,10.979730
7.599786,10.979730
7.599786,10.979730
7.599786,10.979730
7.599786,10.979730
7.599786,10.979730
7.599786,10.979730
7.599786,10.979730
7.599786,10.979730
7.599786,10.979730
7.599786,10.979730
7.599786,10.979730
7.599786,10.979730
7.599786,10.979730
7.599786,10.979730
7.599786,10.979730
7.599786,10.979730
7.599786,10.979730
7.599786,10.979730
7.599786,10.979730
7.599786,10.979730
7.599786,10.979730
7.599786,10.979730
7.599786,10.979730
7.599786,10.979730
7.599786,10.979730
7.599786,10.979730
7.599786,10.979730
7.599786,10.979730
7.599786,10.979730
7.599786,10.979730
7.599786,10.979730
7.599786,10.979730
7.599786,10.979730
7.599786,10.979730
7.599786,10.979730
7.599786,10.979730
7.599786,10.979730
7.599786,10.979730
7.599786,10.979730
7.599786,10.979730
7.599786,10.979730
7.599786,10.979730
7.599786,10.979730
7.599786,10.979730
7.599786,10.979730
7.599786,10.979730
7.599786,10.979730
7.599786,10.979730
7.599786,10.979730
7.599786,10.979730
7.599786,10.979730
7.599786,10.979730
7.599786,10.979730
7.599786,10.979730
7.599786,10.979730
7.599786,10.979730
7.599786,10.979730
7.599786,10.979730
7.599786,10.979730
7.599786,10.979730
7.599786,10.979730
7.599786,10.979730
7.599786,10.979730
7.599786,10.979730
7.599786,10.979730
7.599786,10.979730
7.599786,10.979730
7.599870,10.979725
7.600222,10.979936
7.600796,10.980623
7.603499,10.983088
7.609588,10.990602
7.613092,10.995584
7.618917,11.005805
7.619488,11.006516
7.619488,11.006516
7.619488,11.006516
7.619488,11.006516
7.619488,11.006516
7.619488,11.006516
7.619488,11.006516
7.619488,11.006516
7.619488,11.006516
7.619488,11.006516
7.619488,11.006516
7.619488,11.006516
7.619488,11.006516
7.619488,11.006516
7.619488,11.006516
7.619488,11.006516
7.619488,11.006516
7.619488,11.006516
7.619488,11.006516
7.619488,11.006516
7.619488,11.006516
7.619488,11.006516
7.619488,11.006516
7.619488,11.006516
7.619488,11.006516
7.619488,11.006516
7.619488,11.006516
7.619488,11.006516
7.619488,11.006516
7.619488,11.006516
7.619488,11.006516
7.619606,11.007516
7.620266,11.007510
7.619801,11.007146
7.619684,11.007234
7.620008,11.007236
7.619887,11.007271
7.619811,11.007175
7.619802,11.007193
7.619755,11.007209
7.619743,11.007198
7.619743,11.007198
7.619740,11.007199
7.619740,11.007199
7.619736,11.007201
7.619742,11.007198
7.619742,11.007198
7.619742,11.007198
7.619742,11.007198
7.619736,11.007201
7.619735,11.007201
7.619735,11.007201
7.619735,11.007201
7.619735,11.007201
7.619735,11.007201
7.619735,11.007201
7.619735,11.007201
7.619735,11.007201
7.619735,11.007201
7.619735,11.007201
7.619735,11.007201
7.619735,11.007201
7.619735,11.007201
7.619735,11.007201
7.619735,11.007201
7.619735,11.007201
7.619735,11.007201
7.619735,11.007201
7.619735,11.007201
7.619733,11.007202
7.619733,11.007202
7.619728,11.007204
7.619728,11.007204
7.619726,11.007205
7.619726,11.007205
7.619726,11.007205
7.619726,11.007205
7.619727,11.007205
7.619727,11.007205
7.619727,11.007205
7.619727,11.007205
7.619727,11.007205
7.619727,11.007205
7.619727,11.007205
7.619728,11.007205
7.619728,11.007205
7.619728,11.007205
7.619728,11.007205
7.619728,11.007205
7.619729,11.007205
7.619729,11.007205
7.619729,11.007205
7.619729,11.007205
7.619729,11.007205
7.619729,11.007205
7.619729,11.007205
7.619730,11.007205
7.619730,11.007205
7.619730,11.007205
7.619730,11.007205
7.619730,11.007205
7.619730,11.007205
7.619730,11.007205
7.619730,11.007205
7.619730,11.007205
7.619730,11.007205
7.619730,11.007205
7.619730,11.007205
7.619730,11.007205
7.619730,11.007205
7.619730,11.007205
7.619730,11.007205
7.619730,11.007205
7.619730,11.007205
7.619730,11.007205
7.619730,11.007205
7.619730,11.007205
7.619730,11.007205
7.619730,11.007205
7.619730,11.007205
7.619730,11.007205
7.619730,11.007205
7.619730,11.007205
7.619730,11.007205
7.619730,11.007205
7.619730,11.007205
7.619730,11.007205
7.619730,11.007205
7.619730,11.007205
7.619730,11.007205
7.619730,11.007205
7.619730,11.007205
7.619730,11.007205
7.619730,11.007205
7.619730,11.007205
7.619730,11.007205
7.619730,11.007205
7.619730,11.007205
7.619730,11.007205
7.619730,11.007205
7.619730,11.007205
7.619730,11.007205
7.619730,11.007205
7.619730,11.007205
7.619730,11.007205
7.619730,11.007205
7.619730,11.007205
7.619730,11.007205
7.619730,11.007205
7.619730,11.007205
7.619730,11.007205
7.619730,11.007205
7.619730,11.007205
7.619730,11.007205
7.619730,11.007205
7.619730,11.007205
7.619730,11.007205
7.619730,11.007205
7.619730,11.007205
7.619730,11.007205
7.619730,11.007205
7.619730,11.007205
7.619730,11.007205
7.619730,11.007205
7.619730,11.007205
7.619730,11.007205
7.619730,11.007205
7.619730,11.007205
7.619730,11.007205
7.619730,11.007205
7.619730,11.007205
7.619730,11.007205
7.619730,11.007205
7.619730,11.007205
7.619730,11.007205
7.619730,11.007205
7.619730,11.007205
7.619730,11.007205
7.619730,11.007205
7.619730,11.007205
7.619730,11.007205
7.619730,11.007205
7.619730,11.007205
7.619730,11.007205
7.619730,11.007205
7.619730,11.007205
7.619730,11.007205
7.619730,11.007205
7.619730,11.007205
7.619730,11.007205
7.619730,11.007205
7.619730,11.007205
7.619730,11.007205
7.619730,11.007205
7.619730,11.007205
7.619730,11.007205
7.619730,11.007205
7.619730,11.007205
7.619730,11.007205
7.619730,11.007205
7.619730,11.007205
7.619730,11.007205
7.619730,11.007205
7.619730,11.007205
7.619730,11.007205
7.619730,11.007205
7.619730,11.007205
7.619730,11.007205
7.619730,11.007205
7.619730,11.007205
7.619730,11.007205
7.619730,11.007205
7.619730,11.007205
7.619730,11.007205
7.619730,11.007205
7.619730,11.007205
7.619730,11.007205
7.619730,11.007205
7.619730,11.007205
7.619730,11.007205
7.619730,11.007205
7.619730,11.007205
7.619730,11.007205
7.619730,11.007205
7.619730,11.007205
7.619730,11.007205
7.619730,11.007205
7.619730,11.007205
7.619730,11.007205
7.619730,11.007205
7.619730,11.007205
7.619730,11.007205
7.619730,11.007205
7.619730,11.007205
7.619730,11.007205
7.619730,11.007205
7.619730,11.007205
7.619730,11.007205
7.619730,11.007205
7.619730,11.007205
7.619730,11.007205
7.619730,11.007205
7.619730,11.007205
7.619730,11.007205
7.619730,11.007205
7.619730,11.007205
7.619730,11.007205
7.619730,11.007205
7.619730,11.007205
7.619730,11.007205
7.619730,11.007205
7.619730,11.007205
7.619730,11.007205
7.619730,11.007205
7.619730,11.007205
7.619730,11.007205
7.619730,11.007205
7.619730,11.007205
7.619730,11.007205
7.619730,11.007205
7.619730,11.007205
7.619730,11.007205
7.619730,11.007205
7.619730,11.007205
7.619730,11.007205
7.619730,11.007205
7.619730,11.007205
7.619730,11.007205
7.619730,11.007205
7.619730,11.007205
7.619730,11.007205
7.619730,11.007205
7.619730,11.007205
7.619730,11.007205
7.619730,11.007205
7.619730,11.007205
7.619730,11.007205
7.619730,11.007205
7.619730,11.007205
7.619730,11.007205
7.619730,11.007205
7.619730,11.007205
7.619730,11.007205
7.619730,11.007205
7.619730,11.007205
7.619730,11.007205
7.619730,11.007205
7.619676,11.007231
7.619815,11.007038
7.619725,11.006975
7.619633,11.007039
7.619632,11.006945
7.619651,11.006965
7.619927,11.007019
7.619643,11.007013
7.619644,11.006913
7.619801,11.006964
7.619765,11.007034
7.619642,11.007004
7.619451,11.007073
7.619493,11.007077
7.619462,11.007267
7.619478,11.007363
7.619421,11.007465
7.619327,11.007500
7.619053,11.007425
7.618913,11.007366
7.618984,11.007267
7.619045,11.007130
7.618892,11.007180
7.618706,11.007104
7.618567,11.006860
7.618490,11.006811
7.618695,11.006897
7.618298,11.006818
7.618379,11.006912
7.618471,11.006957
7.618532,11.006972
7.618584,11.006813
7.618777,11.006940
7.618491,11.006888
7.618328,11.006908
7.618260,11.006871
7.618101,11.006789
7.618279,11.006747
7.617918,11.006612
7.617728,11.006919
7.618198,11.006866
7.618224,11.006808
7.618065,11.006320
7.617961,11.006335
7.617736,11.006481
7.617622,11.006633
7.617706,11.006812
7.617927,11.007041
7.617908,11.007024
7.617826,11.007180
7.617861,11.007113
7.617821,11.006990
7.617864,11.006839
7.617936,11.006753
7.617843,11.006742
7.617816,11.006794
7.617756,11.006778
7.617538,11.006626
7.617752,11.006624
7.617607,11.006400
7.617594,11.006588
7.617695,11.006616
7.617442,11.006458
7.617555,11.006248
7.617469,11.006151
7.617648,11.006326
7.617530,11.006113
7.617442,11.006376
7.617537,11.006507
7.617344,11.006281
7.617547,11.006300
7.617514,11.006322
7.617608,11.006375
7.617278,11.006207
7.617358,11.006320
7.617436,11.006198
7.617430,11.006289
7.617620,11.006391
7.617442,11.006170
7.617390,11.006030
7.617490,11.006128
7.617491,11.006108
7.617451,11.006137
7.617382,11.006345
7.617377,11.006293
7.617225,11.006178
7.617226,11.006159
7.617398,11.006281
7.617229,11.006223
7.617242,11.006263
7.617266,11.006223
7.617311,11.006044
7.617351,11.006069
7.617430,11.005997
7.617381,11.005977
7.617434,11.006120
7.617252,11.005877
7.617397,11.005929
7.617465,11.006120
7.617309,11.005883
7.617087,11.006001
7.617108,11.005928
7.617119,11.005694
7.617256,11.005815
7.617229,11.005885
7.617141,11.005984
7.617091,11.005993
7.617038,11.005934
7.617236,11.005587
7.617307,11.005454
7.617316,11.005656
7.617230,11.005644
7.617130,11.005662
7.617119,11.005570
7.617202,11.005423
7.617166,11.005462
7.617220,11.005434
7.617155,11.005317
7.617105,11.005366
7.617210,11.005255
7.617084,11.005329
7.616994,11.005234
7.617015,11.005131
7.616899,11.005128
7.616951,11.005320
7.617059,11.005132
7.617127,11.005107
7.617204,11.005170
7.617175,11.005045
7.617265,11.005176
7.617321,11.005008
7.617195,11.005265
7.617205,11.005047
7.617071,11.005187
7.617239,11.005173
7.617319,11.005064
7.617454,11.005213
7.617507,11.005065
7.617610,11.004908
7.617618,11.004739
7.617486,11.004935
7.617458,11.004951
7.617513,11.004886
7.617539,11.004869
7.617527,11.004861
7.617527,11.004861
7.617527,11.004861
7.617527,11.004861
7.617527,11.004861
7.617527,11.004861
7.617527,11.004861
7.617527,11.004861
7.617527,11.004861
7.617527,11.004861
7.617527,11.004861
7.617527,11.004861
7.617527,11.004861
7.617527,11.004861
7.617527,11.004861
7.617527,11.004861
7.617527,11.004861
7.617527,11.004861
7.617527,11.004861
7.619583,11.004203
7.623591,11.003036
7.627007,11.002442
7.630723,11.001128
7.634421,10.999984
7.639527,10.999362
7.644973,10.997799
7.647823,10.997068
7.651192,10.996225
7.654935,10.994771
7.658656,10.994079
7.662327,10.993108
7.665779,10.991943
7.670976,10.990915
7.674571,10.989698
7.678109,10.988802
7.681751,10.987992
7.685406,10.986814
7.689126,10.985981
7.692513,10.985142
7.696756,10.983808
7.701886,10.982485
7.705142,10.981418
7.708563,10.980521
7.712403,10.979775
7.715974,10.978709
7.719498,10.977754
7.724628,10.976563
7.727149,10.975735
7.730643,10.974786
7.735252,10.973686
7.738740,10.972564
7.742436,10.971761
7.746442,10.970789
7.750063,10.969668
7.753626,10.968777
7.757591,10.967704
7.762175,10.966340
7.765819,10.965514
7.769700,10.964392
7.773204,10.963409
7.777114,10.962538
7.780697,10.961547
7.784159,10.960557
7.787895,10.959758
7.792804,10.958222
7.796323,10.957404
7.800189,10.956456
7.804015,10.955187
7.807493,10.954326
7.811079,10.953326
7.814810,10.952207
7.819642,10.951063
7.823001,10.949963
7.826785,10.949025
7.830539,10.948134
7.833900,10.946906
7.837923,10.945783
7.841479,10.945003
7.844836,10.943896
7.848619,10.942920
7.853698,10.941545
7.857079,10.940414
7.860628,10.939516
7.864473,10.938455
7.867887,10.937373
7.871537,10.936510
7.875185,10.935513
7.878817,10.934519
7.883715,10.933245
7.887393,10.932158
7.891095,10.931119
7.894593,10.930259
7.898274,10.929234
7.901936,10.928212
7.905559,10.927420
7.909102,10.926353
7.913789,10.925204
7.917440,10.924225
7.921269,10.922991
7.925018,10.922175
7.928707,10.921220
7.932605,10.920035
7.936194,10.919316
7.939465,10.918267
7.944458,10.916752
7.948210,10.915853
7.951545,10.914746
7.955083,10.913762
7.959043,10.912876
7.962821,10.911658
7.966174,10.910807
7.969471,10.910106
7.974672,10.908484
7.978606,10.907602
7.981900,10.906710
7.985324,10.905555
7.989251,10.904771
7.992986,10.903690
7.996535,10.902647
8.000052,10.901912
8.004773,10.900438
8.008792,10.899308
8.012779,10.898314
8.015966,10.897170
8.019341,10.896428
8.023125,10.895495
8.026686,10.894309
8.030616,10.893382
8.035185,10.892172
8.038932,10.891017
8.042628,10.890210
8.046370,10.888975
8.049883,10.887927
8.053635,10.887084
8.057084,10.886089
8.060732,10.884966
8.065997,10.883732
8.069553,10.882463
8.073385,10.881525
8.077203,10.880645
8.080503,10.879459
8.084094,10.878603
8.087559,10.877639
8.089858,10.876850
8.089586,10.877045
8.089249,10.877118
8.089285,10.877140
8.089504,10.877045
8.089569,10.877019
8.089561,10.877031
8.089561,10.877031
8.089561,10.877031
8.089554,10.877044
8.089554,10.877044
8.089554,10.877044
8.089554,10.877044
8.089554,10.877044
8.089554,10.877044
8.089554,10.877044
8.089554,10.877044
8.089450,10.877304
8.089449,10.877251
8.089554,10.877305
8.089568,10.877496
8.089384,10.877340
8.089152,10.877239
8.089243,10.877548
8.089354,10.877516
8.089445,10.877438
8.089543,10.877496
8.089363,10.877422
8.089518,10.877471
8.089639,10.877756
8.089479,10.877720
8.089446,10.877669
8.089583,10.877651
8.089574,10.877737
8.089382,10.877950
8.089192,10.878042
8.089264,10.877917
8.089200,10.877768
8.089396,10.877610
8.089326,10.877642
8.089061,10.877958
8.088742,10.878023
8.088825,10.877936
8.088894,10.877906
8.088701,10.877841
8.088731,10.877971
8.088685,10.877988
8.088711,10.878056
8.088779,10.877964
8.088826,10.877888
8.088841,10.877946
8.088945,10.877992
8.088812,10.877946
8.088775,10.877800
8.088898,10.877827
8.088967,10.877867
8.088793,10.878151
8.088734,10.878289
8.088725,10.878298
8.088670,10.878151
8.088667,10.878148
8.088607,10.877942
8.088764,10.877938
8.088684,10.878037
8.088696,10.878004
8.088603,10.877971
8.088584,10.878111
8.088732,10.878054
8.088636,10.878071
8.088617,10.878076
8.088600,10.877969
8.088694,10.878094
8.088574,10.878192
8.088678,10.878238
8.088583,10.878220
8.088516,10.878219
8.088666,10.878180
8.088625,10.878230
8.088523,10.878165
8.088709,10.878203
8.088598,10.878358
8.088660,10.878356
8.088639,10.878504
8.088636,10.878577
8.088590,10.878590
8.088539,10.878654
8.088540,10.878623
8.088534,10.878628
8.088562,10.878701
8.088498,10.878800
8.088544,10.878892
8.088661,10.878851
8.088555,10.878970
8.088506,10.878943
8.088629,10.878921
8.088489,10.878900
8.088573,10.878862
8.088506,10.878985
8.088592,10.879052
8.088529,10.879182
8.088431,10.879250
8.088550,10.879243
8.088350,10.879286
8.088499,10.879353
8.088561,10.879401
8.088441,10.879387
8.088969,10.879601
8.088861,10.879545
8.088736,10.879319
8.088606,10.879181
8.088728,10.879229
8.088701,10.879245
8.088708,10.879183
8.088705,10.879213
8.088717,10.879221
8.088717,10.879221
8.088717,10.879221
8.088332,10.877791
8.087325,10.873755
8.085916,10.869389
8.084977,10.865861
8.084006,10.861334
8.082917,10.857063
8.081724,10.853282
8.081116,10.849292
8.079885,10.845816
8.079012,10.842182
8.078299,10.838470
8.077311,10.834694
8.076034,10.829801
8.075194,10.826156
8.073971,10.822464
8.073334,10.818865
8.072590,10.815371
8.071722,10.812168
8.071072,10.808501
8.070034,10.804537
8.069215,10.801787
8.069357,10.801957
8.069347,10.802163
8.069312,10.802140
8.069288,10.802075
8.069268,10.802030
8.069264,10.802011
8.069264,10.802011
8.069264,10.802011
8.069264,10.802011
8.069264,10.802011
8.069174,10.802024
8.069366,10.802004
8.069367,10.801947
8.069149,10.801813
8.069056,10.801836
8.069109,10.801837
8.069023,10.801722
8.069348,10.801787
8.069277,10.801767
8.069074,10.801745
8.068997,10.801723
8.068986,10.801635
8.069244,10.801640
8.069147,10.801141
8.069134,10.801093
8.069040,10.801068
8.069018,10.801075
8.068946,10.801187
8.068847,10.801287
8.068952,10.801579
8.068858,10.801472
8.068931,10.801464
8.068954,10.801331
8.068925,10.801271
8.068916,10.801229
8.068893,10.801376
8.068980,10.801364
8.068851,10.801279
8.068884,10.801168
8.068934,10.801356
8.068930,10.801349
8.068810,10.801378
8.068660,10.801250
8.068640,10.801333
8.068846,10.801336
8.068753,10.801209
8.068848,10.801477
8.068783,10.801188
8.068824,10.801120
8.068900,10.801133
8.068986,10.801191
8.068995,10.801218
8.068947,10.801318
8.068937,10.801105
8.068874,10.801166
8.068915,10.801147
8.068916,10.801176
8.068828,10.801172
8.068885,10.801062
8.069032,10.801034
8.069042,10.800999
8.069171,10.800989
8.069156,10.801009
8.069098,10.800963
8.069166,10.800975
8.069204,10.800708
8.069234,10.800789
8.069336,10.800888
8.069214,10.800752
8.069220,10.800778
8.069205,10.800741
8.069368,10.800514
8.069359,10.800596
8.069327,10.800760
8.069253,10.800570
8.069122,10.800662
8.069161,10.800611
8.069271,10.800777
8.069495,10.800599
8.069467,10.800657
8.069483,10.800717
8.069490,10.800614
8.069466,10.800710
8.069598,10.800604
8.069491,10.800528
8.069520,10.800675
8.069431,10.800570
8.069397,10.800437
8.069519,10.800406
8.069614,10.800446
8.069635,10.800303
8.069663,10.800337
8.069668,10.800310
8.069715,10.800327
8.069840,10.800200
8.069832,10.800422
8.069826,10.800376
8.069726,10.800300
8.069737,10.800249
8.069695,10.800171
8.069808,10.799943
8.069764,10.799906
8.069747,10.799833
8.069708,10.800006
8.069719,10.799931
8.069736,10.799957
8.069723,10.799950
8.069723,10.799950
8.069723,10.799950
8.069723,10.799950
8.069723,10.799950
8.069723,10.799950
8.069723,10.799950
8.069723,10.799950
8.069723,10.799950
8.069723,10.799950
8.071389,10.799450
8.075574,10.798525
8.079819,10.797570
8.084633,10.796095
8.088428,10.795381
8.091995,10.794105
8.095812,10.793715
8.097504,10.792969
8.096823,10.793001
8.096194,10.793220
8.096271,10.793240
8.096367,10.793136
8.096273,10.793208
8.096266,10.793220
8.096266,10.793220
8.096266,10.793220
8.096266,10.793220
8.096266,10.793220
8.096266,10.793220
8.096266,10.793220
8.096266,10.793220
8.096266,10.793220
8.096266,10.793220
8.096266,10.793220
8.096266,10.793220
8.096266,10.793220
8.096266,10.793220
8.096266,10.793220
8.096266,10.793220
8.096266,10.793220
8.096266,10.793220
8.096266,10.793220
8.096266,10.793220
8.096266,10.793220
8.096266,10.793220
8.096266,10.793220
8.096266,10.793220
8.096266,10.793220
8.096266,10.793220
8.096266,10.793220
8.096266,10.793220
8.096266,10.793220
8.096266,10.793220
8.096266,10.793220
8.096273,10.793208
8.096473,10.793253
8.096574,10.793076
8.096485,10.793093
8.096488,10.793026
8.096546,10.793096
8.096742,10.793079
8.096925,10.792984
8.096782,10.793046
8.096731,10.793029
8.096710,10.793176
8.096670,10.792982
8.096505,10.792971
8.096608,10.792915
8.096631,10.793097
8.096468,10.793102
8.096437,10.793000
8.096550,10.793206
8.096519,10.792999
8.096630,10.793052
8.096535,10.793210
8.096331,10.793155
8.096654,10.793307
8.096642,10.793329
8.096671,10.793446
8.096605,10.793233
8.096684,10.793263
8.096716,10.793218
8.096606,10.793169
8.096545,10.793250
8.096516,10.793326
8.096435,10.793255
8.096475,10.793318
8.096456,10.793394
8.096489,10.793409
8.096459,10.793446
8.096457,10.793445
8.096499,10.793556
8.096509,10.793639
8.096570,10.793694
8.096520,10.793655
8.096649,10.793694
8.096541,10.793782
8.096430,10.793821
8.096436,10.793864
8.096451,10.793965
8.096415,10.794013
8.096421,10.793870
8.096353,10.793929
8.096354,10.793989
8.096499,10.793999
8.096515,10.794053
8.096400,10.793991
8.096379,10.794065
8.096472,10.794168
8.096413,10.794164
8.096556,10.794168
8.096427,10.794219
8.096541,10.794132
8.096557,10.794305
8.096423,10.794538
8.096548,10.794643
8.096536,10.794535
8.096472,10.794308
8.096525,10.794165
8.096322,10.794432
8.096476,10.794679
8.096415,10.794733
8.096379,10.794638
8.096233,10.794627
8.096110,10.794575
8.096325,10.794772
8.096206,10.794858
8.096382,10.794821
8.096201,10.794807
8.096210,10.794616
8.096274,10.794891
8.096257,10.794991
8.096295,10.794950
8.096269,10.794779
8.096077,10.794808
8.096148,10.794799
8.096294,10.794971
8.096336,10.795177
8.096270,10.795156
8.096175,10.794947
8.096192,10.794826
8.096076,10.794879
8.096371,10.795001
8.096360,10.795023
8.096169,10.794932
8.096154,10.794785
8.096161,10.794870
8.096202,10.795146
8.096388,10.795276
8.096526,10.795346
8.096397,10.795342
8.096251,10.795196
8.096218,10.795194
8.096375,10.795541
8.096343,10.795782
8.096375,10.795769
8.096284,10.795728
8.096102,10.795784
8.096140,10.795747
8.096229,10.795833
8.096111,10.795914
8.096231,10.795835
8.096239,10.795981
8.096224,10.796040
8.096263,10.796129
8.096290,10.796233
8.096281,10.796094
8.096247,10.796050
8.096269,10.796049
8.096194,10.796193
8.096276,10.796103
8.096410,10.796021
8.096244,10.796128
8.096529,10.796084
8.096789,10.796169
8.096640,10.796126
8.096471,10.796002
8.096580,10.796054
8.096605,10.796083
8.096592,10.796068
8.096605,10.796083
8.096605,10.796083
8.096605,10.796083
8.096605,10.796083
8.096605,10.796083
8.096605,10.796083
8.096605,10.796083
8.096605,10.796083
8.096605,10.796083
8.096605,10.796083
8.096605,10.796083
8.096605,10.796083
8.096605,10.796083
8.096605,10.796083
8.096605,10.796083
8.096605,10.796083
8.096605,10.796083
8.096605,10.796083
8.096605,10.796083
8.096605,10.796083
8.096605,10.796083
8.096605,10.796083
8.096605,10.796083
8.096605,10.796083
8.096605,10.796083
8.096605,10.796083
8.096605,10.796083
8.096605,10.796083
8.096605,10.796083
8.096605,10.796083
8.096605,10.796083
8.096605,10.796083
8.096605,10.796083
8.096605,10.796083
8.096605,10.796083
8.096605,10.796083
8.096605,10.796083
8.096605,10.796083
8.096605,10.796083
8.096605,10.796083
8.096605,10.796083
8.096605,10.796083
8.096605,10.796083
8.096605,10.796083
8.096605,10.796083
8.096605,10.796083
8.096605,10.796083
8.096605,10.796083
8.096605,10.796083
8.096605,10.796083
8.096605,10.796083
8.096605,10.796083
8.096605,10.796083
8.096605,10.796083
8.096605,10.796083
8.096605,10.796083
8.096605,10.796083
8.096605,10.796083
8.096605,10.796083
8.096605,10.796083
8.096605,10.796083
8.096605,10.796083
8.096605,10.796083
8.096605,10.796083
8.096605,10.796083
8.096605,10.796083
8.096605,10.796083
8.096605,10.796083
8.096605,10.796083
8.096605,10.796083
8.096605,10.796083
8.096605,10.796083
8.096605,10.796083
8.096605,10.796083
8.096605,10.796083
8.096605,10.796083
8.096605,10.796083
8.096605,10.796083
8.096605,10.796083
8.096605,10.796083
8.096605,10.796083
8.096605,10.796083
8.096605,10.796083
8.096605,10.796083
8.096605,10.796083
8.096605,10.796083
8.096605,10.796083
8.096605,10.796083
8.096605,10.796083
8.096605,10.796083
8.096605,10.796083
8.096605,10.796083
8.096605,10.796083
8.096605,10.796083
8.096605,10.796083
8.096605,10.796083
8.096605,10.796083
8.096605,10.796083
8.096605,10.796083
8.096605,10.796083
8.096605,10.796083
8.096605,10.796083
8.096605,10.796083
8.096605,10.796083
8.096605,10.796083
8.096605,10.796083
8.096605,10.796083
8.096592,10.796068
8.096592,10.796068
8.096592,10.796068
8.096592,10.796068
8.096592,10.796068
8.096592,10.796068
8.096592,10.796068
8.096592,10.796068
8.096592,10.796068
8.096592,10.796068
8.096592,10.796068
8.096592,10.796068
8.096592,10.796068
8.096592,10.796068
8.096592,10.796068
8.096592,10.796068
8.096592,10.796068
8.096592,10.796068
8.096592,10.796068
8.096592,10.796068
8.096592,10.796068
8.096592,10.796068
8.096592,10.796068
8.096592,10.796068
8.096592,10.796068
8.096592,10.796068
8.096592,10.796068
8.096592,10.796068
8.096592,10.796068
8.096592,10.796068
8.096592,10.796068
8.096592,10.796068
8.096592,10.796068
8.096592,10.796068
8.096592,10.796068
8.096592,10.796068
8.096592,10.796068
8.096592,10.796068
8.096592,10.796068
8.096592,10.796068
8.096592,10.796068
8.096592,10.796068
8.096592,10.796068
8.096592,10.796068
8.096592,10.796068
8.096592,10.796068
8.096592,10.796068
8.096592,10.796068
8.096592,10.796068
8.096592,10.796068
8.096592,10.796068
8.096592,10.796068
8.096592,10.796068
8.096592,10.796068
8.096592,10.796068
8.096592,10.796068
8.096592,10.796068
8.096592,10.796068
8.096592,10.796068
8.096591,10.796082
8.096736,10.796128
8.096893,10.796559
8.099549,10.799553
8.107287,10.807685
8.119692,10.818280
8.119692,10.818280
8.127964,10.817869
8.127964,10.817869
8.127964,10.817869
8.127964,10.817869
8.127964,10.817869
8.127964,10.817869
8.127964,10.817869
8.127964,10.817869
8.127964,10.817869
8.127964,10.817869
8.127964,10.817869
8.127964,10.817869
8.127964,10.817869
8.127964,10.817869
8.127964,10.817869
8.127964,10.817869
8.127964,10.817869
8.127964,10.817869
8.127964,10.817869
8.127964,10.817869
8.127964,10.817869
8.127964,10.817869
8.127964,10.817869
8.127964,10.817869
8.127964,10.817869
8.127964,10.817869
8.127964,10.817869
8.127964,10.817869
8.127964,10.817869
8.127964,10.817869
8.127964,10.817869
8.127964,10.817869
8.127964,10.817869
8.127964,10.817869
8.127964,10.817869
8.127964,10.817869
8.127964,10.817869
8.127964,10.817869
8.127964,10.817869
8.127964,10.817869
8.127964,10.817869
8.127964,10.817869
8.127964,10.817869
8.127964,10.817869
8.128265,10.819789
8.128451,10.821881
8.128185,10.820518
8.128207,10.820785
8.128154,10.820935
8.128149,10.820752
8.128075,10.820765
8.128138,10.820717
8.128122,10.820707
8.128123,10.820723
8.128115,10.820718
8.128175,10.820562
8.128359,10.820127
8.129078,10.817798
8.128127,10.813046
8.125366,10.809537
8.119802,10.808682
8.119802,10.808682
8.119802,10.808682
8.119802,10.808682
8.119802,10.808682
8.119802,10.808682
8.119802,10.808682
8.119802,10.808682
8.119802,10.808682
8.119802,10.808682
8.119802,10.808682
8.119802,10.808682
8.119802,10.808682
8.119802,10.808682
8.119802,10.808682
8.119802,10.808682
8.119802,10.808682
8.119802,10.808682
8.119911,10.808531
8.120317,10.808558
8.120728,10.809023
8.121568,10.808890
8.122076,10.808382
8.123642,10.807768
8.128637,10.807775
8.131832,10.809285
8.136518,10.809864
8.143574,10.810208
8.148515,10.809340
8.150009,10.806993
8.153116,10.804169
8.154295,10.803243
8.156357,10.803459
8.155596,10.802079
8.156082,10.802160
8.155357,10.802406
8.154491,10.803677
8.153657,10.804827
8.155454,10.803358
8.157007,10.800931
8.155664,10.802998
8.155994,10.803372
8.156446,10.801290
8.156734,10.801659
8.156288,10.802158
8.155978,10.802155
8.156382,10.802080
8.156363,10.802026
8.156301,10.802065
8.156329,10.802010
8.156315,10.802010
8.156315,10.802010
8.156315,10.802010
8.156315,10.802010
8.156323,10.802114
8.156323,10.802114
8.156323,10.802114
8.156323,10.802114
8.156323,10.802114
8.156323,10.802114
8.156323,10.802114
8.156323,10.802114
8.156323,10.802114
8.156323,10.802114
8.156323,10.802114
8.156323,10.802114
8.156323,10.802114
8.156323,10.802114
8.156323,10.802114
8.156323,10.802114
8.156323,10.802114
8.156323,10.802114
8.156325,10.802136
8.156325,10.802136
8.156325,10.802136
8.156325,10.802136
8.156325,10.802136
8.156325,10.802136
8.156325,10.802136
8.156325,10.802136
8.156325,10.802136
8.156325,10.802136
8.156325,10.802136
8.156325,10.802136
8.156325,10.802136
8.156325,10.802136
8.156325,10.802136
8.156325,10.802136
8.156325,10.802136
8.156325,10.802136
8.156325,10.802136
8.156325,10.802136
8.156325,10.802136
8.156325,10.802136
8.156325,10.802136
8.156325,10.802136
8.156325,10.802136
8.156325,10.802136
8.156325,10.802136
8.156325,10.802136
8.156325,10.802136
8.156325,10.802136
8.156325,10.802136
8.156325,10.802136
8.156325,10.802136
8.156325,10.802136
8.156325,10.802136
8.156325,10.802136
8.156325,10.802136
8.156325,10.802136
8.156325,10.802136
8.156325,10.802136
8.156325,10.802136
8.156325,10.802136
8.156325,10.802136
8.156325,10.802136
8.156325,10.802136
8.156325,10.802136
8.156325,10.802136
8.156325,10.802136
8.156325,10.802136
8.156325,10.802136
8.156325,10.802136
8.156325,10.802136
8.156325,10.802136
8.156325,10.802136
8.156325,10.802136
8.156325,10.802136
8.156325,10.802136
8.156325,10.802136
8.156325,10.802136
8.156325,10.802136
8.156325,10.802136
8.156325,10.802136
8.156325,10.802136
8.156325,10.802136
8.156325,10.802136
8.156325,10.802136
8.156325,10.802136
8.156325,10.802136
8.156325,10.802136
8.156325,10.802136
8.156325,10.802136
8.156325,10.802136
8.156325,10.802136
8.156325,10.802136
8.156325,10.802136
8.156325,10.802136
8.156325,10.802136
8.156325,10.802136
8.156325,10.802136
8.156325,10.802136
8.156325,10.802136
8.156325,10.802136
8.156325,10.802136
8.156325,10.802136
8.156325,10.802136
8.156325,10.802136
8.156325,10.802136
8.156325,10.802136
8.156325,10.802136
8.156325,10.802136
8.156325,10.802136
8.156325,10.802136
8.156325,10.802136
8.156325,10.802136
8.156325,10.802136
8.156325,10.802136
8.156325,10.802136
8.156325,10.802136
8.156325,10.802136
8.156325,10.802136
8.156325,10.802136
8.156325,10.802136
8.156325,10.802136
8.156325,10.802136
8.156325,10.802136
8.156325,10.802136
8.156325,10.802136
8.156325,10.802136
8.156325,10.802136
8.156325,10.802136
8.156325,10.802136
8.156325,10.802136
8.156325,10.802136
8.156325,10.802136
8.156325,10.802136
8.156325,10.802136
8.156325,10.802136
8.156325,10.802136
8.156325,10.802136
8.156325,10.802136
8.156325,10.802136
8.156325,10.802136
8.156325,10.802136
8.156325,10.802136
8.156325,10.802136
8.156325,10.802136
8.156325,10.802136
8.156325,10.802136
8.156325,10.802136
8.156325,10.802136
8.156325,10.802136
8.156325,10.802136
8.156325,10.802136
8.156325,10.802136
8.156325,10.802136
8.156325,10.802136
8.156325,10.802136
8.156325,10.802136
8.156325,10.802136
8.156325,10.802136
8.156325,10.802136
8.156325,10.802136
8.156325,10.802136
8.156325,10.802136
8.156325,10.802136
8.156325,10.802136
8.156325,10.802136
8.156325,10.802136
8.156325,10.802136
8.156325,10.802136
8.156325,10.802136
8.156325,10.802136
8.156325,10.802136
8.156325,10.802136
8.156325,10.802136
8.156325,10.802136
8.156325,10.802136
8.156325,10.802136
8.156325,10.802136
8.156325,10.802136
8.156325,10.802136
8.156325,10.802136
8.156325,10.802136
8.156325,10.802136
8.156325,10.802136
8.156325,10.802136
8.156325,10.802136
8.156325,10.802136
8.156325,10.802136
8.156325,10.802136
8.156325,10.802136
8.156325,10.802136
8.156325,10.802136
8.156325,10.802136
8.156325,10.802136
8.156325,10.802136
8.156325,10.802136
8.156325,10.802136
8.156325,10.802136
8.156325,10.802136
8.156325,10.802136
8.156325,10.802136
8.156325,10.802136
8.156325,10.802136
8.156325,10.802136
8.156325,10.802136
8.156325,10.802136
8.156325,10.802136
8.156325,10.802136
8.156325,10.802136
8.156325,10.802136
8.156325,10.802136
8.156325,10.802136
8.156325,10.802136
8.156325,10.802136
8.156325,10.802136
8.156325,10.802136
8.156325,10.802136
8.156325,10.802136
8.156325,10.802136
8.156325,10.802136
8.156325,10.802136
8.156325,10.802136
8.156325,10.802136
8.156325,10.802136
8.156325,10.802136
8.156325,10.802136
8.156325,10.802136
8.156325,10.802136
8.156325,10.802136
8.156325,10.802136
8.156325,10.802136
8.156325,10.802136
8.156325,10.802136
8.156325,10.802136
8.156325,10.802136
8.156325,10.802136
8.156325,10.802136
8.156325,10.802136
8.156325,10.802136
8.156325,10.802136
8.156325,10.802136
8.156325,10.802136
8.156325,10.802136
8.156325,10.802136
8.156325,10.802136
8.156325,10.802136
8.156325,10.802136
8.156325,10.802136
8.156325,10.802136
8.156325,10.802136
8.156325,10.802136
8.156325,10.802136
8.156325,10.802136
8.156325,10.802136
8.156325,10.802136
8.156325,10.802136
8.156325,10.802136
8.156325,10.802136
8.156325,10.802136
8.156325,10.802136
8.156325,10.802136
8.156325,10.802136
8.156325,10.802136
8.156325,10.802136
8.156325,10.802136
8.156325,10.802136
8.156325,10.802136
8.156325,10.802136
8.156325,10.802136
8.156325,10.802136
8.156325,10.802136
8.156325,10.802136
8.156325,10.802136
8.156325,10.802136
8.156325,10.802136
8.156325,10.802136
8.156325,10.802136
8.156325,10.802136
8.156325,10.802136
8.156325,10.802136
8.156325,10.802136
8.156325,10.802136
8.156325,10.802136
8.156325,10.802136
8.156325,10.802136
8.156325,10.802136
8.156325,10.802136
8.156325,10.802136
8.156325,10.802136
8.156325,10.802136
8.156325,10.802136
8.156325,10.802136
8.156325,10.802136
8.156325,10.802136
8.156325,10.802136
8.156325,10.802136
8.156325,10.802136
8.156325,10.802136
8.156325,10.802136
8.156325,10.802136
8.156325,10.802136
8.156325,10.802136
8.156325,10.802136
8.156325,10.802136
8.156325,10.802136
8.156325,10.802136
8.156325,10.802136
8.156325,10.802136
8.156325,10.802136
8.156325,10.802136
8.156325,10.802136
8.156325,10.802136
8.156325,10.802136
8.156325,10.802136
8.156325,10.802136
8.156325,10.802136
8.156325,10.802136
8.156325,10.802136
8.156325,10.802136
8.156325,10.802136
8.156325,10.802136
8.156325,10.802136
8.156325,10.802136
8.156325,10.802136
8.156325,10.802136
8.156325,10.802136
8.156325,10.802136
8.156325,10.802136
8.156325,10.802136
8.156325,10.802136
8.156325,10.802136
8.156325,10.802136
8.156325,10.802136
8.156325,10.802136
8.156325,10.802136
8.156325,10.802136
8.156325,10.802136
8.156325,10.802136
8.156325,10.802136
8.156325,10.802136
8.156325,10.802136
8.156325,10.802136
8.156325,10.802136
8.156325,10.802136
8.156325,10.802136
8.156325,10.802136
8.156325,10.802136
8.156325,10.802136
8.156325,10.802136
8.156325,10.802136
8.156325,10.802136
8.156325,10.802136
8.156325,10.802136
8.156325,10.802136
8.156325,10.802136
8.156325,10.802136
8.156325,10.802136
8.156325,10.802136
8.156325,10.802136
8.156325,10.802136
8.156325,10.802136
8.156325,10.802136
8.156325,10.802136
8.156325,10.802136
8.156325,10.802136
8.156325,10.802136
8.156325,10.802136
8.156325,10.802136
8.156325,10.802136
8.156325,10.802136
8.156322,10.802113
8.156441,10.801826
8.156525,10.802146
8.156637,10.801689
8.156608,10.801624
8.156637,10.801762
8.156478,10.801641
8.156410,10.801910
8.156351,10.801791
8.156320,10.801830
8.156337,10.801714
8.156391,10.801741
8.156343,10.801769
8.156159,10.801865
8.156238,10.801993
8.156098,10.801674
8.156257,10.801830
8.156353,10.801729
8.156141,10.801897
8.156034,10.801967
8.155945,10.802026
8.155914,10.801816
8.155847,10.801864
8.155844,10.801869
8.155723,10.801882
8.155973,10.801695
8.156231,10.801443
8.156182,10.801628
8.156311,10.801826
8.156291,10.801712
8.156589,10.801140
8.156487,10.801159
8.156293,10.801384
8.156221,10.801501
8.156276,10.801471
8.156307,10.801473
8.156279,10.801439
8.156284,10.801458
8.156336,10.801348
8.156335,10.801351
8.156336,10.801348
8.156330,10.801359
8.156337,10.801344
8.156334,10.801352
8.156338,10.801342
8.156336,10.801347
8.156321,10.801386
8.156507,10.801387
8.156516,10.801181
8.156227,10.801234
8.156308,10.801316
8.156191,10.801424
8.156048,10.801558
8.156234,10.801381
8.156232,10.801428
8.156248,10.801381
8.156227,10.801607
8.156084,10.801292
8.156136,10.801383
8.156183,10.801439
8.156403,10.801390
8.156421,10.801646
8.156333,10.801482
8.156158,10.801623
8.156287,10.801482
8.156430,10.801636
8.156264,10.801551
8.156157,10.801585
8.155981,10.801751
8.156099,10.801664
8.156213,10.801590
8.156253,10.801487
8.156104,10.801401
8.156155,10.801568
8.156226,10.801676
8.156081,10.801651
8.156240,10.801756
8.156257,10.801717
8.156137,10.801812
8.155894,10.802001
8.156036,10.802032
8.156008,10.802154
8.156179,10.801854
8.156157,10.801681
8.156000,10.801739
8.155849,10.801958
8.155947,10.802067
8.156125,10.801932
8.156159,10.801749
8.156218,10.801619
8.156320,10.801683
8.156454,10.801917
8.156287,10.802011
8.156301,10.801956
8.156568,10.801855
8.156415,10.801811
8.156333,10.802093
8.156299,10.802133
8.156396,10.802175
8.156374,10.802166
8.156478,10.802169
8.156305,10.802290
8.156399,10.802386
8.156335,10.802629
8.156319,10.802553
8.156365,10.802583
8.156197,10.802502
8.156345,10.802362
8.156555,10.802604
8.156448,10.802766
8.156537,10.802813
8.156791,10.802849
8.156685,10.802734
8.156675,10.802833
8.156873,10.802823
8.156732,10.802823
8.156759,10.802661
8.156705,10.802822
8.156486,10.802867
8.156626,10.803037
8.156540,10.802949
8.156562,10.802977
8.156588,10.802876
8.156531,10.803019
8.156595,10.803023
8.156550,10.803048
8.156645,10.802941
8.156639,10.802866
8.156501,10.802859
8.156609,10.802892
8.156696,10.802885
8.156840,10.802937
8.156805,10.802787
8.156740,10.802794
8.156638,10.802878
8.156730,10.802909
8.156819,10.802968
8.156695,10.803098
8.156900,10.803385
8.157231,10.803473
8.157172,10.803445
8.157093,10.803385
8.157094,10.803353
8.157049,10.803377
8.157063,10.803352
8.157068,10.803371
8.157068,10.803371
8.157068,10.803371
8.156183,10.801004
8.154653,10.796737
8.152956,10.792151
8.151873,10.788488
8.150791,10.785832
8.150150,10.782326
8.148679,10.778310
8.147001,10.773544
8.145828,10.769750
8.144526,10.765921
8.143609,10.762362
8.142192,10.758232
8.141037,10.755196
8.140208,10.751745
8.139312,10.748176
8.137277,10.743287
8.136242,10.739232
8.134851,10.735397
8.133853,10.731557
8.133032,10.728197
8.131845,10.725456
8.130705,10.721548
8.129611,10.717655
8.127925,10.713191
8.126987,10.709493
8.125757,10.705313
8.124596,10.701939
8.123726,10.698602
8.122784,10.695331
8.121365,10.691499
8.120364,10.687949
8.118996,10.683678
8.117559,10.679618
8.116361,10.675129
8.115179,10.671496
8.114100,10.667901
8.113209,10.664971
8.112040,10.661551
8.110871,10.657815
8.109539,10.653355
8.108208,10.649668
8.107395,10.645946
8.106062,10.642036
8.104599,10.638734
8.103822,10.635064
8.102663,10.631734
8.101162,10.627697
8.100067,10.623539
8.098563,10.620241
8.097637,10.616612
8.096445,10.612715
8.095083,10.608884
8.094324,10.606186
8.093245,10.602526
8.091784,10.598626
8.090491,10.594623
8.089383,10.591318
8.088091,10.587297
8.087034,10.583478
8.085854,10.579801
8.084961,10.576875
8.084001,10.573253
8.082242,10.568019
8.081135,10.564642
8.080303,10.561512
8.078912,10.557844
8.077765,10.553882
8.076596,10.550309
8.075426,10.547368
8.073948,10.541963
8.073198,10.539632
8.071558,10.535443
8.070669,10.531845
8.069356,10.527775
8.068030,10.524106
8.067279,10.521043
8.066220,10.517647
8.064753,10.513941
8.063917,10.510125
8.062266,10.505655
8.061145,10.501979
8.060072,10.498190
8.058751,10.494439
8.057863,10.491261
8.056956,10.488050
8.055526,10.484158
8.054460,10.480283
8.053113,10.476120
8.051746,10.472241
8.050706,10.468673
8.049530,10.465229
8.048160,10.461044
8.047327,10.458234
8.046138,10.454585
8.044920,10.450995
8.043621,10.446421
8.042385,10.442569
8.041089,10.438666
8.040178,10.435337
8.038628,10.431495
8.037850,10.428590
8.036874,10.425245
8.035515,10.421321
8.034334,10.416443
8.033015,10.412987
8.032457,10.411537
8.032669,10.412103
8.032748,10.412562
8.032708,10.412492
8.032720,10.412498
8.032733,10.412474
8.032714,10.412479
8.032714,10.412479
8.032714,10.412479
8.032714,10.412479
8.032726,10.412486
8.032440,10.412333
8.032507,10.412117
8.032619,10.412137
8.032617,10.411994
8.032390,10.411829
8.032531,10.411907
8.032701,10.411783
8.032470,10.411634
8.032559,10.411659
8.032648,10.411914
8.032472,10.411674
8.032501,10.411567
8.032657,10.411715
8.032502,10.411492
8.032509,10.411724
8.032427,10.411567
8.032331,10.411407
8.032664,10.411646
8.032665,10.411480
8.032472,10.411353
8.032496,10.411291
8.032618,10.411366
8.032488,10.410961
8.032436,10.410823
8.032497,10.411035
8.032587,10.411357
8.032475,10.411086
8.032429,10.411056
8.032517,10.411109
8.032605,10.411218
8.032458,10.411167
8.032626,10.411277
8.032678,10.411361
8.032505,10.411231
8.032630,10.411155
8.032703,10.411341
8.032551,10.411163
8.032638,10.411062
8.032716,10.410998
8.032804,10.411129
8.032965,10.411141
8.032899,10.411090
8.032907,10.411131
8.032945,10.411295
8.033004,10.410980
8.033106,10.411002
8.033133,10.411047
8.033226,10.410998
8.033230,10.411181
8.033168,10.410785
8.033240,10.410861
8.033285,10.410877
8.033312,10.410983
8.033432,10.411062
8.033327,10.411180
8.033401,10.411105
8.033470,10.411045
8.033639,10.411124
8.033626,10.410876
8.033649,10.410897
8.033629,10.410743
8.033764,10.410774
8.033888,10.410779
8.033915,10.410700
8.033972,10.410888
8.034046,10.410479
8.033859,10.410590
8.034060,10.410543
8.034000,10.410690
8.034056,10.410600
8.033845,10.410489
8.033947,10.410482
8.033921,10.410500
8.034078,10.410699
8.034043,10.410618
8.034150,10.410573
8.034100,10.410806
8.034245,10.410477
8.034499,10.410380
8.034396,10.410414
8.034389,10.410441
8.034429,10.410526
8.034296,10.410528
8.034337,10.410430
8.034463,10.410335
8.034536,10.410501
8.034671,10.410463
8.034585,10.410467
8.034548,10.410603
8.034620,10.410470
8.034870,10.410419
8.034921,10.410105
8.034807,10.410199
8.034842,10.410224
8.034803,10.410234
8.034836,10.410205
8.034808,10.410266
8.034815,10.410254
8.034808,10.410266
8.034808,10.410266
8.034808,10.410266
8.034808,10.410266
8.034808,10.410266
8.034808,10.410266
8.034808,10.410266
8.034808,10.410266
8.034808,10.410266
8.034791,10.410305
8.034796,10.410295
8.036874,10.409604
8.040889,10.408389
8.044946,10.407590
8.048123,10.406092
8.052982,10.404691
8.055480,10.404190
8.060683,10.402186
8.064593,10.401284
8.067587,10.400116
8.070971,10.398846
8.074502,10.398011
8.078100,10.396620
8.081161,10.395604
8.084979,10.394502
8.089259,10.393014
8.092914,10.391929
8.096696,10.390742
8.100552,10.389544
8.104245,10.388319
8.107364,10.387384
8.110975,10.386295
8.114633,10.385025
8.118946,10.383635
8.122693,10.382393
8.126398,10.381210
8.130085,10.380110
8.133910,10.378879
8.136660,10.377958
8.140053,10.376910
8.144183,10.375554
8.148635,10.374140
8.152243,10.372977
8.155985,10.371750
8.159653,10.370632
8.163289,10.369323
8.166041,10.368468
8.169798,10.367292
8.173285,10.366216
8.177579,10.364852
8.181726,10.363564
8.185461,10.362187
8.188873,10.361164
8.192404,10.360011
8.195470,10.359002
8.200689,10.357281
8.202898,10.356535
8.204903,10.355867
8.204702,10.356020
8.204712,10.355964
8.205025,10.355885
8.204977,10.355882
8.204901,10.355905
8.205011,10.355880
8.204979,10.355877
8.204982,10.355873
8.205000,10.355870
8.205002,10.355867
8.204998,10.355875
8.205002,10.355865
8.204999,10.355871
8.204999,10.355871
8.204991,10.355886
8.204759,10.356112
8.204640,10.355989
8.204771,10.356161
8.204577,10.356305
8.204370,10.356208
8.204432,10.356269
8.204546,10.356285
8.204586,10.356177
8.204700,10.355990
8.204560,10.356101
8.204174,10.356153
8.204112,10.356221
8.204086,10.356153
8.204095,10.356061
8.204150,10.356165
8.204077,10.356180
8.204031,10.356289
8.204066,10.356253
8.204120,10.356349
8.203969,10.356466
8.203932,10.356588
8.204041,10.356812
8.203816,10.356579
8.203919,10.356704
8.204004,10.356412
8.204059,10.356399
8.203930,10.356666
8.203816,10.356710
8.203722,10.356648
8.203842,10.356599
8.203776,10.356596
8.203744,10.356727
8.203645,10.356707
8.203599,10.356853
8.203574,10.356817
8.203518,10.356627
8.203365,10.356628
8.203512,10.356610
8.203442,10.356789
8.203426,10.356957
8.203451,10.356885
8.203346,10.356888
8.203335,10.356952
8.203396,10.357030
8.203359,10.357038
8.203436,10.357007
8.203314,10.356969
8.203360,10.356873
8.203312,10.357018
8.203211,10.357243
8.203366,10.357380
8.203321,10.357334
8.203293,10.357406
8.203341,10.357330
8.202987,10.357434
8.203132,10.357468
8.203152,10.357548
8.203213,10.357347
8.203183,10.357294
8.202972,10.357316
8.203287,10.357449
8.203215,10.357604
8.203140,10.357700
8.203143,10.357710
8.203010,10.357715
8.203101,10.357920
8.203096,10.358020
8.203208,10.358149
8.203120,10.358023
8.203134,10.357910
8.203099,10.357875
8.202976,10.357871
8.203182,10.357812
8.203226,10.357762
8.203144,10.357798
8.202982,10.357742
8.203167,10.357718
8.203421,10.357812
8.203343,10.357888
8.203338,10.357920
8.203465,10.357956
8.203369,10.357790
8.203441,10.357828
8.203625,10.357797
8.203626,10.357909
8.203345,10.357949
8.203272,10.357924
8.203440,10.357974
8.203386,10.358085
8.203452,10.358118
8.203606,10.358140
8.203736,10.357991
8.203921,10.358050
8.203749,10.358055
8.203773,10.357971
8.203733,10.358014
8.203759,10.357996
8.203753,10.358008
8.203721,10.357994
8.203721,10.357994
8.203715,10.357975
8.203054,10.355999
8.201534,10.351918
8.199768,10.347475
8.199190,10.344291
8.197028,10.339601
8.196051,10.336015
8.194585,10.332163
8.193379,10.328311
8.192932,10.325700
8.191149,10.321791
8.190115,10.318128
8.188555,10.313603
8.187264,10.310040
8.186173,10.306231
8.184781,10.302179
8.183599,10.298694
8.182953,10.296160
8.181478,10.292950
8.180382,10.289170
8.178891,10.284602
8.177576,10.280704
8.176479,10.276801
8.175343,10.273418
8.173876,10.269557
8.172981,10.266508
8.171431,10.261345
8.170482,10.259000
8.169280,10.254697
8.167924,10.250917
8.166639,10.246872
8.165586,10.243401
8.164317,10.239856
8.163273,10.236577
8.162287,10.233092
8.161168,10.229729
8.159507,10.224990
8.158468,10.221137
8.157070,10.217620
8.156059,10.214285
8.155001,10.210630
8.153764,10.207204
8.152272,10.202091
8.151469,10.199729
8.150268,10.196630
8.148945,10.191768
8.147676,10.187906
8.146467,10.184703
8.145557,10.180795
8.144389,10.177519
8.143020,10.173792
8.142188,10.170100
8.140832,10.166493
8.139280,10.161628
8.138022,10.157738
8.136948,10.154494
8.135929,10.151050
8.134944,10.147955
8.133471,10.144042
8.132389,10.140200
8.131043,10.136022
8.129671,10.132469
8.128824,10.128701
8.127430,10.124937
8.126460,10.121463
8.125659,10.118240
8.124217,10.114295
8.122928,10.110393
8.121636,10.106394
8.120230,10.102765
8.119071,10.098754
8.117852,10.095216
8.116877,10.092099
8.116106,10.089494
8.115361,10.087840
8.115725,10.088427
8.116045,10.089346
8.115935,10.089012
8.116017,10.089327
8.115903,10.089257
8.115923,10.089220
8.115922,10.089252
8.115911,10.089182
8.115941,10.089246
8.115745,10.088881
8.115876,10.088822
8.115780,10.088658
8.115589,10.088227
8.115691,10.087872
8.115581,10.087694
8.115354,10.087581
8.115189,10.087485
8.115254,10.087598
8.115750,10.087834
8.115420,10.087470
8.115366,10.087238
8.115311,10.087186
8.115281,10.087543
8.115512,10.088037
8.115531,10.087991
8.115232,10.087650
8.115167,10.087761
8.115227,10.087722
8.115345,10.087645
8.115379,10.087708
8.115261,10.087594
8.115400,10.087795
8.115348,10.087749
8.115390,10.087539
8.115417,10.087637
8.115589,10.087605
8.115474,10.087481
8.115597,10.087578
8.115403,10.087429
8.115451,10.087576
8.115592,10.087420
8.115538,10.087321
8.115732,10.087497
8.115683,10.087338
8.115711,10.087403
8.115701,10.087396
8.115711,10.087399
8.115688,10.087406
8.115578,10.087276
8.115511,10.087411
8.115432,10.087285
8.115468,10.087410
8.115487,10.087505
8.115483,10.087502
8.115425,10.087451
8.115393,10.087419
8.115519,10.087383
8.115618,10.087281
8.115614,10.087207
8.115773,10.087389
8.115716,10.087414
8.115657,10.087412
8.115791,10.087564
8.115748,10.087661
8.115788,10.087433
8.115837,10.087537
8.115879,10.087447
8.115829,10.087298
8.116022,10.087211
8.116124,10.087432
8.116174,10.087455
8.116162,10.087044
8.116255,10.086847
8.116276,10.086876
8.116290,10.086883
8.116145,10.087101
8.116286,10.086946
8.116271,10.086768
8.116228,10.087006
8.116363,10.086853
8.116407,10.086837
8.116352,10.086836
8.116347,10.086963
8.116269,10.086732
8.116317,10.086757
8.116419,10.086782
8.116426,10.086739
8.116444,10.086893
8.116539,10.086735
8.116514,10.086796
8.116493,10.086900
8.116538,10.086841
8.116512,10.086850
8.116526,10.086761
8.116580,10.086560
8.116535,10.086764
8.116491,10.086893
8.116603,10.086602
8.116531,10.086720
8.116795,10.086309
8.116836,10.086270
8.116762,10.086398
8.116693,10.086526
8.116704,10.086429
8.116755,10.086392
8.116764,10.086408
8.116771,10.086353
8.116783,10.086360
8.116770,10.086356
8.116760,10.086378
8.116760,10.086378
8.116761,10.086375
8.116761,10.086375
8.116761,10.086375
8.116764,10.086369
8.116764,10.086369
8.116761,10.086376
8.116722,10.086432
8.115290,10.087059
8.110573,10.088692
8.105901,10.090323
8.101284,10.092161
8.097734,10.093294
8.094237,10.094300
8.090866,10.095460
8.087625,10.096662
8.085916,10.097013
8.085844,10.097188
8.086435,10.097030
8.086477,10.097099
8.086148,10.097133
8.086112,10.097081
8.086117,10.097132
8.086117,10.097132
8.086104,10.097125
8.086104,10.097125
8.086117,10.097132
8.086117,10.097132
8.086125,10.097112
8.086132,10.097097
8.086132,10.097097
8.086132,10.097097
8.086133,10.097095
8.086145,10.096866
8.086115,10.096792
8.086266,10.096830
8.086378,10.096678
8.086430,10.096609
8.086290,10.096643
8.085899,10.096917
8.085694,10.096564
8.085805,10.096989
8.086202,10.096719
8.086427,10.096635
8.086280,10.096916
8.086240,10.096684
8.086149,10.096889
8.086376,10.096937
8.086388,10.096713
8.086354,10.096828
8.086566,10.096740
8.086353,10.097077
8.086433,10.096917
8.086505,10.097001
8.086629,10.096974
8.086737,10.096978
8.086693,10.097083
8.086624,10.097075
8.086704,10.097066
8.086863,10.097043
8.086931,10.097199
8.086814,10.097117
8.086714,10.097175
8.086859,10.097058
8.086782,10.097144
8.086785,10.097359
8.086735,10.097435
8.086915,10.097333
8.086801,10.097488
8.086801,10.097386
8.086926,10.097384
8.086926,10.097417
8.086999,10.097432
8.087054,10.097475
8.087079,10.097415
8.086986,10.097272
8.087004,10.097361
8.087052,10.097333
8.087217,10.097453
8.087256,10.097639
8.087403,10.097634
8.087592,10.097545
8.087307,10.097749
8.087479,10.097933
8.087584,10.097903
8.087580,10.097737
8.087381,10.097814
8.087605,10.097954
8.087595,10.097888
8.087420,10.098042
8.087593,10.097918
8.087597,10.097812
8.087651,10.097774
8.087632,10.097831
8.087546,10.097847
8.087484,10.097766
8.087637,10.097801
8.087749,10.097757
8.087744,10.097815
8.087970,10.097953
8.087710,10.097988
8.087643,10.098099
8.087831,10.097960
8.087739,10.097974
8.087842,10.098116
8.087749,10.098136
8.087689,10.098275
8.087793,10.098201
8.087725,10.098261
8.087700,10.098338
8.087725,10.098494
8.087743,10.098470
8.087577,10.098569
8.087619,10.098433
8.087525,10.098412
8.087794,10.098760
8.087655,10.098662
8.087626,10.098735
8.087609,10.098645
8.087640,10.098749
8.087725,10.098821
8.087563,10.098877
8.087502,10.098974
8.088011,10.099294
8.088109,10.099168
8.087883,10.099065
8.087830,10.099110
8.087927,10.099117
8.087933,10.099136
8.087928,10.099117
8.087928,10.099117
8.087898,10.099106
8.087907,10.099110
8.087907,10.099110
8.087990,10.099144
8.088951,10.101488
8.090065,10.105201
8.091046,10.109219
8.092769,10.113050
8.094139,10.117791
8.095388,10.121862
8.096621,10.125728
8.098023,10.129325
8.099178,10.132861
8.100307,10.135485
8.101375,10.139387
8.102611,10.143000
8.103907,10.146206
8.105079,10.150536
8.106444,10.154159
8.107877,10.158158
8.109162,10.162099
8.110168,10.164938
8.111393,10.168423
8.112322,10.172050
8.114087,10.176604
8.115303,10.180245
8.116563,10.183633
8.118006,10.187086
8.119011,10.190811
8.120153,10.194014
8.120852,10.195855
8.120753,10.195701
8.120676,10.195518
8.120620,10.195504
8.120632,10.195511
8.120632,10.195511
8.120638,10.195530
8.120638,10.195530
8.120638,10.195530
8.120638,10.195530
8.120638,10.195530
8.120285,10.195346
8.120361,10.195264
8.120396,10.195330
8.120308,10.195360
8.120305,10.195246
8.120287,10.195326
8.120022,10.195281
8.120214,10.195189
8.120210,10.195299
8.120371,10.195327
8.120443,10.195338
8.120522,10.195477
8.120392,10.195494
8.120145,10.195365
8.120227,10.195035
8.120117,10.195043
8.119960,10.194998
8.120134,10.194806
8.119967,10.194733
8.120081,10.194844
8.120124,10.194910
8.120144,10.194695
8.120180,10.194782
8.119893,10.194950
8.120050,10.194812
8.120015,10.194681
8.119911,10.194718
8.119863,10.194675
8.119832,10.194645
8.119738,10.194585
8.119693,10.194517
8.119629,10.194471
8.119555,10.194367
8.119532,10.194453
8.119445,10.194450
8.119454,10.194388
8.119441,10.194374
8.119590,10.194378
8.119618,10.194513
8.119412,10.194590
8.119278,10.194520
8.119246,10.194566
8.119279,10.194624
8.119507,10.194764
8.119454,10.194933
8.119443,10.194703
8.119225,10.194657
8.119212,10.194725
8.119263,10.194887
8.119223,10.194815
8.119216,10.194949
8.119135,10.194967
8.119056,10.194818
8.119058,10.194929
8.119137,10.194994
8.119102,10.195252
8.119220,10.194920
8.119178,10.195169
8.118937,10.195075
8.118946,10.195082
8.118886,10.195300
8.118949,10.195202
8.118896,10.195228
8.118755,10.195095
8.118894,10.194978
8.119010,10.195232
8.118992,10.195125
8.118844,10.195061
8.118721,10.195150
8.118670,10.195012
8.118558,10.195043
8.118495,10.195147
8.118626,10.195136
8.118641,10.195194
8.118656,10.195280
8.118716,10.195312
8.118663,10.195354
8.118649,10.195300
8.118618,10.195385
8.118447,10.195232
8.118496,10.195415
8.118321,10.195161
8.118192,10.195168
8.118139,10.195415
8.118132,10.195170
8.118155,10.195162
8.118092,10.195252
8.118155,10.195215
8.118050,10.195139
8.117856,10.195148
8.117678,10.195462
8.117670,10.195535
8.117752,10.195430
8.117795,10.195346
8.117776,10.195352
8.117742,10.195401
8.117740,10.195405
8.117740,10.195405
8.117745,10.195392
8.117745,10.195392
8.117745,10.195392
8.117745,10.195392
8.117745,10.195392
8.117745,10.195392
8.117745,10.195392
8.117745,10.195392
8.117745,10.195392
8.117745,10.195392
8.117745,10.195392
8.117745,10.195392
8.117745,10.195392
8.117745,10.195392
8.117745,10.195392
8.117745,10.195392
8.117745,10.195392
8.117745,10.195392
8.117745,10.195392
8.117745,10.195392
8.117745,10.195392
8.117748,10.195384
8.117738,10.195408
8.117815,10.195295
8.117385,10.195086
8.117496,10.195464
8.117479,10.195498
8.117561,10.195342
8.117593,10.195381
8.117435,10.195281
8.117300,10.195229
8.117284,10.195315
8.117312,10.195299
8.117274,10.195375
8.117251,10.195257
8.117189,10.195332
8.117183,10.195262
8.117158,10.195343
8.117142,10.195374
8.117252,10.195275
8.117175,10.195251
8.117192,10.195287
8.117292,10.195362
8.117175,10.195328
8.117234,10.195269
8.117121,10.195203
8.117215,10.195270
8.117188,10.195331
8.117011,10.195481
8.116982,10.195618
8.116963,10.195714
8.117112,10.195723
8.117082,10.195487
8.117169,10.195554
8.117162,10.195580
8.117215,10.195572
8.117167,10.195511
8.117096,10.195522
8.117126,10.195539
8.117126,10.195588
8.117131,10.195421
8.117190,10.195436
8.117049,10.195489
8.117095,10.195587
8.116860,10.195610
8.116875,10.195684
8.117083,10.195659
8.117062,10.195670
8.116865,10.195545
8.116920,10.195654
8.116997,10.195733
8.116941,10.195536
8.116950,10.195557
8.116812,10.195371
8.116902,10.195533
8.117025,10.195821
8.117063,10.195778
8.117017,10.195746
8.117116,10.195704
8.117192,10.195850
8.117223,10.195926
8.117513,10.195969
8.117490,10.195868
8.117230,10.195844
8.117096,10.196034
8.117251,10.195967
8.117365,10.196109
8.117503,10.196113
8.117326,10.196028
8.117291,10.195989
8.117290,10.196004
8.117323,10.196046
8.117451,10.196190
8.117318,10.196087
8.117315,10.196002
8.117102,10.196043
8.117234,10.196145
8.117430,10.196217
8.117383,10.196185
8.117467,10.195974
8.117568,10.195941
8.117508,10.195903
8.117533,10.195909
8.117542,10.196010
8.117653,10.196062
8.117498,10.196125
8.117223,10.196178
8.117340,10.196074
8.117362,10.196273
8.117418,10.196292
8.117320,10.196194
8.117245,10.196203
8.117171,10.196302
8.117244,10.196425
8.117287,10.196566
8.117402,10.196511
8.117291,10.196405
8.117158,10.196400
8.117257,10.196472
8.117247,10.196671
8.117311,10.196604
8.117282,10.196551
8.117228,10.196603
8.117090,10.196668
8.117185,10.196609
8.117375,10.196651
8.117473,10.196653
8.117352,10.196657
8.117448,10.196453
8.117467,10.196678
8.117436,10.196761
8.117719,10.196992
8.117831,10.197078
8.117972,10.196916
8.117726,10.196851
8.117640,10.196709
8.117580,10.196626
8.117717,10.196560
8.117544,10.196635
8.117552,10.196586
8.117532,10.196877
8.117653,10.197016
8.117662,10.197048
8.117620,10.197048
8.117571,10.197074
8.117619,10.197148
8.117662,10.197260
8.117876,10.197242
8.118006,10.197224
8.117878,10.197387
8.118007,10.197244
8.117961,10.197376
8.118091,10.197329
8.118097,10.197433
8.118183,10.197504
8.118035,10.197437
8.117924,10.197467
8.118090,10.197503
8.118269,10.197492
8.118552,10.197448
8.118642,10.197268
8.118489,10.197357
8.118463,10.197366
8.118502,10.197353
8.118488,10.197357
8.118484,10.197344
8.118484,10.197344
8.118484,10.197344
8.118484,10.197344
8.118484,10.197344
8.118484,10.197344
8.118484,10.197344
8.118484,10.197344
8.118484,10.197344
8.118484,10.197344
8.118484,10.197344
8.118484,10.197344
8.118484,10.197344
8.118484,10.197344
8.118484,10.197344
8.118484,10.197344
8.118484,10.197344
8.118484,10.197344
8.118484,10.197344
8.118484,10.197344
8.118484,10.197344
8.118484,10.197344
8.118523,10.197329
8.118523,10.197329
8.118520,10.197330
8.118520,10.197330
8.118520,10.197330
8.118520,10.197330
8.118521,10.197330
8.118521,10.197330
8.118521,10.197330
8.118521,10.197330
8.118521,10.197330
8.118521,10.197330
8.118521,10.197330
8.118521,10.197330
8.118521,10.197330
8.118521,10.197330
8.118521,10.197330
8.118521,10.197330
8.118521,10.197330
8.118521,10.197330
8.118521,10.197330
8.118521,10.197330
8.118521,10.197330
8.118521,10.197330
8.118521,10.197330
8.118521,10.197330
8.118521,10.197330
8.118521,10.197330
8.118521,10.197330
8.118521,10.197330
8.118521,10.197330
8.118521,10.197330
8.118521,10.197330
8.118521,10.197330
8.118521,10.197330
8.118521,10.197330
8.118521,10.197330
8.118521,10.197330
8.118521,10.197330
8.118521,10.197330
8.118521,10.197330
8.118521,10.197330
8.118521,10.197330
8.118521,10.197330
8.118521,10.197330
8.118521,10.197330
8.118521,10.197330
8.118521,10.197330
8.118521,10.197330
8.118521,10.197330
8.118521,10.197330
8.118521,10.197330
8.118521,10.197330
8.118521,10.197330
8.118521,10.197330
8.118521,10.197330
8.118521,10.197330
8.118521,10.197330
8.118521,10.197330
8.118521,10.197330
8.118521,10.197330
8.118521,10.197330
8.118521,10.197330
8.118521,10.197330
8.118521,10.197330
8.118521,10.197330
8.118521,10.197330
8.118521,10.197330
8.118521,10.197330
8.118521,10.197330
8.118521,10.197330
8.118521,10.197330
8.118521,10.197330
8.118521,10.197330
8.118521,10.197330
8.118521,10.197330
8.118521,10.197330
8.118521,10.197330
8.118521,10.197330
8.118521,10.197330
8.118521,10.197330
8.118521,10.197330
8.118521,10.197330
8.118521,10.197330
8.118521,10.197330
8.118521,10.197330
8.118521,10.197330
8.118521,10.197330
8.118521,10.197330
8.118521,10.197330
8.118521,10.197330
8.118521,10.197330
8.118521,10.197330
8.118521,10.197330
8.118521,10.197330
8.118521,10.197330
8.118521,10.197330
8.118521,10.197330
8.118521,10.197330
8.118521,10.197330
8.118521,10.197330
8.118521,10.197330
8.118521,10.197330
8.118521,10.197330
8.118521,10.197330
8.118521,10.197330
8.118521,10.197330
8.118521,10.197330
8.118521,10.197330
8.118521,10.197330
8.118521,10.197330
8.118521,10.197330
8.118521,10.197330
8.118521,10.197330
8.118521,10.197330
8.118521,10.197330
8.118521,10.197330
8.118521,10.197330
8.118521,10.197330
8.118521,10.197330
8.118521,10.197330
8.118521,10.197330
8.118521,10.197330
8.118521,10.197330
8.118521,10.197330
8.118521,10.197330
8.118521,10.197330
8.118521,10.197330
8.118521,10.197330
8.118521,10.197330
8.118521,10.197330
8.118521,10.197330
8.118521,10.197330
8.118521,10.197330
8.118521,10.197330
8.118521,10.197330
8.118521,10.197330
8.118521,10.197330
8.118521,10.197330
8.118521,10.197330
8.118521,10.197330
8.118521,10.197330
8.118521,10.197330
8.118521,10.197330
8.118521,10.197330
8.118521,10.197330
8.118521,10.197330
8.118521,10.197330
8.118521,10.197330
8.118521,10.197330
8.118521,10.197330
8.118521,10.197330
8.118521,10.197330
8.118521,10.197330
8.118521,10.197330
8.118521,10.197330
8.118521,10.197330
8.118521,10.197330
8.118521,10.197330
8.118521,10.197330
8.118521,10.197330
8.118521,10.197330
8.118521,10.197330
8.118521,10.197330
8.118521,10.197330
8.118521,10.197330
8.118521,10.197330
8.118521,10.197330
8.118521,10.197330
8.118521,10.197330
8.118521,10.197330
8.118521,10.197330
8.118521,10.197330
8.118521,10.197330
8.118521,10.197330
8.118521,10.197330
8.118521,10.197330
8.118521,10.197330
8.118521,10.197330
8.118521,10.197330
8.118521,10.197330
8.118521,10.197330
8.118521,10.197330
8.118521,10.197330
8.118521,10.197330
8.118521,10.197330
8.118521,10.197330
8.118521,10.197330
8.118521,10.197330
8.118521,10.197330
8.118521,10.197330
8.118521,10.197330
8.118521,10.197330
8.118521,10.197330
8.118521,10.197330
8.118521,10.197330
8.118521,10.197330
8.118521,10.197330
8.118521,10.197330
8.118521,10.197330
8.118521,10.197330
8.118521,10.197330
8.118521,10.197330
8.118521,10.197330
8.118521,10.197330
8.118521,10.197330
8.118521,10.197330
8.118521,10.197330
8.118521,10.197330
8.118521,10.197330
8.118521,10.197330
8.118521,10.197330
8.118521,10.197330
8.118521,10.197330
8.118521,10.197330
8.118521,10.197330
8.118521,10.197330
8.118521,10.197330
8.118521,10.197330
8.118521,10.197330
8.118521,10.197330
8.118521,10.197330
8.118521,10.197330
8.118521,10.197330
8.118521,10.197330
8.118521,10.197330
8.118521,10.197330
8.118521,10.197330
8.118521,10.197330
8.118521,10.197330
8.118521,10.197330
8.118521,10.197330
8.118521,10.197330
8.118521,10.197330
8.118521,10.197330
8.118521,10.197330
8.118521,10.197330
8.118521,10.197330
8.118521,10.197330
8.118521,10.197330
8.118521,10.197330
8.118521,10.197330
8.118521,10.197330
8.118521,10.197330
8.118521,10.197330
8.118521,10.197330
8.118521,10.197330
8.118521,10.197330
8.118521,10.197330
8.118521,10.197330
8.118521,10.197330
8.118521,10.197330
8.118521,10.197330
8.118521,10.197330
8.118521,10.197330
8.118521,10.197330
8.118521,10.197330
8.118521,10.197330
8.118521,10.197330
8.118521,10.197330
8.118521,10.197330
8.118521,10.197330
8.118521,10.197330
8.118521,10.197330
8.118521,10.197330
8.118521,10.197330
8.118521,10.197330
8.118521,10.197330
8.118521,10.197330
8.118521,10.197330
8.118521,10.197330
8.118521,10.197330
8.118521,10.197330
8.118521,10.197330
8.118521,10.197330
8.118521,10.197330
8.118521,10.197330
8.118521,10.197330
8.118521,10.197330
8.118521,10.197330
8.118521,10.197330
8.118521,10.197330
8.118521,10.197330
8.118521,10.197330
8.118521,10.197330
8.118521,10.197330
8.118521,10.197330
8.118521,10.197330
8.118521,10.197330
8.118521,10.197330
8.118521,10.197330
8.118521,10.197330
8.118521,10.197330
8.118521,10.197330
8.118521,10.197330
8.118521,10.197330
8.118521,10.197330
8.118521,10.197330
8.118521,10.197330
8.118521,10.197330
8.118521,10.197330
8.118521,10.197330
8.118521,10.197330
8.118521,10.197330
8.118521,10.197330
8.118521,10.197330
8.118521,10.197330
8.118521,10.197330
8.118521,10.197330
8.118521,10.197330
8.118521,10.197330
8.118521,10.197330
8.118521,10.197330
8.118521,10.197330
8.118521,10.197330
8.118521,10.197330
8.118521,10.197330
8.118521,10.197330
8.118521,10.197330
8.118521,10.197330
8.118521,10.197330
8.118521,10.197330
8.118521,10.197330
8.118521,10.197330
8.118521,10.197330
8.118521,10.197330
8.118521,10.197330
8.118521,10.197330
8.118521,10.197330
8.118521,10.197330
8.118521,10.197330
8.118521,10.197330
8.118521,10.197330
8.118521,10.197330
8.118521,10.197330
8.118521,10.197330
8.118521,10.197330
8.118521,10.197330
8.118521,10.197330
8.118521,10.197330
8.118521,10.197330
8.118521,10.197330
8.118521,10.197330
8.118521,10.197330
8.118521,10.197330
8.118521,10.197330
8.118521,10.197330
8.118521,10.197330
8.118521,10.197330
8.118521,10.197330
8.118521,10.197330
8.118521,10.197330
8.118521,10.197330
8.118521,10.197330
8.118521,10.197330
8.118521,10.197330
8.118521,10.197330
8.118521,10.197330
8.118521,10.197330
8.118521,10.197330
8.118521,10.197330
8.118521,10.197330
8.118521,10.197330
8.118521,10.197330
8.118521,10.197330
8.118521,10.197330
8.118521,10.197330
8.118521,10.197330
8.118521,10.197330
8.118521,10.197330
8.118521,10.197330
8.118521,10.197330
8.118521,10.197330
8.118521,10.197330
8.118521,10.197330
8.118521,10.197330
8.118521,10.197330
8.118521,10.197330
8.118521,10.197330
8.118521,10.197330
8.118521,10.197330
8.118521,10.197330
8.118521,10.197330
8.118521,10.197330
8.118521,10.197330
8.118521,10.197330
8.118521,10.197330
8.118521,10.197330
8.118521,10.197330
8.118521,10.197330
8.118521,10.197330
8.118521,10.197330
8.118521,10.197330
8.118521,10.197330
8.118521,10.197330
8.118521,10.197330
8.118521,10.197330
8.118521,10.197330
8.118521,10.197330
8.118521,10.197330
8.118521,10.197330
8.118521,10.197330
8.118521,10.197330
8.118521,10.197330
8.118521,10.197330
8.118521,10.197330
8.118521,10.197330
8.118521,10.197330
8.118521,10.197330
8.118521,10.197330
8.118521,10.197330
8.118521,10.197330
8.118521,10.197330
8.118521,10.197330
8.118521,10.197330
8.118521,10.197330
8.118521,10.197330
8.118521,10.197330
8.118521,10.197330
8.118521,10.197330
8.118521,10.197330
8.118521,10.197330
8.118521,10.197330
8.118521,10.197330
8.118521,10.197330
8.118521,10.197330
8.118521,10.197330
8.118521,10.197330
8.118521,10.197330
8.118521,10.197330
8.118521,10.197330
8.118521,10.197330
8.118521,10.197330
8.118521,10.197330
8.118521,10.197330
8.118521,10.197330
8.118521,10.197330
8.118521,10.197330
8.118521,10.197330
8.118521,10.197330
8.118521,10.197330
8.118521,10.197330
8.118521,10.197330
8.118521,10.197330
8.118521,10.197330
8.118521,10.197330
8.118521,10.197330
8.118521,10.197330
8.118521,10.197330
8.118521,10.197330
8.118521,10.197330
8.118521,10.197330
8.118521,10.197330
8.118521,10.197330
8.118521,10.197330
8.118521,10.197330
8.118521,10.197330
8.118521,10.197330
8.118521,10.197330
8.118521,10.197330
8.118521,10.197330
8.118521,10.197330
8.118521,10.197330
8.118521,10.197330
8.118521,10.197330
8.118521,10.197330
8.118521,10.197330
8.118521,10.197330
8.118521,10.197330
8.118521,10.197330
8.118521,10.197330
8.118521,10.197330
8.118521,10.197330
8.118521,10.197330
8.118521,10.197330
8.118521,10.197330
8.118521,10.197330
8.118521,10.197330
8.118521,10.197330
8.118521,10.197330
8.118521,10.197330
8.118521,10.197330
8.118521,10.197330
8.118521,10.197330
8.118521,10.197330
8.118521,10.197330
8.118521,10.197330
8.118521,10.197330
8.118521,10.197330
8.118521,10.197330
8.118521,10.197330
8.118521,10.197330
8.118521,10.197330
8.118521,10.197330
8.118521,10.197330
8.118521,10.197330
8.118521,10.197330
8.118521,10.197330
8.118521,10.197330
8.118521,10.197330
8.118521,10.197330
8.118521,10.197330
8.118521,10.197330
8.118521,10.197330
8.118521,10.197330
8.118521,10.197330
8.118521,10.197330
8.118521,10.197330
8.118521,10.197330
8.118521,10.197330
8.118521,10.197330
8.118521,10.197330
8.118521,10.197330
8.118521,10.197330
8.118521,10.197330
8.118521,10.197330
8.118521,10.197330
8.118521,10.197330
8.118521,10.197330
8.118521,10.197330
8.118521,10.197330
8.118521,10.197330
8.118521,10.197330
8.118521,10.197330
8.118521,10.197330
8.118521,10.197330
8.118521,10.197330
8.118521,10.197330
8.118521,10.197330
8.118521,10.197330
8.118521,10.197330
8.118521,10.197330
8.118521,10.197330
8.118521,10.197330
8.118521,10.197330
8.118521,10.197330
8.118521,10.197330
8.118521,10.197330
8.118521,10.197330
8.118521,10.197330
8.118521,10.197330
8.118521,10.197330
8.118521,10.197330
8.118521,10.197330
8.118521,10.197330
8.118521,10.197330
8.118521,10.197330
8.118521,10.197330
8.118521,10.197330
8.118521,10.197330
8.118521,10.197330
8.118521,10.197330
8.118521,10.197330
8.118521,10.197330
8.118521,10.197330
8.118521,10.197330
8.118521,10.197330
8.118521,10.197330
8.118521,10.197330
8.118521,10.197330
8.118521,10.197330
8.118521,10.197330
8.118521,10.197330
8.118521,10.197330
8.118521,10.197330
8.118521,10.197330
8.118521,10.197330
8.118521,10.197330
8.118521,10.197330
8.118521,10.197330
8.118521,10.197330
8.118521,10.197330
8.118521,10.197330
8.118521,10.197330
8.118521,10.197330
8.118521,10.197330
8.118521,10.197330
8.118521,10.197330
8.118521,10.197330
8.118521,10.197330
8.118521,10.197330
8.118521,10.197330
8.118521,10.197330
8.118521,10.197330
8.118521,10.197330
8.118521,10.197330
8.118521,10.197330
8.118521,10.197330
8.118521,10.197330
8.118521,10.197330
8.118521,10.197330
8.118521,10.197330
8.118521,10.197330
8.118521,10.197330
8.118521,10.197330
8.118521,10.197330
8.118521,10.197330
8.118521,10.197330
8.118521,10.197330
8.118521,10.197330
8.118521,10.197330
8.118521,10.197330
8.118521,10.197330
8.118521,10.197330
8.118521,10.197330
8.118521,10.197330
8.118521,10.197330
8.118521,10.197330
8.118521,10.197330
8.118521,10.197330
8.118521,10.197330
8.118521,10.197330
8.118521,10.197330
8.118521,10.197330
8.118521,10.197330
8.118521,10.197330
8.118521,10.197330
8.118521,10.197330
8.118521,10.197330
8.118521,10.197330
8.118521,10.197330
8.118521,10.197330
8.118521,10.197330
8.118521,10.197330
8.118521,10.197330
8.118521,10.197330
8.118521,10.197330
8.118521,10.197330
8.118521,10.197330
8.118521,10.197330
8.118521,10.197330
8.118521,10.197330
8.118521,10.197330
8.118521,10.197330
8.118521,10.197330
8.118521,10.197330
8.118521,10.197330
8.118521,10.197330
8.118521,10.197330
8.118521,10.197330
8.118521,10.197330
8.118521,10.197330
8.118521,10.197330
8.118521,10.197330
8.118521,10.197330
8.118521,10.197330
8.118521,10.197330
8.118521,10.197330
8.118521,10.197330
8.118521,10.197330
8.118521,10.197330
8.118521,10.197330
8.118521,10.197330
8.118521,10.197330
8.118521,10.197330
8.118521,10.197330
8.118521,10.197330
8.118521,10.197330
8.118521,10.197330
8.118521,10.197330
8.118521,10.197330
8.118521,10.197330
8.118521,10.197330
8.118521,10.197330
8.118521,10.197330
8.118521,10.197330
8.118521,10.197330
8.118521,10.197330
8.118521,10.197330
8.118521,10.197330
8.118521,10.197330
8.118521,10.197330
8.118521,10.197330
8.118521,10.197330
8.118521,10.197330
8.118521,10.197330
8.118521,10.197330
8.118521,10.197330
8.118521,10.197330
8.118521,10.197330
8.118521,10.197330
8.118521,10.197330
8.118521,10.197330
8.118521,10.197330
8.118521,10.197330
8.118521,10.197330
8.118521,10.197330
8.118521,10.197330
8.118521,10.197330
8.118521,10.197330
8.118521,10.197330
8.118521,10.197330
8.118521,10.197330
8.118521,10.197330
8.118521,10.197330
8.118521,10.197330
8.118521,10.197330
8.118521,10.197330
8.118521,10.197330
8.118521,10.197330
8.118521,10.197330
8.118521,10.197330
8.118521,10.197330
8.118521,10.197330
8.118521,10.197330
8.118521,10.197330
8.118521,10.197330
8.118521,10.197330
8.118521,10.197330
8.118521,10.197330
8.118521,10.197330
8.118521,10.197330
8.118521,10.197330
8.118521,10.197330
8.118521,10.197330
8.118521,10.197330
8.118521,10.197330
8.118521,10.197330
8.118521,10.197330
8.118521,10.197330
8.118521,10.197330
8.118521,10.197330
8.118521,10.197330
8.118521,10.197330
8.118521,10.197330
8.118521,10.197330
8.118521,10.197330
8.118521,10.197330
8.118521,10.197330
8.118521,10.197330
8.118521,10.197330
8.118521,10.197330
8.118521,10.197330
8.118521,10.197330
8.118521,10.197330
8.118521,10.197330
8.118521,10.197330
8.118521,10.197330
8.118521,10.197330
8.118521,10.197330
8.118521,10.197330
8.118521,10.197330
8.118521,10.197330
8.118521,10.197330
8.118521,10.197330
8.118521,10.197330
8.118521,10.197330
8.118521,10.197330
8.118521,10.197330
8.118521,10.197330
8.118521,10.197330
8.118521,10.197330
8.118521,10.197330
8.118521,10.197330
8.118521,10.197330
8.118521,10.197330
8.118521,10.197330
8.118521,10.197330
8.118521,10.197330
8.118521,10.197330
8.118521,10.197330
8.118521,10.197330
8.118521,10.197330
8.118521,10.197330
8.118521,10.197330
8.118521,10.197330
8.118521,10.197330
8.118521,10.197330
8.118521,10.197330
8.118521,10.197330
8.118521,10.197330
8.118521,10.197330
8.118521,10.197330
8.118521,10.197330
8.118521,10.197330
8.118521,10.197330
8.118521,10.197330
8.118521,10.197330
8.118521,10.197330
8.118521,10.197330
8.118521,10.197330
8.118521,10.197330
8.118521,10.197330
8.118521,10.197330
8.118521,10.197330
8.118521,10.197330
8.118521,10.197330
8.118521,10.197330
8.118521,10.197330
8.118521,10.197330
8.118521,10.197330
8.118521,10.197330
8.118521,10.197330
8.118521,10.197330
8.118521,10.197330
8.118521,10.197330
8.118521,10.197330
8.118521,10.197330
8.118521,10.197330
8.118521,10.197330
8.118521,10.197330
8.118521,10.197330
8.118521,10.197330
8.118521,10.197330
8.118521,10.197330
8.118521,10.197330
8.118521,10.197330
8.118521,10.197330
8.118521,10.197330
8.118521,10.197330
8.118521,10.197330
8.118521,10.197330
8.118521,10.197330
8.118521,10.197330
8.118521,10.197330
8.118521,10.197330
8.118521,10.197330
8.118521,10.197330
8.118521,10.197330
8.118521,10.197330
8.118521,10.197330
8.118521,10.197330
8.118521,10.197330
8.118521,10.197330
8.118521,10.197330
8.118521,10.197330
8.118521,10.197330
8.118521,10.197330
8.118521,10.197330
8.118521,10.197330
8.118521,10.197330
8.118521,10.197330
8.118521,10.197330
8.118521,10.197330
8.118521,10.197330
8.118521,10.197330
8.118521,10.197330
8.118521,10.197330
8.118521,10.197330
8.118521,10.197330
8.118521,10.197330
8.118521,10.197330
8.118521,10.197330
8.118521,10.197330
8.118521,10.197330
8.118521,10.197330
8.118521,10.197330
8.118521,10.197330
8.118521,10.197330
8.118521,10.197330
8.118521,10.197330
8.118521,10.197330
8.118521,10.197330
8.118521,10.197330
8.118521,10.197330
8.118521,10.197330
8.118521,10.197330
8.118521,10.197330
8.118521,10.197330
8.118521,10.197330
8.118521,10.197330
8.118521,10.197330
8.118521,10.197330
8.118521,10.197330
8.118521,10.197330
8.118521,10.197330
8.118521,10.197330
8.118521,10.197330
8.118521,10.197330
8.118521,10.197330
8.118521,10.197330
8.118521,10.197330
8.118521,10.197330
8.118521,10.197330
8.118521,10.197330
8.118521,10.197330
8.118521,10.197330
8.118521,10.197330
8.118521,10.197330
8.118521,10.197330
8.118521,10.197330
8.118521,10.197330
8.118521,10.197330
8.118521,10.197330
8.118521,10.197330
8.118521,10.197330
8.118521,10.197330
8.118521,10.197330
8.118521,10.197330
8.118521,10.197330
8.118521,10.197330
8.118521,10.197330
8.118521,10.197330
8.118521,10.197330
8.118521,10.197330
8.118521,10.197330
8.118521,10.197330
8.118521,10.197330
8.118521,10.197330
8.118521,10.197330
8.118521,10.197330
8.118521,10.197330
8.118521,10.197330
8.118521,10.197330
8.118521,10.197330
8.118521,10.197330
8.118521,10.197330
8.118521,10.197330
8.118521,10.197330
8.118521,10.197330
8.118521,10.197330
8.118521,10.197330
8.118521,10.197330
8.118521,10.197330
8.118521,10.197330
8.118521,10.197330
8.118521,10.197330
8.118521,10.197330
8.118521,10.197330
8.118521,10.197330
8.118521,10.197330
8.118521,10.197330
8.118521,10.197330
8.118521,10.197330
8.118521,10.197330
8.118521,10.197330
8.118521,10.197330
8.118521,10.197330
8.118521,10.197330
8.118521,10.197330
8.118521,10.197330
8.118521,10.197330
8.118521,10.197330
8.118521,10.197330
8.118521,10.197330
8.118521,10.197330
8.118521,10.197330
8.118521,10.197330
8.118521,10.197330
8.118521,10.197330
8.118521,10.197330
8.118521,10.197330
8.118521,10.197330
8.118521,10.197330
8.118521,10.197330
8.118521,10.197330
8.118521,10.197330
8.118521,10.197330
8.118521,10.197330
8.118521,10.197330
8.118521,10.197330
8.118521,10.197330
8.118521,10.197330
8.118521,10.197330
8.118521,10.197330
8.118521,10.197330
8.118521,10.197330
8.118521,10.197330
8.118521,10.197330
8.118521,10.197330
8.118521,10.197330
8.118521,10.197330
8.118521,10.197330
8.118521,10.197330
8.118521,10.197330
8.118521,10.197330
8.118521,10.197330
8.118521,10.197330
8.118521,10.197330
8.118521,10.197330
8.118521,10.197330
8.118521,10.197330
8.118521,10.197330
8.118521,10.197330
8.118521,10.197330
8.118521,10.197330
8.118521,10.197330
8.118521,10.197330
8.118521,10.197330
8.118521,10.197330
8.118521,10.197330
8.118521,10.197330
8.118521,10.197330
8.118521,10.197330
8.118521,10.197330
8.118521,10.197330
8.118521,10.197330
8.118521,10.197330
8.118521,10.197330
8.118521,10.197330
8.118521,10.197330
8.118521,10.197330
8.118521,10.197330
8.118521,10.197330
8.118521,10.197330
8.118521,10.197330
8.118521,10.197330
8.118521,10.197330
8.118521,10.197330
8.118521,10.197330
8.118521,10.197330
8.118521,10.197330
8.118521,10.197330
8.118521,10.197330
8.118521,10.197330
8.118521,10.197330
8.118521,10.197330
8.118521,10.197330
8.118521,10.197330
8.118521,10.197330
8.118521,10.197330
8.118521,10.197330
8.118521,10.197330
8.118521,10.197330
8.118521,10.197330
8.118521,10.197330
8.118521,10.197330
8.118521,10.197330
8.118521,10.197330
8.118521,10.197330
8.118521,10.197330
8.118521,10.197330
8.118521,10.197330
8.118521,10.197330
8.118521,10.197330
8.118521,10.197330
8.118521,10.197330
8.118521,10.197330
8.118521,10.197330
8.118521,10.197330
8.118521,10.197330
8.118521,10.197330
8.118521,10.197330
8.118521,10.197330
8.118521,10.197330
8.118521,10.197330
8.118521,10.197330
8.118521,10.197330
8.118521,10.197330
8.118521,10.197330
8.118521,10.197330
8.118521,10.197330
8.118521,10.197330
8.118521,10.197330
8.118521,10.197330
8.118521,10.197330
8.118521,10.197330
8.118521,10.197330
8.118521,10.197330
8.118521,10.197330
8.118521,10.197330
8.118521,10.197330
8.118521,10.197330
8.118521,10.197330
8.118521,10.197330
8.118521,10.197330
8.118521,10.197330
8.118521,10.197330
8.118521,10.197330
8.118521,10.197330
8.118521,10.197330
8.118521,10.197330
8.118521,10.197330
8.118521,10.197330
8.118521,10.197330
8.118521,10.197330
8.118521,10.197330
8.118521,10.197330
8.118521,10.197330
8.118521,10.197330
8.118521,10.197330
8.118521,10.197330
8.118521,10.197330
8.118521,10.197330
8.118521,10.197330
8.118521,10.197330
8.118521,10.197330
8.118521,10.197330
8.118521,10.197330
8.118521,10.197330
8.118521,10.197330
8.118521,10.197330
8.118521,10.197330
8.118521,10.197330
8.118521,10.197330
8.118521,10.197330
8.118521,10.197330
8.118521,10.197330
8.118521,10.197330
8.118521,10.197330
8.118521,10.197330
8.118521,10.197330
8.118521,10.197330
8.118521,10.197330
8.118521,10.197330
8.118521,10.197330
8.118521,10.197330
8.118521,10.197330
8.118521,10.197330
8.118521,10.197330
8.118521,10.197330
8.118521,10.197330
8.118521,10.197330
8.118521,10.197330
8.118521,10.197330
8.118521,10.197330
8.118521,10.197330
8.118521,10.197330
8.118521,10.197330
8.118521,10.197330
8.118521,10.197330
8.118521,10.197330
8.118521,10.197330
8.118521,10.197330
8.118521,10.197330
8.118521,10.197330
8.118521,10.197330
8.118521,10.197330
8.118521,10.197330
8.118521,10.197330
8.118521,10.197330
8.118521,10.197330
8.118521,10.197330
8.118521,10.197330
8.118521,10.197330
8.118521,10.197330
8.118521,10.197330
8.118521,10.197330
8.118521,10.197330
8.118521,10.197330
8.118521,10.197330
8.118521,10.197330
8.118521,10.197330
8.118521,10.197330
8.118521,10.197330
8.118521,10.197330
8.118521,10.197330
8.118521,10.197330
8.118521,10.197330
8.118521,10.197330
8.118521,10.197330
8.118521,10.197330
8.118521,10.197330
8.118521,10.197330
8.118521,10.197330
8.118521,10.197330
8.118521,10.197330
8.118521,10.197330
8.118521,10.197330
8.118521,10.197330
8.118521,10.197330
8.118521,10.197330
8.118521,10.197330
8.118521,10.197330
8.118521,10.197330
8.118521,10.197330
8.118521,10.197330
8.118521,10.197330
8.118521,10.197330
8.118521,10.197330
8.118521,10.197330
8.118521,10.197330
8.118521,10.197330
8.118521,10.197330
8.118521,10.197330
8.118521,10.197330
8.118521,10.197330
8.118521,10.197330
8.118521,10.197330
8.118521,10.197330
8.118521,10.197330
8.118521,10.197330
8.118521,10.197330
8.118521,10.197330
8.118521,10.197330
8.118521,10.197330
8.118521,10.197330
8.118521,10.197330
8.118521,10.197330
8.118521,10.197330
8.118521,10.197330
8.118521,10.197330
8.118521,10.197330
8.118521,10.197330
8.118521,10.197330
8.118521,10.197330
8.118521,10.197330
8.118521,10.197330
8.118521,10.197330
8.118521,10.197330
8.118521,10.197330
8.118521,10.197330
8.118521,10.197330
8.118521,10.197330
8.118521,10.197330
8.118521,10.197330
8.118521,10.197330
8.118521,10.197330
8.118521,10.197330
8.118521,10.197330
8.118521,10.197330
8.118521,10.197330
8.118521,10.197330
8.118521,10.197330
8.118521,10.197330
8.118521,10.197330
8.118521,10.197330
8.118521,10.197330
8.118521,10.197330
8.118521,10.197330
8.118521,10.197330
8.118521,10.197330
8.118521,10.197330
8.118521,10.197330
8.118521,10.197330
8.118521,10.197330
8.118521,10.197330
8.118521,10.197330
8.118521,10.197330
8.118521,10.197330
8.118521,10.197330
8.118521,10.197330
8.118521,10.197330
8.118521,10.197330
8.118521,10.197330
8.118521,10.197330
8.118521,10.197330
8.118521,10.197330
8.118521,10.197330
8.118521,10.197330
8.118521,10.197330
8.118521,10.197330
8.118521,10.197330
8.118521,10.197330
8.118521,10.197330
8.118521,10.197330
8.118521,10.197330
8.118521,10.197330
8.118521,10.197330
8.118521,10.197330
8.118521,10.197330
8.118521,10.197330
8.118521,10.197330
8.118521,10.197330
8.118521,10.197330
8.118521,10.197330
8.118521,10.197330
8.118521,10.197330
8.118521,10.197330
8.118521,10.197330
8.118521,10.197330
8.118521,10.197330
8.118521,10.197330
8.118521,10.197330
8.118521,10.197330
8.118521,10.197330
8.118521,10.197330
8.118521,10.197330
8.118521,10.197330
8.118521,10.197330
8.118521,10.197330
8.118521,10.197330
8.118521,10.197330
8.118521,10.197330
8.118521,10.197330
8.118521,10.197330
8.118521,10.197330
8.118521,10.197330
8.118521,10.197330
8.118521,10.197330
8.118521,10.197330
8.118521,10.197330
8.118521,10.197330
8.118521,10.197330
8.118521,10.197330
8.118521,10.197330
8.118521,10.197330
8.118521,10.197330
8.118521,10.197330
8.118521,10.197330
8.118521,10.197330
8.118521,10.197330
8.118521,10.197330
8.118521,10.197330
8.118521,10.197330
8.118521,10.197330
8.118521,10.197330
8.118521,10.197330
8.118521,10.197330
8.118521,10.197330
8.118521,10.197330
8.118521,10.197330
8.118521,10.197330
8.118521,10.197330
8.118521,10.197330
8.118521,10.197330
8.118521,10.197330
8.118521,10.197330
8.118521,10.197330
8.118521,10.197330
8.118521,10.197330
8.118521,10.197330
8.118521,10.197330
8.118521,10.197330
8.118521,10.197330
8.118521,10.197330
8.118521,10.197330
8.118521,10.197330
8.118521,10.197330
8.118521,10.197330
8.118521,10.197330
8.118521,10.197330
8.118521,10.197330
8.118521,10.197330
8.118521,10.197330
8.118521,10.197330
8.118521,10.197330
8.118521,10.197330
8.118521,10.197330
8.118521,10.197330
8.118521,10.197330
8.118521,10.197330
8.118521,10.197330
8.118521,10.197330
8.118521,10.197330
8.118521,10.197330
8.118521,10.197330
8.118521,10.197330
8.118521,10.197330
8.118521,10.197330
8.118521,10.197330
8.118521,10.197330
8.118521,10.197330
8.118521,10.197330
8.118521,10.197330
8.118521,10.197330
8.118521,10.197330
8.118521,10.197330
8.118521,10.197330
8.118521,10.197330
8.118521,10.197330
8.118521,10.197330
8.118521,10.197330
8.118521,10.197330
8.118521,10.197330
8.118521,10.197330
8.118521,10.197330
8.118521,10.197330
8.118521,10.197330
8.118521,10.197330
8.118521,10.197330
8.118521,10.197330
8.118521,10.197330
8.118521,10.197330
8.118521,10.197330
8.118521,10.197330
8.118521,10.197330
8.118521,10.197330
8.118521,10.197330
8.118521,10.197330
8.118521,10.197330
8.118521,10.197330
8.118521,10.197330
8.118521,10.197330
8.118521,10.197330
8.118521,10.197330
8.118521,10.197330
8.118521,10.197330
8.118521,10.197330
8.118521,10.197330
8.118521,10.197330
8.118521,10.197330
8.118521,10.197330
8.118521,10.197330
8.118521,10.197330
8.118521,10.197330
8.118521,10.197330
8.118521,10.197330
8.118521,10.197330
8.118521,10.197330
8.118521,10.197330
8.118521,10.197330
8.118521,10.197330
8.118521,10.197330
8.118521,10.197330
8.118521,10.197330
8.118521,10.197330
8.118521,10.197330
8.118521,10.197330
8.118521,10.197330
8.118521,10.197330
8.118521,10.197330
8.118521,10.197330
8.118521,10.197330
8.118521,10.197330
8.118521,10.197330
8.118521,10.197330
8.118521,10.197330
8.118521,10.197330
8.118521,10.197330
8.118521,10.197330
8.118521,10.197330
8.118521,10.197330
8.118521,10.197330
8.118521,10.197330
8.118521,10.197330
8.118521,10.197330
8.118521,10.197330
8.118521,10.197330
8.118521,10.197330
8.118521,10.197330
8.118521,10.197330
8.118521,10.197330
8.118521,10.197330
8.118521,10.197330
8.118521,10.197330
8.118521,10.197330
8.118521,10.197330
8.118521,10.197330
8.118521,10.197330
8.118521,10.197330
8.118521,10.197330
8.118521,10.197330
8.118521,10.197330
8.118521,10.197330
8.118521,10.197330
8.118521,10.197330
8.118521,10.197330
8.118521,10.197330
8.118521,10.197330
8.118521,10.197330
8.118521,10.197330
8.118521,10.197330
8.118521,10.197330
8.118521,10.197330
8.118521,10.197330
8.118521,10.197330
8.118521,10.197330
8.118521,10.197330
8.118521,10.197330
8.118521,10.197330
8.118521,10.197330
8.118521,10.197330
8.118521,10.197330
8.118521,10.197330
8.118521,10.197330
8.118521,10.197330
8.118521,10.197330
8.118521,10.197330
8.118521,10.197330
8.118521,10.197330
8.118521,10.197330
8.118521,10.197330
8.118521,10.197330
8.118521,10.197330
8.118521,10.197330
8.118521,10.197330
8.118521,10.197330
8.118521,10.197330
8.118521,10.197330
8.118521,10.197330
8.118521,10.197330
8.118521,10.197330
8.118521,10.197330
8.118521,10.197330
8.118521,10.197330
8.118521,10.197330
8.118521,10.197330
8.118521,10.197330
8.118521,10.197330
8.118521,10.197330
8.118521,10.197330
8.118521,10.197330
8.118521,10.197330
8.118521,10.197330
8.118521,10.197330
8.118521,10.197330
8.118521,10.197330
8.118521,10.197330
8.118521,10.197330
8.118521,10.197330
8.118521,10.197330
8.118521,10.197330
8.118521,10.197330
8.118521,10.197330
8.118521,10.197330
8.118521,10.197330
8.118521,10.197330
8.118521,10.197330
8.118521,10.197330
8.118521,10.197330
8.118521,10.197330
8.118521,10.197330
8.118521,10.197330
8.118521,10.197330
8.118521,10.197330
8.118521,10.197330
8.118521,10.197330
8.118521,10.197330
8.118521,10.197330
8.118521,10.197330
8.118521,10.197330
8.118521,10.197330
8.118521,10.197330
8.118521,10.197330
8.118521,10.197330
8.118521,10.197330
8.118521,10.197330
8.118521,10.197330
8.118521,10.197330
8.118521,10.197330
8.118521,10.197330
8.118521,10.197330
8.118521,10.197330
8.118521,10.197330
8.118521,10.197330
8.118521,10.197330
8.118521,10.197330
8.118521,10.197330
8.118521,10.197330
8.118521,10.197330
8.118521,10.197330
8.118521,10.197330
8.118521,10.197330
8.118521,10.197330
8.118521,10.197330
8.118521,10.197330
8.118521,10.197330
8.118521,10.197330
8.118521,10.197330
8.118521,10.197330
8.118521,10.197330
8.118521,10.197330
8.118521,10.197330
8.118521,10.197330
8.118521,10.197330
8.118521,10.197330
8.118521,10.197330
8.118521,10.197330
8.118521,10.197330
8.118521,10.197330
8.118521,10.197330
8.118521,10.197330
8.118521,10.197330
8.118521,10.197330
8.118521,10.197330
8.118521,10.197330
8.118521,10.197330
8.118521,10.197330
8.118521,10.197330
8.118521,10.197330
8.118521,10.197330
8.118521,10.197330
8.118521,10.197330
8.118521,10.197330
8.118521,10.197330
8.118521,10.197330
8.118521,10.197330
8.118521,10.197330
8.118521,10.197330
8.118521,10.197330
8.118521,10.197330
8.118521,10.197330
8.118521,10.197330
8.118521,10.197330
8.118521,10.197330
8.118521,10.197330
8.118521,10.197330
8.118521,10.197330
8.118521,10.197330
8.118521,10.197330
8.118521,10.197330
8.118521,10.197330
8.118521,10.197330
8.118521,10.197330
8.118521,10.197330
8.118521,10.197330
8.118521,10.197330
8.118521,10.197330
8.118521,10.197330
8.118521,10.197330
8.118521,10.197330
8.118521,10.197330
8.118521,10.197330
8.118521,10.197330
8.118521,10.197330
8.118521,10.197330
8.118521,10.197330
8.118521,10.197330
8.118521,10.197330
8.118521,10.197330
8.118521,10.197330
8.118521,10.197330
8.118521,10.197330
8.118521,10.197330
8.118521,10.197330
8.118521,10.197330
8.118521,10.197330
8.118521,10.197330
8.118521,10.197330
8.118521,10.197330
8.118521,10.197330
8.118521,10.197330
8.118521,10.197330
8.118521,10.197330
8.118521,10.197330
8.118521,10.197330
8.118521,10.197330
8.118521,10.197330
8.118521,10.197330
8.118521,10.197330
8.118521,10.197330
8.118521,10.197330
8.118521,10.197330
8.118521,10.197330
8.118521,10.197330
8.118521,10.197330
8.118521,10.197330
8.118521,10.197330
8.118521,10.197330
8.118521,10.197330
8.118521,10.197330
8.118521,10.197330
8.118521,10.197330
8.118521,10.197330
8.118521,10.197330
8.118521,10.197330
8.118521,10.197330
8.118521,10.197330
8.118521,10.197330
8.118521,10.197330
8.118521,10.197330
8.118521,10.197330
8.118521,10.197330
8.118521,10.197330
8.118521,10.197330
8.118521,10.197330
8.118521,10.197330
8.118521,10.197330
8.118521,10.197330
8.118521,10.197330
8.118521,10.197330
8.118521,10.197330
8.118521,10.197330
8.118521,10.197330
8.118521,10.197330
8.118521,10.197330
8.118521,10.197330
8.118521,10.197330
8.118521,10.197330
8.118521,10.197330
8.118521,10.197330
8.118521,10.197330
8.118521,10.197330
8.118521,10.197330
8.118521,10.197330
8.118521,10.197330
8.118521,10.197330
8.118521,10.197330
8.118521,10.197330
8.118521,10.197330
8.118521,10.197330
8.118521,10.197330
8.118521,10.197330
8.118521,10.197330
8.118521,10.197330
8.118521,10.197330
8.118521,10.197330
8.118521,10.197330
8.118521,10.197330
8.118521,10.197330
8.118521,10.197330
8.118521,10.197330
8.118521,10.197330
8.118521,10.197330
8.118521,10.197330
8.118521,10.197330
8.118521,10.197330
8.118521,10.197330
8.118521,10.197330
8.118521,10.197330
8.118521,10.197330
8.118521,10.197330
8.118521,10.197330
8.118521,10.197330
8.118521,10.197330
8.118521,10.197330
8.118521,10.197330
8.118521,10.197330
8.118521,10.197330
8.118521,10.197330
8.118521,10.197330
8.118521,10.197330
8.118521,10.197330
8.118521,10.197330
8.118521,10.197330
8.118521,10.197330
8.118521,10.197330
8.118521,10.197330
8.118521,10.197330
8.118521,10.197330
8.118521,10.197330
8.118521,10.197330
8.118521,10.197330
8.118521,10.197330
8.118521,10.197330
8.118521,10.197330
8.118521,10.197330
8.118521,10.197330
8.118521,10.197330
8.118521,10.197330
8.118521,10.197330
8.118521,10.197330
8.118521,10.197330
8.118521,10.197330
8.118521,10.197330
8.118521,10.197330
8.118521,10.197330
8.118521,10.197330
8.118521,10.197330
8.118521,10.197330
8.118521,10.197330
8.118521,10.197330
8.118521,10.197330
8.118521,10.197330
8.118521,10.197330
8.118521,10.197330
8.118521,10.197330
8.118521,10.197330
8.118521,10.197330
8.118521,10.197330
8.118521,10.197330
8.118521,10.197330
8.118521,10.197330
8.118521,10.197330
8.118521,10.197330
8.118521,10.197330
8.118521,10.197330
8.118521,10.197330
8.118521,10.197330
8.118521,10.197330
8.118521,10.197330
8.118521,10.197330
8.118521,10.197330
8.118521,10.197330
8.118521,10.197330
8.118521,10.197330
8.118521,10.197330
8.118521,10.197330
8.118521,10.197330
8.118521,10.197330
8.118521,10.197330
8.118521,10.197330
8.118521,10.197330
8.118521,10.197330
8.118521,10.197330
8.118521,10.197330
8.118521,10.197330
8.118521,10.197330
8.118521,10.197330
8.118521,10.197330
8.118521,10.197330
8.118521,10.197330
8.118521,10.197330
8.118521,10.197330
8.118521,10.197330
8.118521,10.197330
8.118521,10.197330
8.118521,10.197330
8.118521,10.197330
8.118521,10.197330
8.118521,10.197330
8.118521,10.197330
8.118521,10.197330
8.118521,10.197330
8.118521,10.197330
8.118521,10.197330
8.118521,10.197330
8.118521,10.197330
8.118521,10.197330
8.118521,10.197330
8.118521,10.197330
8.118521,10.197330
8.118521,10.197330
8.118521,10.197330
8.118521,10.197330
8.118521,10.197330
8.118521,10.197330
8.118521,10.197330
8.118521,10.197330
8.118521,10.197330
8.118521,10.197330
8.118521,10.197330
8.118521,10.197330
8.118521,10.197330
8.118521,10.197330
8.118521,10.197330
8.118521,10.197330
8.118521,10.197330
8.118521,10.197330
8.118521,10.197330
8.118521,10.197330
8.118521,10.197330
8.118521,10.197330
8.118521,10.197330
8.118521,10.197330
8.118521,10.197330
8.118521,10.197330
8.118521,10.197330
8.118521,10.197330
8.118521,10.197330
8.118521,10.197330
8.118521,10.197330
8.118521,10.197330
8.118521,10.197330
8.118521,10.197330
8.118521,10.197330
8.118521,10.197330
8.118521,10.197330
8.118521,10.197330
8.118521,10.197330
8.118521,10.197330
8.118521,10.197330
8.118521,10.197330
8.118521,10.197330
8.118521,10.197330
8.118521,10.197330
8.118521,10.197330
8.118521,10.197330
8.118521,10.197330
8.118521,10.197330
8.118521,10.197330
8.118521,10.197330
8.118521,10.197330
8.118521,10.197330
8.118521,10.197330
8.118521,10.197330
8.118521,10.197330
8.118521,10.197330
8.118521,10.197330
8.118521,10.197330
8.118521,10.197330
8.118521,10.197330
8.118521,10.197330
8.118521,10.197330
8.118521,10.197330
8.118521,10.197330
8.118521,10.197330
8.118521,10.197330
8.118521,10.197330
8.118521,10.197330
8.118521,10.197330
8.118521,10.197330
8.118521,10.197330
8.118521,10.197330
8.118521,10.197330
8.118521,10.197330
8.118521,10.197330
8.118521,10.197330
8.118521,10.197330
8.118521,10.197330
8.118521,10.197330
8.118521,10.197330
8.118521,10.197330
8.118521,10.197330
8.118521,10.197330
8.118521,10.197330
8.118521,10.197330
8.118521,10.197330
8.118521,10.197330
8.118521,10.197330
8.118521,10.197330
8.118521,10.197330
8.118521,10.197330
8.118521,10.197330
8.118521,10.197330
8.118521,10.197330
8.118521,10.197330
8.118521,10.197330
8.118521,10.197330
8.118521,10.197330
8.118521,10.197330
8.118521,10.197330
8.118521,10.197330
8.118521,10.197330
8.118521,10.197330
8.118521,10.197330
8.118521,10.197330
8.118521,10.197330
8.118521,10.197330
8.118521,10.197330
8.118521,10.197330
8.118521,10.197330
8.118521,10.197330
8.118521,10.197330
8.118521,10.197330
8.118521,10.197330
8.118521,10.197330
8.118521,10.197330
8.118521,10.197330
8.118521,10.197330
8.118521,10.197330
8.118521,10.197330
8.118521,10.197330
8.118521,10.197330
8.118521,10.197330
8.118521,10.197330
8.118521,10.197330
8.118521,10.197330
8.118521,10.197330
8.118521,10.197330
8.118521,10.197330
8.118521,10.197330
8.118521,10.197330
8.118521,10.197330
8.118521,10.197330
8.118521,10.197330
8.118521,10.197330
8.118521,10.197330
8.118521,10.197330
8.118521,10.197330
8.118521,10.197330
8.118521,10.197330
8.118521,10.197330
8.118521,10.197330
8.118521,10.197330
8.118521,10.197330
8.118521,10.197330
8.118521,10.197330
8.118521,10.197330
8.118521,10.197330
8.118521,10.197330
8.118521,10.197330
8.118521,10.197330
8.118521,10.197330
8.118521,10.197330
8.118521,10.197330
8.118521,10.197330
8.118521,10.197330
8.118521,10.197330
8.118521,10.197330
8.118521,10.197330
8.118521,10.197330
8.118521,10.197330
8.118521,10.197330
8.118521,10.197330
8.118521,10.197330
8.118521,10.197330
8.118521,10.197330
8.118521,10.197330
8.118521,10.197330
8.118521,10.197330
8.118521,10.197330
8.118521,10.197330
8.118521,10.197330
8.118521,10.197330
8.118521,10.197330
8.118521,10.197330
8.118521,10.197330
8.118521,10.197330
8.118521,10.197330
8.118521,10.197330
8.118521,10.197330
8.118521,10.197330
8.118521,10.197330
8.118521,10.197330
8.118521,10.197330
8.118521,10.197330
8.118521,10.197330
8.118521,10.197330
8.118521,10.197330
8.118521,10.197330
8.118521,10.197330
8.118521,10.197330
8.118521,10.197330
8.118521,10.197330
8.118521,10.197330
8.118521,10.197330
8.118521,10.197330
8.118521,10.197330
8.118521,10.197330
8.118521,10.197330
8.118521,10.197330
8.118521,10.197330
8.118521,10.197330
8.118521,10.197330
8.118521,10.197330
8.118521,10.197330
8.118521,10.197330
8.118521,10.197330
8.118521,10.197330
8.118521,10.197330
8.118521,10.197330
8.118521,10.197330
8.118521,10.197330
8.118521,10.197330
8.118521,10.197330
8.118521,10.197330
8.118521,10.197330
8.118521,10.197330
8.118521,10.197330
8.118521,10.197330
8.118521,10.197330
8.118521,10.197330
8.118521,10.197330
8.118521,10.197330
8.118521,10.197330
8.118521,10.197330
8.118521,10.197330
8.118521,10.197330
8.118521,10.197330
8.118521,10.197330
8.118521,10.197330
8.118521,10.197330
8.118521,10.197330
8.118521,10.197330
8.118521,10.197330
8.118521,10.197330
8.118521,10.197330
8.118521,10.197330
8.118521,10.197330
8.118521,10.197330
8.118521,10.197330
8.118521,10.197330
8.118521,10.197330
8.118521,10.197330
8.118521,10.197330
8.118521,10.197330
8.118521,10.197330
8.118521,10.197330
8.118521,10.197330
8.118521,10.197330
8.118521,10.197330
8.118521,10.197330
8.118521,10.197330
8.118521,10.197330
8.118521,10.197330
8.118521,10.197330
8.118521,10.197330
8.118521,10.197330
8.118521,10.197330
8.118521,10.197330
8.118521,10.197330
8.118521,10.197330
8.118521,10.197330
8.118521,10.197330
8.118521,10.197330
8.118521,10.197330
8.118521,10.197330
8.118521,10.197330
8.118521,10.197330
8.118521,10.197330
8.118521,10.197330
8.118521,10.197330
8.118521,10.197330
8.118521,10.197330
8.118521,10.197330
8.118521,10.197330
8.118521,10.197330
8.118521,10.197330
8.118521,10.197330
8.118521,10.197330
8.118521,10.197330
8.118521,10.197330
8.118521,10.197330
8.118521,10.197330
8.118521,10.197330
8.118521,10.197330
8.118521,10.197330
8.118521,10.197330
8.118521,10.197330
8.118521,10.197330
8.118521,10.197330
8.118521,10.197330
8.118521,10.197330
8.118521,10.197330
8.118521,10.197330
8.118521,10.197330
8.118521,10.197330
8.118521,10.197330
8.118521,10.197330
8.118521,10.197330
8.118521,10.197330
8.118521,10.197330
8.118521,10.197330
8.118521,10.197330
8.118521,10.197330
8.118521,10.197330
8.118521,10.197330
8.118521,10.197330
8.118521,10.197330
8.118521,10.197330
8.118521,10.197330
8.118521,10.197330
8.118521,10.197330
8.118521,10.197330
8.118521,10.197330
8.118521,10.197330
8.118521,10.197330
8.118521,10.197330
8.118521,10.197330
8.118521,10.197330
8.118521,10.197330
8.118521,10.197330
8.118521,10.197330
8.118521,10.197330
8.118521,10.197330
8.118521,10.197330
8.118521,10.197330
8.118521,10.197330
8.118521,10.197330
8.118521,10.197330
8.118521,10.197330
8.118521,10.197330
8.118521,10.197330
8.118521,10.197330
8.118521,10.197330
8.118521,10.197330
8.118521,10.197330
8.118521,10.197330
8.118521,10.197330
8.118521,10.197330
8.118521,10.197330
8.118521,10.197330
8.118521,10.197330
8.118521,10.197330
8.118521,10.197330
8.118521,10.197330
8.118521,10.197330
8.118521,10.197330
8.118521,10.197330
8.118521,10.197330
8.118521,10.197330
8.118521,10.197330
8.118521,10.197330
8.118521,10.197330
8.118521,10.197330
8.118521,10.197330
8.118521,10.197330
8.118521,10.197330
8.118521,10.197330
8.118521,10.197330
8.118521,10.197330
8.118521,10.197330
8.118521,10.197330
8.118521,10.197330
8.118521,10.197330
8.118521,10.197330
8.118521,10.197330
8.118521,10.197330
8.118521,10.197330
8.118521,10.197330
8.118521,10.197330
8.118521,10.197330
8.118521,10.197330
8.118521,10.197330
8.118521,10.197330
8.118521,10.197330
8.118521,10.197330
8.118521,10.197330
8.118521,10.197330
8.118521,10.197330
8.118521,10.197330
8.118521,10.197330
8.118521,10.197330
8.118521,10.197330
8.118521,10.197330
8.118521,10.197330
8.118521,10.197330
8.118521,10.197330
8.118521,10.197330
8.118521,10.197330
8.118521,10.197330
8.118521,10.197330
8.118521,10.197330
8.118521,10.197330
8.118521,10.197330
8.118521,10.197330
8.118521,10.197330
8.118521,10.197330
8.118521,10.197330
8.118521,10.197330
8.118521,10.197330
8.118521,10.197330
8.118521,10.197330
8.118521,10.197330
8.118521,10.197330
8.118521,10.197330
8.118521,10.197330
8.118521,10.197330
8.118521,10.197330
8.118521,10.197330
8.118521,10.197330
8.118521,10.197330
8.118521,10.197330
8.118521,10.197330
8.118521,10.197330
8.118521,10.197330
8.118521,10.197330
8.118521,10.197330
8.118521,10.197330
8.118521,10.197330
8.118521,10.197330
8.118521,10.197330
8.118521,10.197330
8.118521,10.197330
8.118521,10.197330
8.118521,10.197330
8.118521,10.197330
8.118521,10.197330
8.118521,10.197330
8.118521,10.197330
8.118521,10.197330
8.118521,10.197330
8.118521,10.197330
8.118521,10.197330
8.118521,10.197330
8.118521,10.197330
8.118521,10.197330
8.118521,10.197330
8.118521,10.197330
8.118521,10.197330
8.118521,10.197330
8.118521,10.197330
8.118521,10.197330
8.118521,10.197330
8.118521,10.197330
8.118521,10.197330
8.118521,10.197330
8.118521,10.197330
8.118521,10.197330
8.118521,10.197330
8.118521,10.197330
8.118521,10.197330
8.118521,10.197330
8.118521,10.197330
8.118521,10.197330
8.118521,10.197330
8.118521,10.197330
8.118521,10.197330
8.118521,10.197330
8.118521,10.197330
8.118521,10.197330
8.118521,10.197330
8.118521,10.197330
8.118521,10.197330
8.118521,10.197330
8.118521,10.197330
8.118521,10.197330
8.118521,10.197330
8.118521,10.197330
8.118521,10.197330
8.118521,10.197330
8.118521,10.197330
8.118521,10.197330
8.118521,10.197330
8.118521,10.197330
8.118521,10.197330
8.118521,10.197330
8.118521,10.197330
8.118521,10.197330
8.118521,10.197330
8.118521,10.197330
8.118521,10.197330
8.118521,10.197330
8.118521,10.197330
8.118521,10.197330
8.118521,10.197330
8.118521,10.197330
8.118521,10.197330
8.118521,10.197330
8.118521,10.197330
8.118521,10.197330
8.118521,10.197330
8.118521,10.197330
8.118521,10.197330
8.118521,10.197330
8.118521,10.197330
8.118521,10.197330
8.118521,10.197330
8.118521,10.197330
8.118521,10.197330
8.118521,10.197330
8.118521,10.197330
8.118521,10.197330
8.118521,10.197330
8.118521,10.197330
8.118521,10.197330
8.118521,10.197330
8.118521,10.197330
8.118521,10.197330
8.118521,10.197330
8.118521,10.197330
8.118521,10.197330
8.118521,10.197330
8.118521,10.197330
8.118521,10.197330
8.118521,10.197330
8.118521,10.197330
8.118521,10.197330
8.118521,10.197330
8.118521,10.197330
8.118521,10.197330
8.118521,10.197330
8.118521,10.197330
8.118521,10.197330
8.118521,10.197330
8.118521,10.197330
8.118521,10.197330
8.118521,10.197330
8.118521,10.197330
8.118521,10.197330
8.118521,10.197330
8.118521,10.197330
8.118521,10.197330
8.118521,10.197330
8.118521,10.197330
8.118521,10.197330
8.118521,10.197330
8.118521,10.197330
8.118521,10.197330
8.118521,10.197330
8.118521,10.197330
8.118521,10.197330
8.118521,10.197330
8.118521,10.197330
8.118521,10.197330
8.118521,10.197330
8.118521,10.197330
8.118521,10.197330
8.118521,10.197330
8.118521,10.197330
8.118521,10.197330
8.118521,10.197330
8.118521,10.197330
8.118521,10.197330
8.118521,10.197330
8.118521,10.197330
8.118521,10.197330
8.118521,10.197330
8.118521,10.197330
8.118521,10.197330
8.118521,10.197330
8.118521,10.197330
8.118521,10.197330
8.118521,10.197330
8.118521,10.197330
8.118521,10.197330
8.118521,10.197330
8.118521,10.197330
8.118521,10.197330
8.118521,10.197330
8.118521,10.197330
8.118521,10.197330
8.118521,10.197330
8.118521,10.197330
8.118521,10.197330
8.118521,10.197330
8.118521,10.197330
8.118521,10.197330
8.118521,10.197330
8.118521,10.197330
8.118521,10.197330
8.118521,10.197330
8.118521,10.197330
8.118521,10.197330
8.118521,10.197330
8.118521,10.197330
8.118521,10.197330
8.118521,10.197330
8.118521,10.197330
8.118521,10.197330
8.118521,10.197330
8.118521,10.197330
8.118521,10.197330
8.118521,10.197330
8.118521,10.197330
8.118521,10.197330
8.118521,10.197330
8.118521,10.197330
8.118521,10.197330
8.118521,10.197330
8.118521,10.197330
8.118521,10.197330
8.118521,10.197330
8.118521,10.197330
8.118521,10.197330
8.118521,10.197330
8.118521,10.197330
8.118521,10.197330
8.118521,10.197330
8.118521,10.197330
8.118521,10.197330
8.118521,10.197330
8.118521,10.197330
8.118521,10.197330
8.118521,10.197330
8.118521,10.197330
8.118521,10.197330
8.118521,10.197330
8.118521,10.197330
8.118521,10.197330
8.118521,10.197330
8.118521,10.197330
8.118521,10.197330
8.118521,10.197330
8.118521,10.197330
8.118521,10.197330
8.118521,10.197330
8.118521,10.197330
8.118521,10.197330
8.118521,10.197330
8.118521,10.197330
8.118521,10.197330
8.118521,10.197330
8.118521,10.197330
8.118521,10.197330
8.118521,10.197330
8.118521,10.197330
8.118521,10.197330
8.118521,10.197330
8.118521,10.197330
8.118521,10.197330
8.118521,10.197330
8.118521,10.197330
8.118521,10.197330
8.118521,10.197330
8.118521,10.197330
8.118521,10.197330
8.118521,10.197330
8.118521,10.197330
8.118521,10.197330
8.118521,10.197330
8.118521,10.197330
8.118521,10.197330
8.118521,10.197330
8.118521,10.197330
8.118521,10.197330
8.118521,10.197330
8.118521,10.197330
8.118521,10.197330
8.118521,10.197330
8.118521,10.197330
8.118521,10.197330
8.118521,10.197330
8.118521,10.197330
8.118521,10.197330
8.118521,10.197330
8.118521,10.197330
8.118521,10.197330
8.118521,10.197330
8.118521,10.197330
8.118521,10.197330
8.118521,10.197330
8.118521,10.197330
8.118521,10.197330
8.118521,10.197330
8.118521,10.197330
8.118521,10.197330
8.118521,10.197330
8.118521,10.197330
8.118521,10.197330
8.118521,10.197330
8.118521,10.197330
8.118521,10.197330
8.118521,10.197330
8.118521,10.197330
8.118521,10.197330
8.118521,10.197330
8.118521,10.197330
8.118521,10.197330
8.118616,10.197213
8.119115,10.196490
8.119342,10.196992
8.119198,10.196836
8.119384,10.196885
8.119326,10.196786
8.119377,10.196858
8.119348,10.196809
8.119378,10.196815
8.119374,10.196801
8.119374,10.196801
8.119374,10.196801
8.119374,10.196801
8.119331,10.196818
8.119344,10.196812
8.119522,10.196883
8.120950,10.197519
8.124802,10.199820
8.131633,10.203949
8.141045,10.210662
8.143339,10.213202
8.143339,10.213202
8.143339,10.213202
8.143339,10.213202
8.143339,10.213202
8.143339,10.213202
8.143339,10.213202
8.143339,10.213202
8.143339,10.213202
8.143339,10.213202
8.143339,10.213202
8.143339,10.213202
8.143339,10.213202
8.143339,10.213202
8.143339,10.213202
8.143339,10.213202
8.143339,10.213202
8.143339,10.213202
8.143339,10.213202
8.143339,10.213202
8.143339,10.213202
8.143339,10.213202
8.143339,10.213202
8.143339,10.213202
8.143339,10.213202
8.143339,10.213202
8.143339,10.213202
8.143339,10.213202
8.143339,10.213202
8.143339,10.213202
8.143339,10.213202
8.143339,10.213202
8.143339,10.213202
8.143339,10.213202
8.143339,10.213202
8.143339,10.213202
8.143339,10.213202
8.143339,10.213202
8.143339,10.213202
8.143339,10.213202
8.143339,10.213202
8.143339,10.213202
8.143339,10.213202
8.143339,10.213202
8.143339,10.213202
8.143339,10.213202
8.143339,10.213202
8.143339,10.213202
8.143339,10.213202
8.143339,10.213202
8.143339,10.213202
8.143339,10.213202
8.143339,10.213202
8.143339,10.213202
8.143339,10.213202
8.143339,10.213202
8.143339,10.213202
8.143339,10.213202
8.143339,10.213202
8.143339,10.213202
8.143339,10.213202
8.143339,10.213202
8.143339,10.213202
8.143339,10.213202
8.143339,10.213202
8.143339,10.213202
8.143339,10.213202
8.143339,10.213202
8.143339,10.213202
8.143339,10.213202
8.143339,10.213202
8.143339,10.213202
8.143339,10.213202
8.143339,10.213202
8.143339,10.213202
8.143339,10.213202
8.143339,10.213202
8.143339,10.213202
8.143339,10.213202
8.143339,10.213202
8.143339,10.213202
8.143339,10.213202
8.143339,10.213202
8.143339,10.213202
8.143339,10.213202
8.143339,10.213202
8.143339,10.213202
8.143339,10.213202
8.143339,10.213202
8.143339,10.213202
8.143339,10.213202
8.143339,10.213202
8.143339,10.213202
8.143339,10.213202
8.143339,10.213202
8.143339,10.213202
8.143339,10.213202
8.143339,10.213202
8.143339,10.213202
8.143339,10.213202
8.143339,10.213202
8.143339,10.213202
8.143339,10.213202
8.143339,10.213202
8.143339,10.213202
8.143339,10.213202
8.143339,10.213202
8.143339,10.213202
8.143339,10.213202
8.143339,10.213202
8.143339,10.213202
8.143339,10.213202
8.143339,10.213202
8.143339,10.213202
8.143339,10.213202
8.143339,10.213202
8.143339,10.213202
8.143339,10.213202
8.143339,10.213202
8.143339,10.213202
8.143339,10.213202
8.143339,10.213202
8.143339,10.213202
8.143339,10.213202
8.143339,10.213202
8.143339,10.213202
8.143339,10.213202
8.143339,10.213202
8.143339,10.213202
8.143339,10.213202
8.143339,10.213202
8.143339,10.213202
8.143339,10.213202
8.143339,10.213202
8.143339,10.213202
8.143339,10.213202
8.143339,10.213202
8.143339,10.213202
8.143339,10.213202
8.143339,10.213202
8.143339,10.213202
8.143339,10.213202
8.143339,10.213202
8.143339,10.213202
8.143339,10.213202
8.143339,10.213202
8.143339,10.213202
8.143339,10.213202
8.143339,10.213202
8.143339,10.213202
8.143339,10.213202
8.143339,10.213202
8.143339,10.213202
8.143339,10.213202
8.143339,10.213202
8.143339,10.213202
8.143339,10.213202
8.143339,10.213202
8.143339,10.213202
8.143339,10.213202
8.143339,10.213202
8.143339,10.213202
8.143339,10.213202
8.143339,10.213202
8.143339,10.213202
8.143339,10.213202
8.143339,10.213202
8.143339,10.213202
8.143339,10.213202
8.143339,10.213202
8.143339,10.213202
8.143339,10.213202
8.143339,10.213202
8.143339,10.213202
8.143339,10.213202
8.143339,10.213202
8.143339,10.213202
8.143339,10.213202
8.143339,10.213202
8.143339,10.213202
8.143339,10.213202
8.143339,10.213202
8.143339,10.213202
8.143339,10.213202
8.143339,10.213202
8.143339,10.213202
8.143339,10.213202
8.143339,10.213202
8.143339,10.213202
8.143339,10.213202
8.143339,10.213202
8.143339,10.213202
8.143339,10.213202
8.143339,10.213202
8.143339,10.213202
8.143339,10.213202
8.143339,10.213202
8.143339,10.213202
8.143339,10.213202
8.143339,10.213202
8.143339,10.213202
8.143339,10.213202
8.143339,10.213202
8.143339,10.213202
8.143339,10.213202
8.143339,10.213202
8.143339,10.213202
8.143339,10.213202
8.143339,10.213202
8.143339,10.213202
8.143339,10.213202
8.143339,10.213202
8.143339,10.213202
8.143339,10.213202
8.143339,10.213202
8.143339,10.213202
8.143339,10.213202
8.143339,10.213202
8.143339,10.213202
8.143339,10.213202
8.143339,10.213202
8.143339,10.213202
8.143339,10.213202
8.143339,10.213202
8.143339,10.213202
8.143339,10.213202
8.143339,10.213202
8.143339,10.213202
8.143339,10.213202
8.143339,10.213202
8.143339,10.213202
8.143339,10.213202
8.143339,10.213202
8.143339,10.213202
8.143339,10.213202
8.143339,10.213202
8.143339,10.213202
8.143339,10.213202
8.143339,10.213202
8.143339,10.213202
8.143339,10.213202
8.143339,10.213202
8.143339,10.213202
8.143339,10.213202
8.143339,10.213202
8.143339,10.213202
8.143339,10.213202
8.143339,10.213202
8.143339,10.213202
8.143339,10.213202
8.143339,10.213202
8.143339,10.213202
8.143339,10.213202
8.143339,10.213202
8.143339,10.213202
8.143339,10.213202
8.143339,10.213202
8.143339,10.213202
8.143339,10.213202
8.143339,10.213202
8.143339,10.213202
8.143339,10.213202
8.143339,10.213202
8.143339,10.213202
8.143339,10.213202
8.143339,10.213202
8.143339,10.213202
8.143339,10.213202
8.143339,10.213202
8.143339,10.213202
8.143339,10.213202
8.143339,10.213202
8.143339,10.213202
8.143339,10.213202
8.143339,10.213202
8.143339,10.213202
8.143339,10.213202
8.143339,10.213202
8.143339,10.213202
8.143339,10.213202
8.143339,10.213202
8.143339,10.213202
8.143339,10.213202
8.143339,10.213202
8.143339,10.213202
8.143339,10.213202
8.143339,10.213202
8.143339,10.213202
8.143339,10.213202
8.143339,10.213202
8.143339,10.213202
8.143339,10.213202
8.143339,10.213202
8.145478,10.212765
8.149005,10.211123
8.153098,10.211679
8.153081,10.209967
8.152872,10.210206
8.152394,10.210941
8.152518,10.210599
8.153287,10.210451
8.153284,10.209349
8.153290,10.209843
8.154198,10.210041
8.154311,10.209497
8.154146,10.209723
8.154039,10.209762
8.153985,10.209750
8.153979,10.209741
8.153886,10.209754
8.153820,10.209795
8.153812,10.209777
8.153818,10.209796
8.153813,10.209807
8.153812,10.209809
8.153807,10.209822
8.153807,10.209823
8.153806,10.209825
8.153803,10.209831
8.153793,10.209854
8.153797,10.209846
8.153807,10.209859
8.153804,10.209866
8.153793,10.209888
8.153794,10.209887
8.153799,10.209874
8.153799,10.209873
8.153803,10.209865
8.153797,10.209880
8.153794,10.209888
8.153800,10.209873
8.153799,10.209875
8.153799,10.209875
8.153798,10.209878
8.153798,10.209878
8.153798,10.209878
8.153798,10.209878
8.153780,10.209852
8.153755,10.209839
8.153698,10.209920
8.153742,10.209927
8.153704,10.209970
8.153785,10.209996
8.153710,10.209958
8.153823,10.209953
8.153742,10.209928
8.153698,10.209952
8.153748,10.209884
8.153742,10.209865
8.153742,10.209865
8.153754,10.209871
8.153754,10.209871
8.153754,10.209871
8.153767,10.209878
8.153767,10.209878
8.153773,10.209866
8.153767,10.209878
8.153767,10.209878
8.153773,10.209866
8.153724,10.209840
8.152266,10.210531
8.146993,10.212051
8.144009,10.213161
8.136096,10.215153
8.131854,10.216567
8.126972,10.218688
8.122592,10.220939
8.120079,10.223883
8.120136,10.226441
8.122261,10.228033
8.124723,10.229098
8.132311,10.228773
8.132943,10.228562
8.134692,10.228082
8.134692,10.228082
8.134692,10.228082
8.134692,10.228082
8.134692,10.228082
8.134692,10.228082
8.134692,10.228082
8.134692,10.228082
8.134692,10.228082
8.134692,10.228082
8.134692,10.228082
8.134692,10.228082
8.134692,10.228082
8.134692,10.228082
8.134692,10.228082
8.134692,10.228082
8.134692,10.228082
8.134692,10.228082
8.134692,10.228082
8.134692,10.228082
8.134692,10.228082
8.134692,10.228082
8.134692,10.228082
8.134692,10.228082
8.134692,10.228082
8.134692,10.228082
8.134692,10.228082
8.134692,10.228082
8.134692,10.228082
8.134692,10.228082
8.134692,10.228082
8.134692,10.228082
8.134692,10.228082
8.134692,10.228082
8.134692,10.228082
8.134692,10.228082
8.134692,10.228082
8.134692,10.228082
8.134692,10.228082
8.134692,10.228082
8.134692,10.228082
8.134692,10.228082
8.134692,10.228082
8.134692,10.228082
8.134692,10.228082
8.134692,10.228082
8.134692,10.228082
8.134692,10.228082
8.134692,10.228082
8.134692,10.228082
8.134692,10.228082
8.134692,10.228082
8.134692,10.228082
8.134692,10.228082
8.134692,10.228082
8.134692,10.228082
8.134692,10.228082
8.134692,10.228082
8.135322,10.227956
8.137054,10.227523
8.138479,10.227128
8.140078,10.226669
8.142086,10.226190
8.143190,10.225877
8.144274,10.225489
8.145210,10.225250
8.146128,10.225014
8.147051,10.224699
8.148164,10.224463
8.148550,10.224556
8.148695,10.224290
8.148680,10.224195
8.148701,10.224040
8.148656,10.224145
8.148705,10.224147
8.148921,10.224023
8.148990,10.223969
8.148990,10.223970
8.149013,10.223964
8.149053,10.223919
8.149063,10.223969
8.149090,10.223919
8.149081,10.223943
8.149083,10.223939
8.149090,10.223927
8.149087,10.223933
8.149084,10.223939
8.149084,10.223939
8.149087,10.223932
8.149087,10.223932
8.149087,10.223932
8.149085,10.223938
8.149085,10.223938
8.149086,10.223935
8.149083,10.223943
8.149083,10.223943
8.149080,10.223949
8.149080,10.223949
8.149083,10.223944
8.149082,10.223945
8.149082,10.223945
8.149082,10.223945
8.149082,10.223945
8.149082,10.223945
8.149082,10.223945
8.149082,10.223945
8.149082,10.223945
8.149082,10.223945
8.149082,10.223945
8.149082,10.223945
8.149082,10.223945
8.149082,10.223945
8.149082,10.223945
8.149082,10.223945
8.149082,10.223945
8.149082,10.223945
8.149082,10.223945
8.149082,10.223945
8.149082,10.223945
8.149082,10.223945
8.149082,10.223945
8.149082,10.223945
8.149082,10.223945
8.149082,10.223945
8.149082,10.223945
8.149082,10.223945
8.149082,10.223945
8.149082,10.223945
8.149082,10.223945
8.149082,10.223945
8.149082,10.223945
8.149082,10.223945
8.149082,10.223945
8.149082,10.223945
8.149082,10.223945
8.149082,10.223945
8.149037,10.224022
8.147418,10.224277
8.143547,10.225319
8.137076,10.227560
8.130167,10.229029
8.125464,10.230650
8.120694,10.232164
8.117216,10.233603
8.114556,10.235213
8.113474,10.236054
8.113492,10.236390
8.114633,10.235799
8.116015,10.234456
8.117797,10.231764
8.119287,10.227621
8.119595,10.225471
8.119701,10.223372
8.119488,10.222075
8.118924,10.221255
8.118294,10.220781
8.117628,10.220737
8.117264,10.221080
8.116523,10.222116
8.116184,10.222726
8.115439,10.222505
8.115005,10.222585
8.115392,10.222641
8.115767,10.222111
8.115767,10.222146
8.115384,10.222145
8.114551,10.220736
8.113607,10.219357
8.112529,10.217916
8.111926,10.217014
8.111919,10.217784
8.111929,10.218263
8.112182,10.218132
8.112729,10.218303
8.115349,10.219932
8.117362,10.221168
8.119612,10.221768
8.119612,10.221022
8.119690,10.220875
8.120980,10.220461
8.125120,10.219230
8.127775,10.218088
8.134109,10.216382
8.137474,10.215699
8.135271,10.215465
8.135660,10.215562
8.135892,10.215808
8.136024,10.215611
8.135397,10.215768
8.132877,10.216327
8.128182,10.217603
8.121815,10.219748
8.116798,10.221877
8.111954,10.223954
8.107550,10.225479
8.103477,10.226192
8.099900,10.225600
8.098996,10.224903
8.099285,10.222453
8.100951,10.220845
8.103688,10.219417
8.106953,10.218808
8.109984,10.219092
8.112532,10.220094
8.114684,10.221645
8.114955,10.222456
8.114340,10.223762
8.112926,10.223732
8.110903,10.223184
8.109992,10.222733
8.110950,10.222806
8.111376,10.222735
8.111746,10.222697
8.112672,10.222552
8.113720,10.222239
8.114762,10.221925
8.116207,10.221384
8.117756,10.220737
8.119654,10.220189
8.121858,10.219545
8.124052,10.218888
8.126032,10.218172
8.127841,10.217401
8.127882,10.217514
8.127645,10.217453
8.127784,10.217383
8.127800,10.217442
8.127801,10.217386
8.127800,10.217418
8.127820,10.217426
8.127818,10.217488
8.127806,10.217482
8.127818,10.217488
8.127799,10.217494
8.127799,10.217494
8.127817,10.217452
8.127817,10.217452
8.127817,10.217452
8.127817,10.217452
8.127817,10.217452
8.127817,10.217452
8.127817,10.217452
8.127817,10.217452
8.127817,10.217452
8.127817,10.217452
8.127817,10.217452
8.127817,10.217452
8.127817,10.217452
8.127817,10.217452
8.127817,10.217452
8.127817,10.217452
8.127817,10.217452
8.127817,10.217452
8.127817,10.217452
8.127817,10.217452
8.127817,10.217452
8.127817,10.217452
8.127817,10.217452
8.127822,10.217441
8.127822,10.217441
8.127822,10.217441
8.127822,10.217441
8.127822,10.217441
8.127822,10.217441
8.127822,10.217441
8.127822,10.217441
8.127822,10.217441
8.127822,10.217441
8.127822,10.217441
8.127822,10.217441
8.127822,10.217441
8.127822,10.217441
8.127822,10.217441
8.127822,10.217441
8.127822,10.217441
8.127822,10.217441
8.127822,10.217441
8.127822,10.217441
8.127822,10.217441
8.127822,10.217441
8.127822,10.217441
8.127822,10.217441
8.127822,10.217441
8.127822,10.217441
8.127822,10.217441
8.127822,10.217441
8.127822,10.217441
8.127822,10.217441
8.127822,10.217441
8.127822,10.217441
8.127828,10.217426
8.127828,10.217426
8.127828,10.217426
8.127831,10.217417
8.127834,10.217410
8.127834,10.217410
8.127834,10.217410
8.127834,10.217410
8.127834,10.217410
8.127834,10.217410
8.127834,10.217410
8.127834,10.217410
8.127834,10.217410
8.127834,10.217410
8.127834,10.217410
8.127834,10.217410
8.127834,10.217410
8.127834,10.217410
8.127834,10.217410
8.127834,10.217410
8.127834,10.217410
8.127834,10.217410
8.127834,10.217410
8.127834,10.217410
8.127834,10.217410
8.127834,10.217410
8.127834,10.217410
8.127834,10.217410
8.127834,10.217410
8.127834,10.217410
8.127834,10.217410
8.127834,10.217410
8.127834,10.217410
8.127834,10.217410
8.127834,10.217410
8.127834,10.217410
8.127834,10.217410
8.127834,10.217410
8.127834,10.217410
8.127834,10.217410
8.127834,10.217410
8.127834,10.217410
8.127834,10.217410
8.127834,10.217410
8.127834,10.217410
8.127834,10.217410
8.127834,10.217410
8.127834,10.217410
8.127834,10.217410
8.127834,10.217410
8.127834,10.217410
8.127834,10.217410
8.127834,10.217410
8.127834,10.217410
8.127834,10.217410
8.127834,10.217410
8.127834,10.217410
8.127834,10.217410
8.127834,10.217410
8.127834,10.217410
8.127834,10.217410
8.127834,10.217410
8.127834,10.217410
8.127834,10.217410
8.127834,10.217410
8.127834,10.217410
8.127834,10.217410
8.127834,10.217410
8.127834,10.217410
8.127834,10.217410
8.127834,10.217410
8.127834,10.217410
8.127834,10.217410
8.127834,10.217410
8.127834,10.217410
8.127834,10.217410
8.127834,10.217410
8.127834,10.217410
8.127834,10.217410
8.127834,10.217410
8.127834,10.217410
8.127834,10.217410
8.127834,10.217410
8.127834,10.217410
8.127834,10.217410
8.127834,10.217410
8.127834,10.217410
8.127834,10.217410
8.127834,10.217410
8.127834,10.217410
8.127834,10.217410
8.127834,10.217410
8.127834,10.217410
8.127834,10.217410
8.127834,10.217410
8.127834,10.217410
8.127834,10.217410
8.127834,10.217410
8.127834,10.217410
8.127834,10.217410
8.127834,10.217410
8.127834,10.217410
8.127834,10.217410
8.127834,10.217410
8.127834,10.217410
8.127834,10.217410
8.127834,10.217410
8.127834,10.217410
8.127834,10.217410
8.127834,10.217410
8.127834,10.217410
8.127834,10.217410
8.127834,10.217410
8.127834,10.217410
8.127834,10.217410
8.127834,10.217410
8.127834,10.217410
8.127834,10.217410
8.127834,10.217410
8.127834,10.217410
8.127834,10.217410
8.127834,10.217410
8.127834,10.217410
8.127834,10.217410
8.127834,10.217410
8.127834,10.217410
8.127834,10.217410
8.127834,10.217410
8.127834,10.217410
8.127834,10.217410
8.127834,10.217410
8.127834,10.217410
8.127834,10.217410
8.127834,10.217410
8.127834,10.217410
8.127834,10.217410
8.127834,10.217410
8.127834,10.217410
8.127834,10.217410
8.127834,10.217410
8.127834,10.217410
8.127834,10.217410
8.127834,10.217410
8.127834,10.217410
8.127834,10.217410
8.127834,10.217410
8.127834,10.217410
8.127834,10.217410
8.127834,10.217410
8.127834,10.217410
8.127834,10.217410
8.127834,10.217410
8.127834,10.217410
8.127834,10.217410
8.127834,10.217410
8.127834,10.217410
8.127834,10.217410
8.127834,10.217410
8.127834,10.217410
8.127834,10.217410
8.127834,10.217410
8.127834,10.217410
8.127834,10.217410
8.127834,10.217410
8.127834,10.217410
8.127834,10.217410
8.127834,10.217410
8.127834,10.217410
8.127834,10.217410
8.127834,10.217410
8.127834,10.217410
8.127834,10.217410
8.127834,10.217410
8.127834,10.217410
8.127834,10.217410
8.127834,10.217410
8.127834,10.217410
8.127834,10.217410
8.127834,10.217410
8.127834,10.217410
8.127834,10.217410
8.127834,10.217410
8.127834,10.217410
8.127834,10.217410
8.127834,10.217410
8.127834,10.217410
8.127834,10.217410
8.127834,10.217410
8.127834,10.217410
8.127834,10.217410
8.127834,10.217410
8.127834,10.217410
8.127834,10.217410
8.127834,10.217410
8.127834,10.217410
8.127834,10.217410
8.127834,10.217410
8.127834,10.217410
8.127834,10.217410
8.127834,10.217410
8.127834,10.217410
8.127834,10.217410
8.127834,10.217410
8.127834,10.217410
8.127834,10.217410
8.127834,10.217410
8.127834,10.217410
8.127834,10.217410
8.127834,10.217410
8.127834,10.217410
8.127834,10.217410
8.127834,10.217410
8.127834,10.217410
8.127834,10.217410
8.127834,10.217410
8.127834,10.217410
8.127834,10.217410
8.127834,10.217410
8.127834,10.217410
8.127834,10.217410
8.127834,10.217410
8.127834,10.217410
8.127834,10.217410
8.127834,10.217410
8.127834,10.217410
8.127834,10.217410
8.127834,10.217410
8.127834,10.217410
8.127834,10.217410
8.127834,10.217410
8.127834,10.217410
8.127834,10.217410
8.127834,10.217410
8.127834,10.217410
8.127834,10.217410
8.127834,10.217410
8.127834,10.217410
8.127834,10.217410
8.127834,10.217410
8.127834,10.217410
8.127834,10.217410
8.127834,10.217410
8.127834,10.217410
8.127834,10.217410
8.127834,10.217410
8.127834,10.217410
8.127834,10.217410
8.127834,10.217410
8.127834,10.217410
8.127834,10.217410
8.127834,10.217410
8.127834,10.217410
8.127834,10.217410
8.127834,10.217410
8.127834,10.217410
8.127834,10.217410
8.127834,10.217410
8.127834,10.217410
8.127834,10.217410
8.127834,10.217410
8.127834,10.217410
8.127834,10.217410
8.127834,10.217410
8.127834,10.217410
8.127834,10.217410
8.127834,10.217410
8.127834,10.217410
8.127834,10.217410
8.127834,10.217410
8.127834,10.217410
8.127834,10.217410
8.127834,10.217410
8.127834,10.217410
8.127834,10.217410
8.127834,10.217410
8.127834,10.217410
8.127834,10.217410
8.127834,10.217410
8.127834,10.217410
8.127834,10.217410
8.127834,10.217410
8.127834,10.217410
8.127834,10.217410
8.127834,10.217410
8.127834,10.217410
8.127834,10.217410
8.127834,10.217410
8.127834,10.217410
8.127834,10.217410
8.127834,10.217410
8.127834,10.217410
8.127834,10.217410
8.127834,10.217410
8.127834,10.217410
8.127834,10.217410
8.127834,10.217410
8.127834,10.217410
8.127834,10.217410
8.127834,10.217410
8.127834,10.217410
8.127834,10.217410
8.127834,10.217410
8.127834,10.217410
8.127834,10.217410
8.127834,10.217410
8.127834,10.217410
8.127834,10.217410
8.127834,10.217410
8.127834,10.217410
8.127834,10.217410
8.127834,10.217410
8.127834,10.217410
8.127834,10.217410
8.127834,10.217410
8.127834,10.217410
8.127834,10.217410
8.127834,10.217410
8.127834,10.217410
8.127834,10.217410
8.127834,10.217410
8.127847,10.217417
8.130219,10.216605
8.134265,10.215393
8.141405,10.212554
8.150192,10.209774
8.162877,10.205828
8.172577,10.202375
8.181656,10.199487
8.190718,10.196657
8.200130,10.193349
8.207273,10.191455
8.216316,10.188418
8.229180,10.184238
8.236856,10.181919
8.246121,10.178851
8.255394,10.176034
8.264503,10.173079
8.273904,10.170143
8.281366,10.167780
8.290706,10.164914
8.299846,10.161788
8.311193,10.158007
8.320394,10.155050
8.330046,10.151947
8.339713,10.148757
8.348972,10.145895
8.356891,10.143308
8.366471,10.140148
8.380013,10.135824
8.387846,10.133116
8.397631,10.129937
8.407192,10.126712
8.416412,10.123594
8.425969,10.120559
8.433628,10.118151
8.443140,10.115122
8.457202,10.110540
8.465218,10.108057
8.474324,10.105114
8.483463,10.102245
8.493041,10.099228
8.502990,10.095980
8.510164,10.093698
8.520385,10.090377
8.533912,10.085896
8.541573,10.083369
8.551034,10.080114
8.560498,10.077202
8.569980,10.074014
8.579526,10.070941
8.586769,10.068601
8.595566,10.065642
8.601752,10.063912
8.605905,10.062227
8.607592,10.061895
8.607965,10.061206
8.607587,10.061314
8.607004,10.061582
8.607152,10.061499
8.607288,10.061179
8.607618,10.061220
8.607626,10.060936
8.607558,10.060914
8.607268,10.061233
8.607319,10.061236
8.607020,10.061051
8.607129,10.060974
8.607089,10.061163
8.607019,10.060861
8.606668,10.061143
8.606822,10.061221
8.606994,10.061011
8.606860,10.060834
8.606943,10.060849
8.606924,10.060744
8.606738,10.060612
8.606913,10.060739
8.606711,10.060755
8.606727,10.060598
8.606601,10.061000
8.606635,10.061140
8.606607,10.060959
8.606581,10.060826
8.606589,10.060822
8.606318,10.060880
8.606432,10.060732
8.606361,10.060983
8.606257,10.060768
8.606276,10.060581
8.606276,10.060654
8.606220,10.060751
8.606181,10.060350
8.606115,10.060410
8.606329,10.058613
8.606183,10.054996
8.606527,10.049213
8.606570,10.041757
8.606313,10.032428
8.606295,10.023900
8.605989,10.012836
8.605893,10.002373
8.605312,9.990281
8.605355,9.980418
8.605082,9.970490
8.605008,9.960781
8.604946,9.951098
8.604822,9.942421
8.604506,9.932240
8.604254,9.918344
8.604092,9.909756
8.604178,9.900092
8.603826,9.890088
8.603769,9.880192
8.603678,9.870728
8.603339,9.862381
8.603036,9.852042
8.603058,9.841926
8.602900,9.829637
8.602951,9.819784
8.602941,9.809706
8.602863,9.799244
8.602800,9.789948
8.602679,9.781301
8.602564,9.771267
8.602558,9.761397
8.602478,9.749228
8.602077,9.739537
8.601932,9.729300
8.601814,9.719173
8.601764,9.709309
8.601675,9.700846
8.601403,9.691017
8.601180,9.677084
8.601130,9.668572
8.600989,9.658763
8.600805,9.648548
8.600640,9.638332
8.600480,9.628349
8.600333,9.620194
8.600046,9.605851
8.599910,9.595881
8.599847,9.589663
8.599713,9.576374
8.599609,9.568285
8.599398,9.558024
8.599218,9.547734
8.598935,9.538342
8.598780,9.527966
8.598700,9.519529
8.598408,9.505883
8.598158,9.496553
8.597946,9.487800
8.597809,9.477131
8.597519,9.467145
8.597436,9.460192
8.597114,9.453500
8.597225,9.449004
8.597222,9.447595
8.597645,9.445601
8.597301,9.445868
8.598016,9.446443
8.598092,9.446542
8.597750,9.446465
8.597903,9.446632
8.598285,9.446388
8.598213,9.446243
8.598343,9.446187
8.598401,9.446169
8.598346,9.446750
8.598380,9.446433
8.598516,9.446402
8.598535,9.446536
8.598435,9.446512
8.598517,9.446622
8.598522,9.446671
8.598574,9.446780
8.598479,9.447059
8.598736,9.446797
8.598843,9.446742
8.598753,9.446659
8.598791,9.446953
8.598733,9.446757
8.598701,9.446830
8.598952,9.447020
8.598820,9.447009
8.598819,9.446931
8.598696,9.447232
8.598893,9.447049
8.598826,9.447247
8.598764,9.447361
8.598901,9.447241
8.598777,9.447358
8.598791,9.447447
8.598847,9.447435
8.600322,9.446714
8.603607,9.445218
8.611382,9.441784
8.617464,9.439301
8.626785,9.435572
8.636508,9.431477
8.647458,9.427200
8.657110,9.422931
8.663917,9.420001
8.672562,9.416393
8.685546,9.410829
8.693113,9.407917
8.702456,9.404062
8.711797,9.400158
8.720935,9.396459
8.730352,9.392578
8.737862,9.389393
8.747857,9.385241
8.757059,9.381452
8.768365,9.376907
8.777694,9.372965
8.786992,9.369075
8.795980,9.365463
8.805171,9.361678
8.813320,9.358329
8.822674,9.354362
8.835272,9.349210
8.843283,9.345900
8.852700,9.342118
8.862088,9.338325
8.871204,9.334660
8.880447,9.330767
8.888034,9.327549
8.897570,9.323649
8.909943,9.318357
8.917824,9.315170
8.927118,9.311271
8.936577,9.307337
8.945580,9.303622
8.954562,9.299974
8.962631,9.296705
8.972260,9.292877
8.981721,9.288807
8.992805,9.284149
9.002087,9.280253
9.011368,9.276397
9.020810,9.272266
9.029203,9.268885
9.037560,9.265372
9.046971,9.261249
9.056367,9.257439
9.067677,9.252793
9.076789,9.248988
9.085989,9.245189
9.095354,9.241159
9.104002,9.237790
9.112102,9.234398
9.121401,9.230498
9.133565,9.225385
9.141863,9.221995
9.151278,9.218262
9.160340,9.214489
9.169785,9.210483
9.179358,9.206525
9.186645,9.203382
9.195908,9.199541
9.205826,9.195202
9.216890,9.190833
9.226223,9.186799
9.235348,9.182949
9.244790,9.179029
9.253983,9.175108
9.261181,9.171931
9.271290,9.167628
9.278792,9.164371
9.291375,9.159047
9.300592,9.155278
9.308331,9.151959
9.317936,9.147950
9.327068,9.144119
9.335947,9.140247
9.344919,9.136476
9.357211,9.131254
9.364649,9.128187
9.373851,9.124373
9.382892,9.120386
9.392272,9.116434
9.401777,9.112514
9.409101,9.109342
9.422465,9.103713
9.431277,9.100073
9.438831,9.096811
9.448265,9.092800
9.456830,9.089159
9.464578,9.085867
9.470277,9.083496
9.473341,9.082689
9.474900,9.081854
9.475993,9.080592
9.476670,9.080070
9.476323,9.080276
9.475903,9.080925
9.475669,9.080806
9.475699,9.080465
9.475823,9.080561
9.475856,9.080530
9.475925,9.080188
9.475939,9.080440
9.475870,9.080193
9.475897,9.079817
9.475963,9.079939
9.475651,9.080087
9.475649,9.079985
9.475798,9.080317
9.475680,9.080327
9.475575,9.080273
9.475717,9.079816
9.476048,9.079739
9.475808,9.079910
9.475522,9.080049
9.475750,9.079974
9.475410,9.080133
9.475508,9.079451
9.475589,9.079474
9.475379,9.079830
9.475261,9.079604
9.475490,9.079611
9.475183,9.079860
9.475380,9.079463
9.475234,9.079759
9.475341,9.079566
9.475051,9.079508
9.475075,9.079401
9.475088,9.079504
9.475052,9.079348
9.474814,9.079572
9.474736,9.079447
9.474981,9.079595
9.474831,9.079426
9.474752,9.079375
9.474660,9.079287
9.474515,9.079443
9.474330,9.079116
9.474336,9.079059
9.474366,9.079354
9.474218,9.079254
9.474038,9.079168
9.473509,9.077383
9.471858,9.073418
9.469954,9.068185
9.466941,9.061274
9.463443,9.052849
9.460081,9.044922
9.455175,9.034526
9.451010,9.025042
9.446351,9.014406
9.442392,9.005352
9.438617,8.996221
9.434457,8.987101
9.430667,8.978248
9.427168,8.970620
9.422855,8.960833
9.418722,8.951500
9.413840,8.940689
9.409767,8.931778
9.405756,8.922357
9.401920,8.913325
9.397914,8.904540
9.394393,8.896448
9.390431,8.887498
9.385202,8.875426
9.381402,8.867286
9.377328,8.857812
9.373138,8.848541
9.369389,8.839552
9.365399,8.830578
9.361720,8.822636
9.357854,8.813562
9.353951,8.804785
9.349195,8.793648
9.344779,8.784116
9.340639,8.775093
9.336722,8.766146
9.333027,8.757665
9.329377,8.749492
9.325556,8.740442
9.321313,8.730975
9.316468,8.720290
9.312347,8.711121
9.308244,8.701663
9.303999,8.692558
9.300152,8.683764
9.296889,8.676229
9.292735,8.667295
9.286779,8.654252
9.283478,8.646876
9.279471,8.637455
9.275353,8.628094
9.271226,8.618992
9.266966,8.609774
9.263741,8.602489
9.259740,8.593297
9.253958,8.580493
9.250775,8.573231
9.246865,8.564115
9.243147,8.555852
9.239202,8.546885
9.234942,8.538051
9.231080,8.529123
9.226611,8.519572
9.223319,8.511784
9.218098,8.500154
9.213840,8.491080
9.209512,8.481539
9.205336,8.472500
9.201617,8.463649
9.198317,8.456302
9.194158,8.447138
9.188442,8.434435
9.185958,8.429051
9.180746,8.417481
9.176776,8.408431
9.173161,8.399789
9.168726,8.390183
9.165664,8.383331
9.161020,8.373268
9.155615,8.360711
9.152053,8.353405
9.148274,8.344766
9.143931,8.335404
9.139887,8.326501
9.136151,8.317575
9.133285,8.311209
9.130631,8.305397
9.129085,8.301996
9.128225,8.299620
9.127699,8.298132
9.127721,8.298324
9.128707,8.298589
9.128435,8.298190
9.128211,8.298064
9.128486,8.297773
9.128376,8.298244
9.128389,8.297920
9.128310,8.296305
9.127873,8.292480
9.127251,8.286280
9.126630,8.278476
9.126014,8.270874
9.125115,8.260411
9.123968,8.245306
9.123378,8.237051
9.122573,8.226865
9.121900,8.217193
9.120934,8.207356
9.120125,8.197138
9.119557,8.188826
9.118567,8.178880
9.117594,8.164507
9.117022,8.156674
9.116158,8.146293
9.115527,8.137242
9.114650,8.126712
9.114033,8.116714
9.113352,8.108653
9.112574,8.098290
9.111730,8.088582
9.110797,8.076316
9.109972,8.066258
9.109103,8.056757
9.108409,8.047186
9.107637,8.036760
9.106973,8.028279
9.106209,8.017802
9.105360,8.007752
9.104376,7.995863
9.103733,7.985835
9.102567,7.975240
9.101831,7.965960
9.101112,7.956061
9.100309,7.947457
9.099600,7.937223
9.098488,7.923678
9.097882,7.915481
9.097041,7.905391
9.096406,7.895515
9.095482,7.885978
9.094555,7.875536
9.094005,7.866905
9.093157,7.856810
9.092081,7.846855
9.091394,7.837365
9.090989,7.831446
9.090945,7.827453
9.090208,7.825064
9.090625,7.824169
9.090707,7.824159
9.090984,7.824424
9.091311,7.824358
9.091247,7.824284
9.091242,7.824428
9.091459,7.824220
9.091505,7.824370
9.091560,7.824268
9.091570,7.824156
9.091718,7.824663
9.091485,7.824808
9.091665,7.824706
9.091667,7.824864
9.091333,7.825308
9.091657,7.825240
9.091660,7.824870
9.091661,7.825390
9.091750,7.825072
9.091920,7.824980
9.091819,7.825602
9.091803,7.825276
9.092080,7.825511
9.092098,7.825497
9.091983,7.825578
9.092160,7.825542
9.093339,7.824343
9.095641,7.821869
9.100703,7.816863
9.106446,7.811125
9.114075,7.804432
9.121401,7.796898
9.129648,7.789609
9.136088,7.783325
9.143116,7.776501
9.152012,7.767873
9.158732,7.761511
9.165975,7.754432
9.172263,7.748839
9.179401,7.741722
9.187443,7.733871
9.193161,7.728290
9.200628,7.720890
9.207771,7.713903
9.214888,7.707170
9.222624,7.699592
9.227179,7.695497
9.229656,7.693016
9.230738,7.691719
9.231259,7.690739
9.231474,7.690197
9.231096,7.690813
9.231146,7.690920
9.230798,7.690804
9.230921,7.690987
9.230992,7.690837
9.230805,7.690502
9.230878,7.690481
9.231115,7.690492
9.231249,7.689546
9.233331,7.685066
9.236038,7.679337
9.239101,7.672144
9.242904,7.663699
9.247307,7.653667
9.250487,7.645206
9.254600,7.635112
9.259725,7.622563
9.262644,7.615568
9.266707,7.605991
9.270609,7.596558
9.274331,7.587477
9.278232,7.577914
9.281184,7.570487
9.285194,7.561114
9.288842,7.551995
9.293828,7.540208
9.297775,7.530910
9.301345,7.521585
9.305178,7.512639
9.309196,7.503054
9.312055,7.495631
9.315819,7.486604
9.321160,7.473662
9.323826,7.467550
9.325945,7.462285
9.327525,7.459104
9.328313,7.457080
9.328602,7.456445
9.328718,7.456571
9.328730,7.457075
9.328641,7.457200
9.328709,7.457301
9.328809,7.457150
9.328714,7.457000
9.328806,7.457226
9.328877,7.456933
9.328897,7.457134
9.328903,7.456902
9.328854,7.457269
9.328793,7.457160
9.328435,7.457929
9.328564,7.457684
9.328799,7.457525
9.328884,7.457560
9.330114,7.456510
9.333354,7.454546
9.338181,7.451366
9.345819,7.446249
9.354342,7.441253
9.363561,7.435398
9.372220,7.429986
9.381052,7.424609
9.388432,7.420001
9.396835,7.414841
9.405231,7.409668
9.413121,7.404716
9.423673,7.397986
9.432438,7.392479
9.440734,7.387081
9.449243,7.381712
9.456866,7.376788
9.465089,7.371564
9.473475,7.366223
9.482233,7.360813
9.492388,7.354316
9.500766,7.348979
9.509587,7.343555
9.517545,7.338461
9.525158,7.333707
9.533612,7.328308
9.544935,7.321111
9.550550,7.317461
9.560656,7.311095
9.569408,7.305492
9.577828,7.300190
9.585544,7.295305
9.593266,7.290447
9.601830,7.285190
9.613079,7.278018
9.620917,7.273313
9.629251,7.267999
9.637824,7.262724
9.646880,7.257104
9.655211,7.251991
9.662276,7.247487
9.671006,7.242220
9.679469,7.236854
9.689912,7.230206
9.698516,7.224827
9.706901,7.219461
9.715510,7.213767
9.724083,7.208538
9.731004,7.204072
9.739279,7.198847
9.747993,7.193477
9.756318,7.188027
9.766913,7.181271
9.775473,7.175748
9.783667,7.170608
9.791924,7.165390
9.798882,7.160975
9.807591,7.155415
9.819395,7.147923
9.824489,7.144690
9.834807,7.138256
9.843455,7.132795
9.852020,7.127516
9.860338,7.121982
9.867243,7.117587
9.874779,7.112799
9.881429,7.108701
9.883089,7.107670
9.885444,7.106505
9.886803,7.105878
9.886744,7.106026
9.886171,7.106587
9.886209,7.106575
9.886728,7.106219
9.886992,7.106707
9.888699,7.106000
9.892408,7.104854
9.898341,7.102957
9.905969,7.100883
9.915137,7.098234
9.923447,7.095647
9.933787,7.093062
9.943866,7.090246
9.955610,7.086899
9.964753,7.084284
9.974385,7.081620
9.983965,7.078698
9.994019,7.075584
10.001733,7.073565
10.011489,7.070843
10.025144,7.066936
10.033215,7.064766
10.042542,7.062122
10.052077,7.059446
10.061684,7.056562
10.071540,7.053594
10.079136,7.051632
10.088764,7.048788
10.102599,7.044958
10.110752,7.042514
10.120366,7.039691
10.129849,7.037195
10.139675,7.034248
10.149273,7.031438
10.157014,7.029193
10.166685,7.026366
10.179974,7.022444
10.188063,7.020133
10.197401,7.017579
10.207077,7.014716
10.217095,7.011945
10.226846,7.009123
10.234663,7.006808
10.244273,7.004095
10.258019,7.000160
10.265928,6.998042
10.275283,6.995322
10.285014,6.992513
10.294552,6.989785
10.303878,6.987073
10.312088,6.984649
10.322199,6.981673
10.335390,6.977765
10.343269,6.975585
10.353259,6.972593
10.363085,6.969706
10.372786,6.967058
10.382174,6.964405
10.390339,6.962026
10.400009,6.959392
10.409569,6.956729
10.420959,6.953199
10.430570,6.950551
10.438904,6.948165
10.444448,6.946429
10.447877,6.945501
10.449810,6.945100
10.450865,6.944995
10.450172,6.945472
10.449907,6.945812
10.449671,6.945606
10.449732,6.945752
10.450173,6.945762
10.450247,6.945864
10.450540,6.945837
10.450306,6.946158
10.450305,6.946086
10.450323,6.945957
10.450244,6.946274
10.450294,6.946288
10.452320,6.946685
10.455864,6.947586
10.460740,6.948606
10.468051,6.950156
10.477248,6.952325
10.490057,6.955270
10.500444,6.957545
10.510325,6.959953
10.519836,6.962112
10.528735,6.964412
10.537551,6.966549
10.547576,6.968691
10.560342,6.971586
10.568957,6.973507
10.578758,6.975894
10.588621,6.978020
10.598457,6.980311
10.607779,6.982488
10.616399,6.984306
10.626367,6.986643
10.640157,6.989622
10.645970,6.990948
10.657933,6.993647
10.667919,6.995891
10.678065,6.998207
10.687881,7.000458
10.695398,7.002275
10.705447,7.004366
10.714705,7.006676
10.725372,7.009034
10.736745,7.011975
10.745009,7.013968
10.750765,7.015502
10.754464,7.016407
10.756334,7.016542
10.757562,7.016552
10.756752,7.016089
10.756528,7.015840
10.756727,7.016078
10.757309,7.015720
10.757629,7.015918
10.757296,7.015956
10.757017,7.015813
10.757245,7.015952
10.757154,7.015718
10.757422,7.015616
10.757072,7.015792
10.757371,7.015683
10.759225,7.015188
10.762986,7.014212
10.768175,7.012866
10.775183,7.010843
10.783880,7.008783
10.796039,7.004992
10.806629,7.001876
10.816790,6.998692
10.826027,6.996378
10.835415,6.993404
10.843210,6.991086
10.853189,6.988207
10.866588,6.984413
10.874143,6.982111
10.884171,6.978962
10.893331,6.976330
10.903089,6.973696
10.912807,6.970678
10.920479,6.968495
10.930549,6.965849
10.944060,6.961735
10.949851,6.960043
10.961594,6.956702
10.971175,6.953861
10.980911,6.951132
10.991075,6.948192
10.998579,6.945773
11.007982,6.943171
11.021461,6.939331
11.029031,6.936927
11.038960,6.934078
11.048698,6.931161
11.058428,6.928314
11.068187,6.925593
11.075973,6.923428
11.085475,6.920441
11.095309,6.917757
11.107071,6.914189
11.116522,6.911375
11.125812,6.908586
11.135333,6.905818
11.144992,6.902945
11.152553,6.900794
11.162361,6.897743
11.175965,6.893731
11.183656,6.891352
11.193193,6.888600
11.203327,6.885529
11.212401,6.882805
11.222123,6.880105
11.229478,6.877677
11.239273,6.874891
11.249336,6.871773
11.258759,6.869040
11.270112,6.865571
11.279856,6.862696
11.289581,6.859854
11.299097,6.856978
11.306996,6.854620
11.316703,6.851668
11.326504,6.848980
11.335724,6.846261
11.347981,6.842654
11.357208,6.839785
11.366158,6.837152
11.376194,6.834231
11.384657,6.831600
11.394501,6.828715
11.407207,6.824994
11.415337,6.822554
11.425389,6.819658
11.435184,6.816591
11.444834,6.813846
11.453569,6.811208
11.461671,6.808805
11.471701,6.805613
11.481178,6.802790
11.490523,6.800133
11.502371,6.796662
11.511661,6.793991
11.521526,6.790931
11.528591,6.788797
11.532325,6.787710
11.533966,6.787277
11.533668,6.787458
11.533401,6.787303
11.533570,6.787458
11.533622,6.787427
11.533699,6.787272
11.533658,6.787355
11.533672,6.787331
11.533669,6.787336
11.533669,6.787337
11.533669,6.787337
11.533669,6.787337
11.533669,6.787337
11.533655,6.787361
11.533306,6.787485
11.533012,6.787753
11.533398,6.787667
11.533180,6.787683
11.533338,6.787564
11.533973,6.787007
11.534026,6.787435
11.534137,6.787002
11.533695,6.786952
11.534125,6.787042
11.534276,6.786828
11.534302,6.786754
11.534798,6.786325
11.534561,6.786491
11.534480,6.786442
11.534621,6.786430
11.534526,6.786445
11.534536,6.786420
11.534538,6.786436
11.534544,6.786432
11.534531,6.786442
11.534532,6.786441
11.534532,6.786441
11.534567,6.786416
11.534567,6.786416
11.534539,6.786436
11.534547,6.786430
11.534547,6.786430
11.534557,6.786422
11.534557,6.786422
11.534557,6.786422
11.534562,6.786419
11.534562,6.786419
11.534562,6.786419
11.534562,6.786419
11.534562,6.786419
11.534562,6.786419
11.534562,6.786419
11.534562,6.786419
11.534562,6.786419
11.534562,6.786419
11.534562,6.786419
11.534562,6.786419
11.534527,6.786445
11.534527,6.786445
11.534527,6.786445
11.534527,6.786445
11.534527,6.786445
11.534527,6.786445
11.534527,6.786445
11.534527,6.786445
11.534527,6.786445
11.534527,6.786445
11.534527,6.786445
11.534527,6.786445
11.534527,6.786445
11.534527,6.786445
11.534527,6.786445
11.534527,6.786445
11.534527,6.786445
11.534527,6.786445
11.534527,6.786445
11.534527,6.786445
11.534527,6.786445
11.534527,6.786445
11.534527,6.786445
11.534527,6.786445
11.534527,6.786445
11.534527,6.786445
11.534527,6.786445
11.534527,6.786445
11.534527,6.786445
11.534527,6.786445
11.534527,6.786445
11.534527,6.786445
11.534527,6.786445
11.534527,6.786445
11.534527,6.786445
11.534527,6.786445
11.534527,6.786445
11.534527,6.786445
11.534527,6.786445
11.534527,6.786445
11.534527,6.786445
11.534527,6.786445
11.534527,6.786445
11.534527,6.786445
11.534527,6.786445
11.534527,6.786445
11.534527,6.786445
11.534527,6.786445
11.534527,6.786445
11.534527,6.786445
11.534527,6.786445
11.534527,6.786445
11.534527,6.786445
11.534527,6.786445
11.534527,6.786445
11.534527,6.786445
11.534527,6.786445
11.534527,6.786445
11.534527,6.786445
11.534527,6.786445
11.534527,6.786445
11.534527,6.786445
11.534527,6.786445
11.534527,6.786445
11.534527,6.786445
11.534527,6.786445
11.534527,6.786445
11.534527,6.786445
11.534527,6.786445
11.534527,6.786445
11.534527,6.786445
11.534527,6.786445
11.534527,6.786445
11.534527,6.786445
11.534527,6.786445
11.534527,6.786445
11.534527,6.786445
11.534527,6.786445
11.534527,6.786445
11.534527,6.786445
11.534527,6.786445
11.534527,6.786445
11.534527,6.786445
11.534527,6.786445
11.534527,6.786445
11.534527,6.786445
11.534527,6.786445
11.534527,6.786445
11.534527,6.786445
11.534527,6.786445
11.534527,6.786445
11.534527,6.786445
11.534527,6.786445
11.534527,6.786445
11.534527,6.786445
11.534527,6.786445
11.534527,6.786445
11.534527,6.786445
11.534527,6.786445
11.534527,6.786445
11.534527,6.786445
11.534527,6.786445
11.534527,6.786445
11.534527,6.786445
11.534527,6.786445
11.534527,6.786445
11.534527,6.786445
11.534527,6.786445
11.534527,6.786445
11.534527,6.786445
11.534527,6.786445
11.534527,6.786445
11.534527,6.786445
11.534527,6.786445
11.534527,6.786445
11.534527,6.786445
11.534527,6.786445
11.534527,6.786445
11.534527,6.786445
11.534527,6.786445
11.534527,6.786445
11.534527,6.786445
11.534527,6.786445
11.534527,6.786445
11.534527,6.786445
11.534527,6.786445
11.534527,6.786445
11.534527,6.786445
11.534527,6.786445
11.534527,6.786445
11.534527,6.786445
11.534527,6.786445
11.534527,6.786445
11.534527,6.786445
11.534527,6.786445
11.534527,6.786445
11.534527,6.786445
11.534527,6.786445
11.534527,6.786445
11.534527,6.786445
11.534527,6.786445
11.534527,6.786445
11.534527,6.786445
11.534527,6.786445
11.534527,6.786445
11.534527,6.786445
11.534527,6.786445
11.534527,6.786445
11.534527,6.786445
11.534527,6.786445
11.534527,6.786445
11.534527,6.786445
11.534621,6.786407
11.534747,6.786331
11.534600,6.786385
11.532929,6.786273
11.527421,6.784879
11.520293,6.783001
11.515685,6.781297
11.512380,6.779719
11.512380,6.779719
11.512380,6.779719
11.512380,6.779719
11.512380,6.779719
11.512380,6.779719
11.512380,6.779719
11.512380,6.779719
11.512380,6.779719
11.512380,6.779719
11.512380,6.779719
11.512380,6.779719
11.512380,6.779719
11.512380,6.779719
11.512380,6.779719
11.512380,6.779719
11.512380,6.779719
11.512380,6.779719
11.512380,6.779719
11.512380,6.779719
11.512380,6.779719
11.512380,6.779719
11.512380,6.779719
11.512380,6.779719
11.512380,6.779719
11.512380,6.779719
11.512380,6.779719
11.512380,6.779719
11.512380,6.779719
11.512380,6.779719
11.512380,6.779719
11.512380,6.779719
11.512380,6.779719
11.512380,6.779719
11.512380,6.779719
11.512380,6.779719
11.512380,6.779719
11.512380,6.779719
11.512380,6.779719
11.512380,6.779719
11.512380,6.779719
11.512380,6.779719
11.512380,6.779719
11.512380,6.779719
11.512380,6.779719
11.512380,6.779719
11.512380,6.779719
11.512380,6.779719
11.512380,6.779719
11.512380,6.779719
11.512380,6.779719
11.512380,6.779719
11.512380,6.779719
11.512380,6.779719
11.512380,6.779719
11.512380,6.779719
11.512380,6.779719
11.512380,6.779719
11.512380,6.779719
11.512380,6.779719
11.512380,6.779719
11.512380,6.779719
11.512380,6.779719
11.512380,6.779719
11.512380,6.779719
11.512380,6.779719
11.512380,6.779719
11.512380,6.779719
11.512380,6.779719
11.512380,6.779719
11.512380,6.779719
11.512380,6.779719
11.512380,6.779719
11.512380,6.779719
11.512380,6.779719
11.512380,6.779719
11.512380,6.779719
11.512380,6.779719
11.512380,6.779719
11.512380,6.779719
11.512380,6.779719
11.512380,6.779719
11.512380,6.779719
11.512380,6.779719
11.512380,6.779719
11.512380,6.779719
11.512380,6.779719
11.512380,6.779719
11.512380,6.779719
11.512380,6.779719
11.512380,6.779719
11.512380,6.779719
11.512380,6.779719
11.512380,6.779719
11.512380,6.779719
11.512380,6.779719
11.512380,6.779719
11.512380,6.779719
11.512380,6.779719
11.512380,6.779719
11.512380,6.779719
11.512380,6.779719
11.512380,6.779719
11.512380,6.779719
11.512380,6.779719
11.512380,6.779719
11.512380,6.779719
11.512380,6.779719
11.512380,6.779719
11.512380,6.779719
11.512380,6.779719
11.512380,6.779719
11.512380,6.779719
11.512380,6.779719
11.512380,6.779719
11.512380,6.779719
11.512380,6.779719
11.512380,6.779719
11.512380,6.779719
11.512380,6.779719
11.512380,6.779719
11.512380,6.779719
11.512380,6.779719
11.512380,6.779719
11.512380,6.779719
11.512380,6.779719
11.512380,6.779719
11.512380,6.779719
11.512380,6.779719
11.512380,6.779719
11.512380,6.779719
11.512380,6.779719
11.512380,6.779719
11.512380,6.779719
11.512380,6.779719
11.512380,6.779719
11.512380,6.779719
11.512380,6.779719
11.512380,6.779719
11.512380,6.779719
11.512380,6.779719
11.512380,6.779719
11.512380,6.779719
11.512380,6.779719
11.512380,6.779719
11.512380,6.779719
11.512380,6.779719
11.512380,6.779719
11.512380,6.779719
11.512380,6.779719
11.512380,6.779719
11.512380,6.779719
11.512380,6.779719
11.512380,6.779719
11.512380,6.779719
11.512380,6.779719
11.512380,6.779719
11.512380,6.779719
11.512380,6.779719
11.512380,6.779719
11.512380,6.779719
11.512380,6.779719
11.512380,6.779719
11.512380,6.779719
11.512380,6.779719
11.512380,6.779719
11.512380,6.779719
11.512380,6.779719
11.512380,6.779719
11.512380,6.779719
11.512380,6.779719
11.512380,6.779719
11.512380,6.779719
11.512380,6.779719
11.512380,6.779719
11.512380,6.779719
11.512380,6.779719
11.512380,6.779719
11.512380,6.779719
11.512380,6.779719
11.512380,6.779719
11.512380,6.779719
11.512380,6.779719
11.512380,6.779719
11.512380,6.779719
11.512380,6.779719
11.512380,6.779719
11.512380,6.779719
11.512380,6.779719
11.512380,6.779719
11.512380,6.779719
11.512380,6.779719
11.512380,6.779719
11.512380,6.779719
11.512380,6.779719
11.512380,6.779719
11.512380,6.779719
11.512380,6.779719
11.512380,6.779719
11.512380,6.779719
11.512380,6.779719
11.512380,6.779719
11.512380,6.779719
11.512380,6.779719
11.512380,6.779719
11.512380,6.779719
11.512380,6.779719
11.512380,6.779719
11.512380,6.779719
11.512380,6.779719
11.512380,6.779719
11.512380,6.779719
11.512380,6.779719
11.512380,6.779719
11.512380,6.779719
11.512380,6.779719
11.512380,6.779719
11.512380,6.779719
11.512380,6.779719
11.512380,6.779719
11.512380,6.779719
11.512380,6.779719
11.512380,6.779719
11.512380,6.779719
11.512380,6.779719
11.512380,6.779719
11.512380,6.779719
11.512380,6.779719
11.512380,6.779719
11.512380,6.779719
11.512380,6.779719
11.512380,6.779719
11.512380,6.779719
11.512380,6.779719
11.512380,6.779719
11.512380,6.779719
11.512380,6.779719
11.512380,6.779719
11.512380,6.779719
11.512380,6.779719
11.512380,6.779719
11.512380,6.779719
11.512380,6.779719
11.512380,6.779719
11.512380,6.779719
11.512380,6.779719
11.512380,6.779719
11.512380,6.779719
11.512380,6.779719
11.512380,6.779719
11.512380,6.779719
11.512380,6.779719
11.512380,6.779719
11.512380,6.779719
11.512380,6.779719
11.512380,6.779719
11.512380,6.779719
11.512380,6.779719
11.512380,6.779719
11.512380,6.779719
11.512380,6.779719
11.512380,6.779719
11.512380,6.779719
11.512380,6.779719
11.512380,6.779719
11.512380,6.779719
11.512380,6.779719
11.512380,6.779719
11.512380,6.779719
11.512380,6.779719
11.512380,6.779719
11.512380,6.779719
11.512380,6.779719
11.512380,6.779719
11.512380,6.779719
11.512380,6.779719
11.512380,6.779719
11.512380,6.779719
11.512380,6.779719
11.512380,6.779719
11.512380,6.779719
11.512380,6.779719
11.512380,6.779719
11.512380,6.779719
11.512380,6.779719
11.512380,6.779719
11.512380,6.779719
11.512380,6.779719
11.512380,6.779719
11.512380,6.779719
11.512380,6.779719
11.512380,6.779719
11.512380,6.779719
11.512380,6.779719
11.512380,6.779719
11.512380,6.779719
11.512380,6.779719
11.512380,6.779719
11.512380,6.779719
11.512380,6.779719
11.512380,6.779719
11.512380,6.779719
11.512380,6.779719
11.512380,6.779719
11.512380,6.779719
11.512380,6.779719
11.512380,6.779719
11.512380,6.779719
11.512380,6.779719
11.512380,6.779719
11.513144,6.777954
11.515128,6.778759
11.515017,6.780455
11.515310,6.779382
11.514613,6.779296
11.514842,6.779888
11.514820,6.779054
11.514853,6.779397
11.514862,6.779398
11.514853,6.779298
11.514874,6.779408
11.514884,6.779361
11.514896,6.779367
11.514884,6.779361
11.514884,6.779361
11.514870,6.779394
11.514870,6.779394
11.514870,6.779394
11.514834,6.779546
11.514839,6.779534
11.514852,6.779541
11.514853,6.779428
11.514866,6.779434
11.514873,6.779422
11.514873,6.779422
11.514873,6.779422
11.514873,6.779422
11.514873,6.779422
11.514873,6.779422
11.514873,6.779422
11.514873,6.779422
11.514873,6.779422
11.514873,6.779422
11.514899,6.779361
11.514899,6.779361
11.514899,6.779361
11.514899,6.779361
11.514899,6.779361
11.514899,6.779361
11.514907,6.779342
11.514907,6.779342
11.514907,6.779342
11.514907,6.779342
11.514907,6.779342
11.514907,6.779342
11.514912,6.779330
11.514912,6.779330
11.514912,6.779330
11.514912,6.779330
11.514912,6.779330
11.514912,6.779330
11.514912,6.779330
11.514912,6.779330
11.514912,6.779330
11.514912,6.779330
11.514912,6.779330
11.514912,6.779330
11.514912,6.779330
11.514912,6.779330
11.514912,6.779330
11.514912,6.779330
11.514912,6.779330
11.514912,6.779330
11.514912,6.779330
11.514893,6.779336
11.514886,6.779348
11.514886,6.779348
11.514886,6.779348
11.514886,6.779348
11.514905,6.779343
11.514905,6.779343
11.514916,6.779381
11.514923,6.779368
11.514835,6.779353
11.514784,6.779535
11.513844,6.779545
11.508750,6.781300
11.502160,6.783493
11.495310,6.786674
11.490688,6.789500
11.488391,6.791873
11.487656,6.793976
11.487725,6.793757
11.487725,6.793757
11.487725,6.793757
11.487725,6.793757
11.487725,6.793757
11.487725,6.793757
11.487725,6.793757
11.487725,6.793757
11.487725,6.793757
11.487725,6.793757
11.487725,6.793757
11.487725,6.793757
11.487725,6.793757
11.487725,6.793757
11.487725,6.793757
11.487725,6.793757
11.487725,6.793757
11.487725,6.793757
11.487725,6.793757
11.487725,6.793757
11.487725,6.793757
11.487725,6.793757
11.487725,6.793757
11.487725,6.793757
11.487725,6.793757
11.487725,6.793757
11.487725,6.793757
11.487725,6.793757
11.487725,6.793757
11.487725,6.793757
11.487725,6.793757
11.487725,6.793757
11.487725,6.793757
11.487725,6.793757
11.487725,6.793757
11.487725,6.793757
11.487725,6.793757
11.487725,6.793757
11.487725,6.793757
11.487725,6.793757
11.487725,6.793757
11.487725,6.793757
11.487725,6.793757
11.487725,6.793757
11.487725,6.793757
11.487725,6.793757
11.487725,6.793757
11.487725,6.793757
11.487725,6.793757
11.487725,6.793757
11.487725,6.793757
11.487725,6.793757
11.487725,6.793757
11.487725,6.793757
11.487725,6.793757
11.487725,6.793757
11.487725,6.793757
11.487725,6.793757
11.487725,6.793757
11.487725,6.793757
11.487725,6.793757
11.487725,6.793757
11.487725,6.793757
11.487725,6.793757
11.487725,6.793757
11.487725,6.793757
11.487725,6.793757
11.487725,6.793757
11.487725,6.793757
11.487725,6.793757
11.487725,6.793757
11.487725,6.793757
11.487725,6.793757
11.487725,6.793757
11.487725,6.793757
11.487725,6.793757
11.487725,6.793757
11.487725,6.793757
11.487725,6.793757
11.487725,6.793757
11.487725,6.793757
11.487725,6.793757
11.487725,6.793757
11.487725,6.793757
11.487725,6.793757
11.487725,6.793757
11.487725,6.793757
11.487725,6.793757
11.487725,6.793757
11.487725,6.793757
11.487725,6.793757
11.487725,6.793757
11.487725,6.793757
11.487725,6.793757
11.487725,6.793757
11.487725,6.793757
11.487725,6.793757
11.487725,6.793757
11.487725,6.793757
11.487725,6.793757
11.487725,6.793757
11.487725,6.793757
11.487725,6.793757
11.487725,6.793757
11.487725,6.793757
11.487725,6.793757
11.487725,6.793757
11.487725,6.793757
11.487725,6.793757
11.487725,6.793757
11.487725,6.793757
11.487725,6.793757
11.488925,6.793457
11.489816,6.793334
11.490848,6.793103
11.491733,6.792824
11.492464,6.792672
11.493251,6.792503
11.493767,6.792303
11.494338,6.792174
11.494752,6.792029
11.495173,6.791867
11.495864,6.791713
11.496351,6.791582
11.496502,6.791575
11.496225,6.791588
11.495533,6.791800
11.494097,6.792224
11.491907,6.792743
11.489099,6.793514
11.485385,6.794473
11.483365,6.794476
11.482929,6.794023
11.483028,6.793464
11.483653,6.792744
11.484811,6.791739
11.486135,6.790848
11.487274,6.790455
11.488214,6.790542
11.488195,6.791076
11.487308,6.791928
11.485861,6.792719
11.484187,6.793383
11.481835,6.794099
11.479259,6.794616
11.476573,6.794859
11.474148,6.794979
11.471111,6.794877
11.469371,6.794903
11.468294,6.795113
11.467695,6.795672
11.467513,6.796953
11.467818,6.796614
11.469229,6.796037
11.471432,6.795521
11.473831,6.794830
11.476123,6.794448
11.477707,6.793745
11.478925,6.793526
11.480495,6.793046
11.482252,6.792315
11.483418,6.791607
11.483623,6.791778
11.484586,6.791581
11.484818,6.792276
11.484386,6.791191
11.484936,6.791396
11.485146,6.791558
11.484873,6.791348
11.484634,6.791630
11.484650,6.791574
11.484735,6.791463
11.484715,6.791478
11.484735,6.791430
11.484729,6.791479
11.484744,6.791446
11.484735,6.791465
11.484737,6.791461
11.484737,6.791462
11.484735,6.791468
11.484735,6.791468
11.484735,6.791468
11.484735,6.791468
11.484735,6.791468
11.484735,6.791468
11.484735,6.791468
11.484735,6.791468
11.484735,6.791468
11.484735,6.791468
11.484735,6.791468
11.484735,6.791468
11.484735,6.791468
11.484735,6.791468
11.484735,6.791468
11.484735,6.791468
11.484735,6.791468
11.484735,6.791468
11.484735,6.791468
11.484735,6.791468
11.484735,6.791468
11.484735,6.791468
11.484735,6.791468
11.484735,6.791468
11.484735,6.791468
11.484735,6.791468
11.484735,6.791468
11.484735,6.791468
11.484735,6.791468
11.484735,6.791468
11.484736,6.791466
11.484736,6.791466
11.484736,6.791466
11.484736,6.791466
11.484736,6.791466
11.484736,6.791466
11.484736,6.791466
11.484736,6.791466
11.484736,6.791466
11.484736,6.791466
11.484736,6.791466
11.484736,6.791466
11.484736,6.791466
11.484736,6.791466
11.484736,6.791466
11.484736,6.791466
11.484736,6.791466
11.484736,6.791466
11.484736,6.791466
11.484736,6.791466
11.484736,6.791466
11.484736,6.791466
11.484736,6.791466
11.484736,6.791466
11.484736,6.791466
11.484736,6.791466
11.484736,6.791466
11.484736,6.791466
11.484736,6.791466
11.484736,6.791466
11.484736,6.791466
11.484736,6.791466
11.484736,6.791466
11.484736,6.791466
11.484736,6.791466
11.484736,6.791466
11.484736,6.791466
11.484736,6.791466
11.484736,6.791466
11.484736,6.791466
11.484736,6.791466
11.484736,6.791466
11.484736,6.791466
11.484736,6.791466
11.484736,6.791466
11.484736,6.791466
11.484736,6.791466
11.484736,6.791466
11.484736,6.791466
11.484736,6.791466
11.484736,6.791466
11.484736,6.791466
11.484736,6.791466
11.484736,6.791466
11.484736,6.791466
11.484736,6.791466
11.484736,6.791466
11.484736,6.791466
11.484736,6.791466
11.484736,6.791466
11.484736,6.791466
11.484736,6.791466
11.484736,6.791466
11.484736,6.791466
11.484736,6.791466
11.484736,6.791466
11.484736,6.791466
11.484736,6.791466
11.484736,6.791466
11.484736,6.791466
11.484736,6.791466
11.484736,6.791466
11.484736,6.791466
11.484736,6.791466
11.484736,6.791466
11.484736,6.791466
11.484736,6.791466
11.484736,6.791466
11.484736,6.791466
11.484736,6.791466
11.484736,6.791466
11.484736,6.791466
11.484736,6.791466
11.484736,6.791466
11.484736,6.791466
11.484736,6.791466
11.484736,6.791466
11.484736,6.791466
11.484736,6.791466
11.484736,6.791466
11.484736,6.791466
11.484736,6.791466
11.484736,6.791466
11.484736,6.791466
11.484736,6.791466
11.484736,6.791466
11.484736,6.791466
11.484736,6.791466
11.484736,6.791466
11.484736,6.791466
11.484736,6.791466
11.484736,6.791466
11.484736,6.791466
11.484736,6.791466
11.484736,6.791466
11.484736,6.791466
11.484736,6.791466
11.484736,6.791466
11.484736,6.791466
11.484736,6.791466
11.484736,6.791466
11.484736,6.791466
11.484736,6.791466
11.484736,6.791466
11.484736,6.791466
11.484736,6.791466
11.484736,6.791466
11.484736,6.791466
11.484736,6.791466
11.484736,6.791466
11.484736,6.791466
11.484736,6.791466
11.484736,6.791466
11.484736,6.791466
11.484736,6.791466
11.484736,6.791466
11.484736,6.791466
11.484736,6.791466
11.484736,6.791466
11.484736,6.791466
11.484736,6.791466
11.484736,6.791466
11.484736,6.791466
11.484736,6.791466
11.484736,6.791466
11.484768,6.791430
11.486953,6.790809
11.493377,6.788791
11.501213,6.786629
11.511058,6.783452
11.522009,6.780779
11.530233,6.778291
11.539796,6.775260
11.549623,6.772333
11.558905,6.769511
11.570651,6.765906
11.580198,6.762959
11.590091,6.759818
11.599565,6.757067
11.606853,6.754680
11.616582,6.751631
11.626304,6.748882
11.635913,6.745699
11.647942,6.742119
11.657938,6.739057
11.667082,6.736274
11.676826,6.733230
11.684719,6.730856
11.694630,6.727806
11.704233,6.724817
11.715541,6.721276
11.725364,6.718301
11.734872,6.715645
11.743873,6.712674
11.753757,6.709740
11.761970,6.706967
11.771478,6.704466
11.781417,6.701207
11.790475,6.698547
11.802904,6.694910
11.812281,6.691932
11.821242,6.689304
11.831049,6.686206
11.839259,6.683905
11.848727,6.680845
11.858827,6.677841
11.868081,6.674829
11.879644,6.671305
11.889668,6.668115
11.899179,6.665195
11.908196,6.662541
11.916688,6.659683
11.926751,6.656764
11.936394,6.653758
11.946131,6.650725
11.957436,6.647267
11.967096,6.644328
11.974941,6.641935
11.980034,6.640366
11.982989,6.639375
11.984886,6.638262
11.986549,6.637780
11.986499,6.637552
11.985780,6.637434
11.986042,6.637735
11.986077,6.637699
11.985868,6.637593
11.985756,6.637574
11.985832,6.637671
11.985906,6.637398
11.985761,6.637280
11.985765,6.637590
11.985781,6.637361
11.985634,6.637335
11.985748,6.637345
11.985789,6.637173
11.985533,6.637275
11.985489,6.637307
11.985658,6.637395
11.985581,6.637201
11.985680,6.637220
11.985592,6.637322
11.985475,6.637099
11.985397,6.637064
11.985539,6.637248
11.985278,6.637076
11.985327,6.636842
11.985202,6.637138
11.985283,6.637125
11.984928,6.637348
11.985127,6.637640
11.985294,6.637630
11.984885,6.637442
11.985039,6.637412
11.985081,6.637618
11.984873,6.637263
11.984989,6.637506
11.985095,6.637524
11.984748,6.637334
11.984857,6.635249
11.985279,6.631834
11.985503,6.626667
11.985785,6.616153
11.985931,6.610748
11.985850,6.597543
11.986101,6.587110
11.986162,6.576188
11.986446,6.566451
11.986770,6.556644
11.986946,6.548677
11.986886,6.538581
11.987222,6.527219
11.987429,6.515156
11.987613,6.505058
11.987735,6.495037
11.987883,6.486765
11.987958,6.476673
11.987997,6.466519
11.988082,6.456645
11.988534,6.446618
11.988878,6.434244
11.989014,6.424055
11.989270,6.414183
11.989418,6.406000
11.989742,6.396193
11.989873,6.385886
11.990056,6.375794
11.990295,6.366006
11.990765,6.354059
11.990885,6.343560
11.991037,6.333369
11.991187,6.325220
11.991578,6.315414
11.991795,6.305178
11.992063,6.295234
11.992467,6.283123
11.992545,6.273449
11.992799,6.262884
11.992903,6.253073
11.992945,6.245123
11.993152,6.234877
11.993315,6.224329
11.993421,6.214476
11.993662,6.202721
11.993714,6.192371
11.993778,6.182310
11.993896,6.172449
11.994196,6.164324
11.994402,6.154052
11.994552,6.143744
11.994867,6.131788
11.995107,6.122158
11.995311,6.111591
11.995456,6.101599
11.995636,6.091886
11.995780,6.083328
11.996065,6.073403
11.996056,6.063395
11.996297,6.053725
11.996377,6.041698
11.996553,6.031317
11.996718,6.023242
11.996796,6.017602
11.997010,6.014355
11.996955,6.012284
11.997267,6.010633
11.997579,6.010857
11.997808,6.011090
11.997637,6.011218
11.997762,6.011248
11.997767,6.011082
11.997890,6.011046
11.998003,6.011129
11.998068,6.011042
11.998134,6.010848
11.998158,6.010908
11.998027,6.011613
11.998299,6.011060
11.998496,6.011064
11.998425,6.011061
11.998444,6.011218
11.998470,6.011391
11.998478,6.011502
11.998560,6.011467
11.998523,6.011673
11.998470,6.011664
11.998471,6.011492
11.998539,6.011667
11.998606,6.011912
11.998399,6.011867
11.998603,6.011923
11.998679,6.011864
11.998524,6.012015
11.998764,6.012019
11.998633,6.012223
11.998675,6.011979
11.998567,6.012299
11.998856,6.012243
11.998725,6.012352
11.999082,6.012178
11.998876,6.012269
11.998663,6.012650
12.000850,6.011679
12.003382,6.010780
12.008681,6.008684
12.016068,6.006187
12.024713,6.003267
12.035225,5.999480
12.046865,5.995804
12.056798,5.992278
12.066276,5.989312
12.075399,5.986090
12.084446,5.983009
12.092304,5.980231
12.101739,5.976918
12.114616,5.972486
12.122736,5.969759
12.132234,5.966536
12.142102,5.963094
12.151926,5.959514
12.160951,5.956451
12.169178,5.953532
12.178272,5.950488
12.189185,5.946854
12.200518,5.942727
12.210213,5.939320
12.219557,5.936172
12.227093,5.933617
12.236698,5.930245
12.246161,5.927083
12.255949,5.923634
12.267394,5.919698
12.276826,5.916294
12.286355,5.913080
12.295683,5.909751
12.303381,5.907225
12.312823,5.903892
12.321815,5.900558
12.331917,5.897196
12.342872,5.893160
12.352492,5.889851
12.362128,5.886481
12.371423,5.883104
12.379406,5.880006
12.389038,5.876784
12.398398,5.873655
12.408345,5.870420
12.420087,5.866361
12.429443,5.863204
12.438961,5.859962
12.448099,5.856689
12.455775,5.853992
12.465362,5.850788
12.474746,5.847350
12.484642,5.843878
12.494261,5.840498
12.505612,5.836576
12.515271,5.833279
12.524836,5.829823
12.532149,5.827236
12.541782,5.823867
12.551349,5.820425
12.560861,5.817129
12.572449,5.813052
12.581888,5.809706
12.591715,5.806319
12.601204,5.802839
12.608726,5.800221
12.618906,5.796621
12.628320,5.793403
12.637790,5.790020
12.647449,5.786731
12.658458,5.782994
12.667984,5.779636
12.677293,5.776403
12.685088,5.773606
12.694821,5.770051
12.704245,5.766757
12.713286,5.763525
12.725196,5.759348
12.734938,5.756023
12.744261,5.752684
12.753845,5.749250
12.761513,5.746664
12.771037,5.743167
12.780291,5.739988
12.789375,5.736713
12.799500,5.733116
12.811176,5.729086
12.819958,5.725920
12.829708,5.722541
12.837756,5.719507
12.847465,5.716076
12.856683,5.712906
12.865888,5.709549
12.877384,5.705487
12.885086,5.702950
12.890423,5.701164
12.894064,5.699899
12.895462,5.699174
12.897159,5.698314
12.897182,5.697979
12.896176,5.698118
12.896502,5.698497
12.896624,5.697962
12.896130,5.698035
12.896571,5.698188
12.896533,5.697762
12.896544,5.697495
12.896530,5.698010
12.896507,5.697510
12.896250,5.697449
12.896253,5.697830
12.896280,5.697490
12.896281,5.697305
12.896206,5.697434
12.896132,5.697448
12.895972,5.697419
12.895859,5.697323
12.896107,5.697414
12.895806,5.696923
12.895823,5.696936
12.896031,5.697165
12.895876,5.696778
12.895750,5.696529
12.895885,5.696720
12.895815,5.696583
12.895563,5.696671
12.895755,5.696464
12.895684,5.696392
12.895563,5.696387
12.895407,5.696627
12.895490,5.696495
12.895264,5.696267
12.895230,5.696272
12.895341,5.696577
12.895016,5.696357
12.895199,5.696472
12.895329,5.696579
12.895202,5.696508
12.894974,5.696315
12.895061,5.696580
12.894881,5.696333
12.894796,5.696301
12.894835,5.696270
12.894922,5.696163
12.894670,5.696375
12.894744,5.696290
12.894842,5.696225
12.894561,5.695951
12.894072,5.694817
12.892941,5.691693
12.891554,5.687709
12.887844,5.677846
12.884107,5.668703
12.880988,5.660702
12.876787,5.650626
12.872751,5.641151
12.868917,5.631840
12.865324,5.622609
12.860927,5.611420
12.857140,5.602141
12.853268,5.592946
12.850112,5.585234
12.846192,5.575927
12.842339,5.566812
12.838279,5.557198
12.834358,5.547824
12.829789,5.536736
12.826027,5.527600
12.822236,5.518209
12.818959,5.510632
12.815426,5.501571
12.811582,5.492658
12.807386,5.482774
12.803613,5.473189
12.800619,5.465960
12.795332,5.453264
12.791630,5.443573
12.788171,5.436000
12.784255,5.427067
12.780519,5.417751
12.775855,5.406595
12.772968,5.398965
12.768341,5.388157
12.764645,5.378752
12.761034,5.369536
12.757590,5.361876
12.753998,5.353026
12.749971,5.343259
12.745363,5.331772
12.742379,5.324689
12.737481,5.313417
12.733607,5.304306
12.729872,5.295095
12.726640,5.287647
12.723087,5.278761
12.719107,5.269559
12.715198,5.259879
12.710533,5.248842
12.706791,5.239645
12.703011,5.230624
12.699090,5.220973
12.695896,5.213141
12.691907,5.203857
12.688313,5.194702
12.684340,5.185730
12.679633,5.174269
12.675738,5.165036
12.672054,5.156261
12.668187,5.146995
12.665030,5.139166
12.660963,5.129694
12.656882,5.120594
12.653155,5.111383
12.649153,5.102130
12.644288,5.090637
12.640568,5.081614
12.636566,5.072184
12.633416,5.064628
12.629893,5.055684
12.625965,5.046566
12.622290,5.037532
12.618258,5.028470
12.613346,5.016447
12.609363,5.007123
12.605837,4.998485
12.602172,4.990121
12.598289,4.980861
12.594381,4.971807
12.590338,4.962401
12.585923,4.951291
12.581849,4.942026
12.577940,4.932825
12.574528,4.924294
12.571278,4.916345
12.567827,4.908165
12.565360,4.902466
12.564062,4.898756
12.562825,4.896214
12.562786,4.895694
12.563210,4.896809
12.563487,4.896956
12.563457,4.896756
12.563488,4.896828
12.563627,4.897069
12.563967,4.896939
12.563591,4.896273
12.563515,4.894326
12.563460,4.889934
12.562808,4.883791
12.562480,4.877651
12.561803,4.868443
12.562015,4.857693
12.561636,4.846654
12.560717,4.834136
12.560601,4.823899
12.560183,4.814189
12.559979,4.804328
12.559510,4.796358
12.559065,4.786188
12.558627,4.776110
12.558309,4.766155
12.557806,4.755857
12.557224,4.743258
12.556882,4.733456
12.556499,4.723316
12.556038,4.714924
12.555413,4.704207
12.555240,4.695564
12.554954,4.685915
12.554301,4.672213
12.553890,4.665656
12.553308,4.653453
12.552904,4.642329
12.552693,4.634372
12.552204,4.624055
12.551473,4.614009
12.551110,4.604017
12.550701,4.594073
12.550173,4.581631
12.549513,4.571458
12.549222,4.561589
12.549017,4.553558
12.548517,4.542865
12.548107,4.532934
12.547417,4.521281
12.546849,4.511241
12.546402,4.500994
12.545870,4.491053
12.545559,4.481066
12.545172,4.473044
12.544771,4.462706
12.544048,4.453037
12.543426,4.442599
12.543078,4.432936
12.542756,4.422765
12.542616,4.417000
12.542342,4.413609
12.542357,4.412019
12.542666,4.410341
12.542495,4.409810
12.542941,4.410598
12.543055,4.410488
12.542903,4.410157
12.543183,4.410540
12.542994,4.410244
12.542951,4.410022
12.543281,4.410467
12.543062,4.410513
12.543174,4.410536
12.543285,4.410655
12.543034,4.410748
12.543165,4.411034
12.543250,4.410990
12.543173,4.410994
12.543159,4.410998
12.543317,4.411139
12.543307,4.411445
12.543199,4.411405
12.543270,4.411633
12.543416,4.411556
12.543258,4.411660
12.543352,4.411624
12.543409,4.411719
12.543517,4.411800
12.544706,4.410296
12.547219,4.408031
12.552662,4.402846
12.558472,4.397681
12.566551,4.390877
12.573276,4.384561
12.581172,4.377716
12.588937,4.370642
12.596100,4.364377
12.603362,4.357780
12.612559,4.349535
12.619433,4.343286
12.627173,4.336260
12.633319,4.330879
12.641042,4.323915
12.648623,4.317098
12.655600,4.310558
12.662883,4.304146
12.671227,4.296632
12.675398,4.293014
12.677838,4.290866
12.678964,4.289522
12.680421,4.287685
12.680906,4.287405
12.679887,4.287954
12.679674,4.288249
12.679521,4.288270
12.679654,4.288045
12.679820,4.287589
12.679825,4.287398
12.679908,4.287697
12.679696,4.287773
12.679685,4.287705
12.680346,4.286718
12.682252,4.281811
12.685006,4.276282
12.687708,4.269997
12.690957,4.262321
12.695064,4.252530
12.699261,4.242293
12.703316,4.232625
12.706754,4.224027
12.711702,4.212187
12.715515,4.203082
12.718879,4.194789
12.722304,4.186311
12.726221,4.177031
12.730014,4.167575
12.733936,4.158314
12.737850,4.148863
12.742515,4.137922
12.746433,4.128611
12.750259,4.119305
12.753430,4.111821
12.757298,4.102236
12.761247,4.093007
12.765237,4.083633
12.768696,4.075793
12.771405,4.068871
12.772639,4.065799
12.773745,4.064015
12.774747,4.062392
12.774537,4.062294
12.774662,4.063247
12.774761,4.063339
12.774752,4.062840
12.774762,4.063219
12.774653,4.063175
12.774725,4.063156
12.774784,4.062902
12.774657,4.062762
12.774676,4.063231
12.774487,4.063211
12.774490,4.063384
12.774523,4.063313
12.774570,4.063591
12.774465,4.063648
12.774631,4.063661
12.774914,4.063614
12.776018,4.062860
12.779444,4.060929
12.784225,4.057642
12.792551,4.053048
12.800670,4.048018
12.810406,4.042037
12.818514,4.037880
12.827413,4.032489
12.835486,4.027835
12.843605,4.022852
12.854417,4.016452
12.859744,4.013473
12.872028,4.006188
12.880846,4.001007
12.887590,3.997100
12.896431,3.991755
12.905065,3.986713
12.914064,3.981529
12.924094,3.975462
12.933127,3.970264
12.941901,3.965208
12.950539,3.960124
12.957523,3.956214
12.966186,3.951096
12.974909,3.945741
12.983719,3.940687
12.992382,3.935658
13.002895,3.929567
13.011786,3.924435
13.020451,3.919445
13.027336,3.915500
13.036154,3.910337
13.044747,3.905343
13.053298,3.900210
13.063825,3.894014
13.072479,3.889083
13.080903,3.883830
13.089843,3.878576
13.096741,3.874523
13.105716,3.869228
13.114285,3.864115
13.124796,3.857956
13.131618,3.853842
13.142135,3.847661
13.150957,3.842304
13.159552,3.837069
13.166243,3.833159
13.175014,3.828197
13.183667,3.823107
13.192130,3.818070
13.200743,3.812738
13.208017,3.808589
13.219725,3.801481
13.228428,3.796552
13.235726,3.792157
13.244606,3.787098
13.253094,3.782054
13.261499,3.777096
13.270186,3.771841
13.281036,3.765498
13.289380,3.760657
13.297774,3.755422
13.305191,3.751026
13.313846,3.745815
13.322928,3.740522
13.331363,3.735339
13.340253,3.729969
13.345089,3.727202
13.347995,3.725511
13.349539,3.724644
13.350044,3.724674
13.349934,3.724908
13.349396,3.725143
13.349358,3.725049
13.349588,3.725333
13.349916,3.725119
13.349907,3.725193
13.351609,3.724758
13.354648,3.724102
13.360439,3.722781
13.367797,3.721072
13.377066,3.719277
13.389524,3.716620
13.400056,3.714423
13.410111,3.712473
13.419325,3.710657
13.427812,3.708768
13.437573,3.706752
13.447487,3.704740
13.457320,3.702660
13.469376,3.700210
13.479235,3.697990
13.489330,3.696069
13.498088,3.694370
13.507121,3.692351
13.516797,3.690435
13.527040,3.688124
13.537057,3.686106
13.546747,3.683974
13.558425,3.681520
13.568580,3.679330
13.578267,3.677242
13.586553,3.675399
13.596459,3.673344
13.606306,3.671009
13.615842,3.669156
13.627499,3.666650
13.637677,3.664597
13.647674,3.662555
13.657470,3.660552
13.665480,3.658764
13.674968,3.656978
13.685021,3.654711
13.694967,3.652445
13.704271,3.650512
13.716840,3.647898
13.726667,3.645970
13.736507,3.643616
13.744337,3.642120
13.754123,3.639986
13.764031,3.637879
13.773990,3.635581
13.785782,3.633193
13.791963,3.631822
13.805143,3.628961
13.816003,3.626571
13.823595,3.625038
13.833459,3.623080
13.843345,3.620965
13.853260,3.618787
13.863091,3.616888
13.871140,3.615048
13.884448,3.612158
13.894765,3.609903
13.902133,3.608227
13.910519,3.606679
13.916700,3.605161
13.920134,3.604497
13.922156,3.604258
13.923905,3.604392
13.923619,3.604165
13.923172,3.605101
13.923266,3.604852
13.923865,3.604498
13.923836,3.605039
13.923699,3.604588
13.923447,3.604773
13.923631,3.605073
13.923296,3.604938
13.923130,3.604990
13.923374,3.605033
13.923717,3.604945
13.924763,3.605430
13.928284,3.606533
13.933458,3.607716
13.939138,3.609286
13.951668,3.613559
13.962010,3.616626
13.970061,3.619252
13.980088,3.622474
13.990110,3.625447
13.999260,3.628341
14.008752,3.631322
14.020794,3.634816
14.030532,3.637864
14.040112,3.640728
14.047548,3.642916
14.057175,3.645970
14.066578,3.648813
14.076658,3.651969
14.086373,3.654793
14.093731,3.657169
14.107253,3.661338
14.116819,3.664102
14.124846,3.666597
14.134341,3.669467
14.144079,3.672536
14.153477,3.675282
14.163127,3.678372
14.174757,3.681958
14.184125,3.684781
14.194076,3.687978
14.202033,3.690472
14.211252,3.693307
14.219688,3.696192
14.225533,3.697828
14.229180,3.698954
14.231691,3.699485
14.232944,3.699426
14.232471,3.698968
14.232306,3.698967
14.232219,3.699071
14.232303,3.698676
14.232343,3.698978
14.232104,3.698836
14.232262,3.698630
14.232279,3.698788
14.232548,3.698760
14.232569,3.698747
14.232041,3.698480
14.232044,3.698679
14.233654,3.698550
14.237307,3.697698
14.244905,3.696595
14.252398,3.694944
14.261304,3.693203
14.270555,3.690976
14.280986,3.689005
14.291182,3.686866
14.301253,3.684782
14.313023,3.682435
14.322624,3.680551
14.332396,3.678231
14.341583,3.676450
14.350060,3.674686
14.360018,3.672307
14.369692,3.670236
14.379732,3.668252
14.391361,3.665464
14.401617,3.663461
14.411272,3.661431
14.421392,3.659391
14.429368,3.657802
14.439531,3.655568
14.449607,3.653468
14.459154,3.651574
14.468585,3.649442
14.480889,3.646888
14.490671,3.644789
14.500160,3.642738
14.508164,3.641306
14.518279,3.639195
14.528080,3.637045
14.537923,3.635035
14.551196,3.632119
14.558965,3.630451
14.569138,3.628354
14.578596,3.626339
14.588487,3.624084
14.598053,3.622074
14.606100,3.620686
14.616276,3.618463
14.629672,3.615586
14.637888,3.613840
14.647964,3.611567
14.659132,3.609372
14.666869,3.607599
14.676801,3.605624
14.686829,3.603512
14.696763,3.601173
14.708482,3.598791
14.713963,3.597729
14.727576,3.594693
14.737484,3.592491
14.745588,3.590822
14.755248,3.588846
14.764857,3.586484
14.775232,3.584546
14.784735,3.582530
14.793533,3.580808
14.807440,3.577945
14.816802,3.575942
14.824659,3.574241
14.834457,3.572108
14.844586,3.569864
14.854784,3.567637
14.864574,3.565792
14.872281,3.563974
14.885821,3.561158
14.895875,3.558715
14.904086,3.557081
14.913662,3.554803
14.923716,3.552669
14.933695,3.550553
14.943083,3.548537
14.950847,3.546891
14.965477,3.543864
14.974943,3.541865
14.982721,3.540134
14.992573,3.538075
15.002262,3.536024
15.012584,3.533897
15.022631,3.531687
15.031730,3.529872
15.035391,3.529114
15.036905,3.528787
15.036715,3.528893
15.036261,3.528935
15.036190,3.529017
15.036336,3.529004
15.036488,3.528912
15.036441,3.528930
15.036460,3.528927
15.036460,3.528927
15.036478,3.528895
15.036464,3.528921
15.036472,3.528905
15.036469,3.528909
15.036463,3.528922
15.036476,3.528897
15.036465,3.528919
15.036479,3.528892
15.036481,3.528888
15.036467,3.528914
15.036470,3.528907
15.036472,3.528904
15.036471,3.528906
15.036484,3.528884
15.036468,3.528914
15.036485,3.528884
15.036485,3.528884
15.036470,3.528910
15.036476,3.528900
15.036475,3.528902
15.036479,3.528895
15.036488,3.528880
15.036467,3.528916
15.036467,3.528916
15.036467,3.528916
15.036467,3.528916
15.036467,3.528916
15.036467,3.528916
15.036467,3.528916
15.036467,3.528916
15.036467,3.528916
15.036467,3.528916
15.036467,3.528916
15.036467,3.528916
15.036467,3.528916
15.036467,3.528916
15.036467,3.528916
15.036467,3.528916
15.036467,3.528916
15.036467,3.528916
15.036467,3.528916
15.036467,3.528916
15.036467,3.528916
15.036467,3.528916
15.036467,3.528916
15.036467,3.528916
15.036467,3.528916
15.036467,3.528916
15.036467,3.528916
15.036467,3.528916
15.036467,3.528916
15.036467,3.528916
15.036467,3.528916
15.036467,3.528916
15.036467,3.528916
15.036467,3.528916
15.036467,3.528916
15.036467,3.528916
15.036467,3.528916
15.036467,3.528916
15.036467,3.528916
15.036467,3.528916
15.036467,3.528916
15.036467,3.528916
15.036467,3.528916
15.036467,3.528916
15.036467,3.528916
15.036467,3.528916
15.036467,3.528916
15.036467,3.528916
15.036467,3.528916
15.036467,3.528916
15.036467,3.528916
15.036467,3.528916
15.036467,3.528916
15.036467,3.528916
15.036467,3.528916
15.036467,3.528916
15.036467,3.528916
15.036467,3.528916
15.036467,3.528916
15.036467,3.528916
15.036467,3.528916
15.036467,3.528916
15.036467,3.528916
15.036467,3.528916
15.036467,3.528916
15.036467,3.528916
15.036467,3.528916
15.036474,3.528905
15.036474,3.528905
15.036474,3.528905
15.036447,3.528920
15.035740,3.529145
15.034769,3.529662
15.030263,3.530022
15.023024,3.531706
15.015118,3.533201
15.015118,3.533201
15.015118,3.533201
15.015118,3.533201
15.015118,3.533201
15.015118,3.533201
15.015118,3.533201
15.015118,3.533201
15.015118,3.533201
15.015118,3.533201
15.015118,3.533201
15.015118,3.533201
15.015118,3.533201
15.015118,3.533201
15.015118,3.533201
15.015118,3.533201
15.015118,3.533201
15.015118,3.533201
15.015118,3.533201
15.015118,3.533201
15.015118,3.533201
15.015118,3.533201
15.015118,3.533201
15.015118,3.533201
15.015118,3.533201
15.015118,3.533201
15.015118,3.533201
15.015118,3.533201
15.015118,3.533201
15.015118,3.533201
15.015118,3.533201
15.015118,3.533201
15.015118,3.533201
15.015118,3.533201
15.015118,3.533201
15.015118,3.533201
15.015118,3.533201
15.015118,3.533201
15.015118,3.533201
15.015118,3.533201
15.015118,3.533201
15.015118,3.533201
15.015118,3.533201
15.015118,3.533201
15.015118,3.533201
15.015118,3.533201
15.015118,3.533201
15.015118,3.533201
15.015118,3.533201
15.015118,3.533201
15.015118,3.533201
15.015118,3.533201
15.015118,3.533201
15.015118,3.533201
15.015118,3.533201
15.015118,3.533201
15.015118,3.533201
15.015118,3.533201
15.015118,3.533201
15.015118,3.533201
15.015118,3.533201
15.015118,3.533201
15.015118,3.533201
15.015118,3.533201
15.015118,3.533201
15.015118,3.533201
15.015118,3.533201
15.015118,3.533201
15.015118,3.533201
15.015118,3.533201
15.015118,3.533201
15.015118,3.533201
15.015118,3.533201
15.015118,3.533201
15.015118,3.533201
15.015118,3.533201
15.015118,3.533201
15.015118,3.533201
15.015118,3.533201
15.015118,3.533201
15.015118,3.533201
15.015118,3.533201
15.015118,3.533201
15.015118,3.533201
15.015118,3.533201
15.015118,3.533201
15.015118,3.533201
15.015118,3.533201
15.015118,3.533201
15.015118,3.533201
15.015118,3.533201
15.015118,3.533201
15.015118,3.533201
15.015118,3.533201
15.015118,3.533201
15.015118,3.533201
15.015118,3.533201
15.015118,3.533201
15.015118,3.533201
15.015118,3.533201
15.015118,3.533201
15.015118,3.533201
15.015118,3.533201
15.015118,3.533201
15.015118,3.533201
15.015118,3.533201
15.015118,3.533201
15.015118,3.533201
15.015118,3.533201
15.015118,3.533201
15.015118,3.533201
15.015118,3.533201
15.015118,3.533201
15.015118,3.533201
15.015118,3.533201
15.015118,3.533201
15.015118,3.533201
15.015118,3.533201
15.015118,3.533201
15.015118,3.533201
15.015118,3.533201
15.015118,3.533201
15.015118,3.533201
15.015118,3.533201
15.015118,3.533201
15.015118,3.533201
15.015118,3.533201
15.015118,3.533201
15.015118,3.533201
15.015118,3.533201
15.015118,3.533201
15.015118,3.533201
15.015118,3.533201
15.015118,3.533201
15.015118,3.533201
15.015118,3.533201
15.015118,3.533201
15.015118,3.533201
15.015118,3.533201
15.015118,3.533201
15.015118,3.533201
15.015118,3.533201
15.015118,3.533201
15.015118,3.533201
15.015118,3.533201
15.015118,3.533201
15.015118,3.533201
15.015118,3.533201
15.015118,3.533201
15.015118,3.533201
15.015118,3.533201
15.015118,3.533201
15.015118,3.533201
15.015118,3.533201
15.015118,3.533201
15.015118,3.533201
15.015118,3.533201
15.015118,3.533201
15.015118,3.533201
15.015118,3.533201
15.015118,3.533201
15.015118,3.533201
15.015118,3.533201
15.015118,3.533201
15.015118,3.533201
15.015118,3.533201
15.015118,3.533201
15.015118,3.533201
15.015118,3.533201
15.015118,3.533201
15.015118,3.533201
15.015118,3.533201
15.015118,3.533201
15.015118,3.533201
15.015118,3.533201
15.015118,3.533201
15.015118,3.533201
15.015118,3.533201
15.015118,3.533201
15.015118,3.533201
15.015118,3.533201
15.015118,3.533201
15.015118,3.533201
15.015118,3.533201
15.015118,3.533201
15.015118,3.533201
15.015118,3.533201
15.015118,3.533201
15.015118,3.533201
15.015118,3.533201
15.015118,3.533201
15.015118,3.533201
15.015118,3.533201
15.015118,3.533201
15.015118,3.533201
15.015118,3.533201
15.015118,3.533201
15.015118,3.533201
15.015118,3.533201
15.015118,3.533201
15.015118,3.533201
15.015118,3.533201
15.015118,3.533201
15.015118,3.533201
15.015118,3.533201
15.015118,3.533201
15.015118,3.533201
15.015118,3.533201
15.015118,3.533201
15.015118,3.533201
15.015118,3.533201
15.015118,3.533201
15.015118,3.533201
15.015118,3.533201
15.015118,3.533201
15.015118,3.533201
15.015118,3.533201
15.015118,3.533201
15.015118,3.533201
15.015118,3.533201
15.015118,3.533201
15.015118,3.533201
15.015118,3.533201
15.015118,3.533201
15.015118,3.533201
15.015118,3.533201
15.015118,3.533201
15.015118,3.533201
15.015118,3.533201
15.015118,3.533201
15.015118,3.533201
15.015118,3.533201
15.015118,3.533201
15.015118,3.533201
15.015118,3.533201
15.015118,3.533201
15.015118,3.533201
15.015118,3.533201
15.015118,3.533201
15.015118,3.533201
15.015118,3.533201
15.015118,3.533201
15.015118,3.533201
15.015118,3.533201
15.015118,3.533201
15.015118,3.533201
15.015118,3.533201
15.015118,3.533201
15.015118,3.533201
15.015118,3.533201
15.015118,3.533201
15.015118,3.533201
15.015118,3.533201
15.015118,3.533201
15.015118,3.533201
15.015118,3.533201
15.015118,3.533201
15.015118,3.533201
15.015118,3.533201
15.015118,3.533201
15.015118,3.533201
15.015118,3.533201
15.015118,3.533201
15.015118,3.533201
15.015118,3.533201
15.015118,3.533201
15.015118,3.533201
15.015118,3.533201
15.015118,3.533201
15.015118,3.533201
15.015118,3.533201
15.015118,3.533201
15.015118,3.533201
15.015118,3.533201
15.015118,3.533201
15.015118,3.533201
15.015118,3.533201
15.015118,3.533201
15.015118,3.533201
15.015118,3.533201
15.015118,3.533201
15.015118,3.533201
15.015118,3.533201
15.015118,3.533201
15.015118,3.533201
15.015118,3.533201
15.015118,3.533201
15.015118,3.533201
15.015118,3.533201
15.015118,3.533201
15.015118,3.533201
15.015118,3.533201
15.015118,3.533201
15.015118,3.533201
15.015118,3.533201
15.015118,3.533201
15.015118,3.533201
15.015118,3.533201
15.015118,3.533201
15.015118,3.533201
15.015118,3.533201
15.015118,3.533201
15.015118,3.533201
15.015118,3.533201
15.015118,3.533201
15.015118,3.533201
15.015118,3.533201
15.015118,3.533201
15.015118,3.533201
15.015118,3.533201
15.015118,3.533201
15.015118,3.533201
15.015118,3.533201
15.015118,3.533201
15.015118,3.533201
15.015118,3.533201
15.015118,3.533201
15.015118,3.533201
15.015118,3.533201
15.015118,3.533201
15.015118,3.533201
15.015118,3.533201
15.015118,3.533201
15.015118,3.533201
15.015118,3.533201
15.015118,3.533201
15.015118,3.533201
15.015118,3.533201
15.015118,3.533201
15.015118,3.533201
15.015118,3.533201
15.015118,3.533201
15.015118,3.533201
15.015118,3.533201
15.015118,3.533201
15.015118,3.533201
15.015118,3.533201
15.015118,3.533201
15.015118,3.533201
15.015118,3.533201
15.015118,3.533201
15.015118,3.533201
15.015118,3.533201
15.015118,3.533201
15.015118,3.533201
15.015118,3.533201
15.015118,3.533201
15.015118,3.533201
15.015118,3.533201
15.015118,3.533201
15.015118,3.533201
15.015118,3.533201
15.015118,3.533201
15.015118,3.533201
15.015118,3.533201
15.015118,3.533201
15.015118,3.533201
15.015118,3.533201
15.015118,3.533201
15.015118,3.533201
15.015118,3.533201
15.015118,3.533201
15.015118,3.533201
15.015118,3.533201
15.015118,3.533201
15.015118,3.533201
15.015118,3.533201
15.015118,3.533201
15.015118,3.533201
15.015118,3.533201
15.015118,3.533201
15.015118,3.533201
15.015118,3.533201
15.015118,3.533201
15.015118,3.533201
15.015118,3.533201
15.015118,3.533201
15.015118,3.533201
15.015118,3.533201
15.015118,3.533201
15.015118,3.533201
15.015118,3.533201
15.015118,3.533201
15.015118,3.533201
15.015118,3.533201
15.015118,3.533201
15.015118,3.533201
15.015118,3.533201
15.015118,3.533201
15.015118,3.533201
15.015118,3.533201
15.015118,3.533201
15.015118,3.533201
15.015118,3.533201
15.015118,3.533201
15.015118,3.533201
15.015118,3.533201
15.015118,3.533201
15.015118,3.533201
15.015118,3.533201
15.015118,3.533201
15.015118,3.533201
15.015118,3.533201
15.015118,3.533201
15.015118,3.533201
15.015118,3.533201
15.015118,3.533201
15.015118,3.533201
15.015118,3.533201
15.015118,3.533201
15.015118,3.533201
15.015118,3.533201
15.015118,3.533201
15.015118,3.533201
15.015118,3.533201
15.015118,3.533201
15.015118,3.533201
15.015118,3.533201
15.015118,3.533201
15.015118,3.533201
15.015118,3.533201
15.015118,3.533201
15.015118,3.533201
15.015118,3.533201
15.015118,3.533201
15.015118,3.533201
15.015118,3.533201
15.015118,3.533201
15.015118,3.533201
15.015118,3.533201
15.015118,3.533201
15.015118,3.533201
15.015118,3.533201
15.015118,3.533201
15.015118,3.533201
15.015118,3.533201
15.015118,3.533201
15.015118,3.533201
15.015118,3.533201
15.015118,3.533201
15.015118,3.533201
15.015118,3.533201
15.015118,3.533201
15.015118,3.533201
15.015118,3.533201
15.015118,3.533201
15.015118,3.533201
15.015118,3.533201
15.015118,3.533201
15.015118,3.533201
15.015118,3.533201
15.015118,3.533201
15.015118,3.533201
15.015118,3.533201
15.015118,3.533201
15.015118,3.533201
15.015118,3.533201
15.015118,3.533201
15.015118,3.533201
15.015118,3.533201
15.015118,3.533201
15.015118,3.533201
15.015118,3.533201
15.015118,3.533201
15.015118,3.533201
15.015118,3.533201
15.015118,3.533201
15.015118,3.533201
15.015118,3.533201
15.015118,3.533201
15.015118,3.533201
15.015118,3.533201
15.015118,3.533201
15.015118,3.533201
15.015118,3.533201
15.015118,3.533201
15.015118,3.533201
15.015118,3.533201
15.015118,3.533201
15.015118,3.533201
15.015118,3.533201
15.015118,3.533201
15.015118,3.533201
15.015118,3.533201
15.015118,3.533201
15.015118,3.533201
15.015118,3.533201
15.015118,3.533201
15.015118,3.533201
15.015118,3.533201
15.015118,3.533201
15.015118,3.533201
15.015118,3.533201
15.015118,3.533201
15.015118,3.533201
15.015118,3.533201
15.015118,3.533201
15.015118,3.533201
15.015118,3.533201
15.015118,3.533201
15.015118,3.533201
15.015118,3.533201
15.015118,3.533201
15.015118,3.533201
15.015118,3.533201
15.015118,3.533201
15.015118,3.533201
15.015118,3.533201
15.015118,3.533201
15.015118,3.533201
15.015118,3.533201
15.015118,3.533201
15.015118,3.533201
15.015118,3.533201
15.015118,3.533201
15.015118,3.533201
15.015118,3.533201
15.015118,3.533201
15.015118,3.533201
15.015118,3.533201
15.015118,3.533201
15.015118,3.533201
15.015118,3.533201
15.015118,3.533201
15.015118,3.533201
15.015118,3.533201
15.015118,3.533201
15.015118,3.533201
15.015118,3.533201
15.015118,3.533201
15.015118,3.533201
15.015118,3.533201
15.015118,3.533201
15.015118,3.533201
15.015118,3.533201
15.015118,3.533201
15.015118,3.533201
15.015118,3.533201
15.015118,3.533201
15.015118,3.533201
15.015118,3.533201
15.015118,3.533201
15.015118,3.533201
15.015118,3.533201
15.015118,3.533201
15.015118,3.533201
15.015118,3.533201
15.015118,3.533201
15.015118,3.533201
15.015118,3.533201
15.015118,3.533201
15.015118,3.533201
15.015118,3.533201
15.015118,3.533201
15.015118,3.533201
15.015118,3.533201
15.015118,3.533201
15.015118,3.533201
15.015118,3.533201
15.015118,3.533201
15.015118,3.533201
15.015118,3.533201
15.015118,3.533201
15.015118,3.533201
15.015118,3.533201
15.015118,3.533201
15.015118,3.533201
15.015118,3.533201
15.015118,3.533201
15.015118,3.533201
15.015118,3.533201
15.015118,3.533201
15.015118,3.533201
15.015118,3.533201
15.015118,3.533201
15.015118,3.533201
15.015118,3.533201
15.015118,3.533201
15.015118,3.533201
15.015118,3.533201
15.015118,3.533201
15.015118,3.533201
15.015118,3.533201
15.015118,3.533201
15.015118,3.533201
15.015118,3.533201
15.015118,3.533201
15.015118,3.533201
15.015118,3.533201
15.015118,3.533201
15.015118,3.533201
15.015118,3.533201
15.015118,3.533201
15.015118,3.533201
15.015118,3.533201
15.015118,3.533201
15.015118,3.533201
15.015118,3.533201
15.015118,3.533201
15.015118,3.533201
15.015118,3.533201
15.015118,3.533201
15.015118,3.533201
15.015118,3.533201
15.015118,3.533201
15.015118,3.533201
15.015118,3.533201
15.015118,3.533201
15.015118,3.533201
